prediction_date,planned_target_date,settled_date,status,result,rank,stock_id,name,market,industry_category,signal,long_score,prediction_close,prediction_ret_1d,prediction_turnover,reasons,target_open,target_high,target_low,target_close,open_return,high_return,low_return,close_return,settled_at
2026-06-30,2026-07-01,2026-07-01,settled,loss,1,2458,義隆,twse,半導體業,偏多,84.838069813739,189.0,0.05,2560541830.0,量破5日高、接近20日突破、MACD動能擴大、RSI健康、產業相對強,190.0,196.0,181.0,181.5,0.0052910052910053,0.0370370370370369,-0.0423280423280423,-0.0396825396825396,2026-07-09T16:16:36+00:00
2026-06-30,2026-07-01,2026-07-01,settled,win,2,2467,志聖,twse,電子零組件業,偏多,79.93012898845893,620.0,0.0896309314586993,1523714456.0,量破5日高、收在高檔、MACD動能擴大、RSI健康、產業相對強,635.0,666.0,625.0,646.0,0.0241935483870967,0.0741935483870968,0.0080645161290322,0.0419354838709677,2026-07-09T16:16:36+00:00
2026-06-30,2026-07-01,2026-07-01,settled,loss,3,8936,國統,tpex,其他,偏多,79.85816739961987,65.0,0.0851419031719533,1198083259.0,量破5日高、接近20日突破、收在高檔、MACD動能擴大、RSI健康,63.0,64.0,58.7,59.9,-0.0307692307692307,-0.0153846153846153,-0.0969230769230768,-0.0784615384615384,2026-07-09T16:16:36+00:00
2026-06-30,2026-07-01,2026-07-01,settled,loss,4,2472,立隆電,twse,電子工業,偏多,79.10003847024214,453.5,0.0993939393939393,12408739416.0,量破5日高、接近20日突破、收在高檔、MACD動能擴大、RSI健康、近漲停過熱扣分,461.5,488.0,418.0,425.0,0.0176405733186328,0.0760749724366041,-0.0782800441014333,-0.0628445424476296,2026-07-09T16:16:36+00:00
2026-06-30,2026-07-01,2026-07-01,settled,win,5,6409,旭隼,twse,其他電子業,偏多,75.70069046763308,1085.0,0.0637254901960784,2581688950.0,量破5日高、MACD動能擴大、RSI健康、產業相對強、收低於VWAP扣分,1090.0,1185.0,1090.0,1130.0,0.0046082949308756,0.0921658986175115,0.0046082949308756,0.0414746543778801,2026-07-09T16:16:36+00:00
2026-06-30,2026-07-01,2026-07-01,settled,loss,6,2377,微星,twse,電腦及週邊設備業,偏多,74.1878062790533,146.0,0.0503597122302157,5740152781.0,量破5日高、收在高檔、RSI健康、產業相對強,147.0,147.0,139.5,145.5,0.0068493150684931,0.0068493150684931,-0.0445205479452054,-0.0034246575342465,2026-07-09T16:16:36+00:00
2026-06-30,2026-07-01,2026-07-01,settled,loss,7,2801,彰銀,twse,金融保險,偏多,73.53189269664784,24.0,0.019108280254777,1693392878.0,量破5日高、接近20日突破、收在高檔、MACD動能擴大,24.0,24.2,23.2,23.85,0.0,0.0083333333333333,-0.0333333333333333,-0.0062499999999999,2026-07-09T16:16:36+00:00
2026-06-30,2026-07-01,2026-07-01,settled,loss,8,1815,富喬,tpex,電子零組件業,偏多,73.00310930074679,111.0,0.0990099009900991,7424813049.0,量破5日高、收在高檔、MACD動能擴大、RSI健康、產業相對強、近漲停過熱扣分,115.5,118.5,103.5,104.0,0.0405405405405405,0.0675675675675675,-0.0675675675675675,-0.063063063063063,2026-07-09T16:16:36+00:00
2026-06-30,2026-07-01,2026-07-01,settled,loss,9,2428,興勤,twse,電子零組件業,偏多,72.91377974302294,315.0,0.0570469798657717,828818492.0,量破5日高、收在高檔、RSI健康、產業相對強,319.0,334.0,303.0,304.0,0.0126984126984126,0.0603174603174603,-0.038095238095238,-0.0349206349206349,2026-07-09T16:16:36+00:00
2026-06-30,2026-07-01,2026-07-01,settled,win,10,5371,中光電,tpex,光電業,偏多,72.01680039018775,86.9,0.1,3599907592.0,量破5日高、接近20日突破、收在高檔、MACD動能擴大、產業相對強、近漲停過熱扣分,89.3,93.9,87.3,88.0,0.0276179516685843,0.0805523590333716,0.0046029919447641,0.0126582278481011,2026-07-09T16:16:36+00:00
2026-06-30,2026-07-01,2026-07-01,settled,loss,11,3227,原相,tpex,半導體業,觀察偏多,71.78155897912785,238.0,0.0192719486081369,2184307806.0,量破5日高、接近20日突破、MACD動能擴大、RSI健康、產業相對強,244.0,250.0,230.0,230.5,0.0252100840336133,0.0504201680672269,-0.0336134453781512,-0.0315126050420168,2026-07-09T16:16:36+00:00
2026-06-30,2026-07-01,2026-07-01,settled,win,12,1314,中石化,twse,塑膠工業,觀察偏多,70.4537176150265,8.36,0.030826140567201,409250244.0,量破5日高、收在高檔、MACD動能擴大、RSI健康,8.57,9.0,8.32,8.38,0.0251196172248804,0.0765550239234451,-0.0047846889952152,0.0023923444976077,2026-07-09T16:16:36+00:00
2026-06-30,2026-07-01,2026-07-01,settled,loss,13,2634,漢翔,twse,航運業,觀察偏多,70.40991420093253,56.6,0.0884615384615385,3646147334.0,量破5日高、收在高檔、MACD動能擴大,57.8,59.4,55.7,56.2,0.0212014134275617,0.0494699646643108,-0.0159010600706713,-0.0070671378091872,2026-07-09T16:16:36+00:00
2026-06-30,2026-07-01,2026-07-01,settled,win,14,2645,長榮航太,twse,航運業,觀察偏多,69.46254795682148,185.5,0.0784883720930231,1117674898.0,量破5日高、收在高檔、MACD動能擴大、RSI健康,188.0,204.0,187.0,204.0,0.0134770889487869,0.0997304582210243,0.0080862533692722,0.0997304582210243,2026-07-09T16:16:36+00:00
2026-06-30,2026-07-01,2026-07-01,settled,loss,15,2409,友達,twse,電子工業,觀察偏多,69.37050154238278,32.7,0.0686274509803921,28865759162.0,收在高檔、MACD動能擴大,33.6,34.45,30.5,30.65,0.0275229357798165,0.0535168195718653,-0.0672782874617737,-0.062691131498471,2026-07-09T16:16:36+00:00
2026-06-30,2026-07-01,2026-07-01,settled,loss,16,8039,台虹,twse,電子工業,觀察偏多,69.29403032360263,149.0,0.0836363636363637,1295258627.0,量破5日高、收在高檔、RSI健康,149.0,157.5,144.5,145.5,0.0,0.0570469798657717,-0.0302013422818792,-0.023489932885906,2026-07-09T16:16:36+00:00
2026-06-30,2026-07-01,2026-07-01,settled,loss,17,2406,國碩,twse,電子工業,觀察偏多,69.17631013492088,41.8,0.0999999999999998,2615395746.0,量破5日高、收在高檔、MACD動能擴大、RSI健康、近漲停過熱扣分,45.0,45.95,39.8,40.2,0.0765550239234451,0.0992822966507178,-0.0478468899521531,-0.0382775119617223,2026-07-09T16:16:36+00:00
2026-06-30,2026-07-01,2026-07-01,settled,loss,18,5871,中租-KY,twse,其他,觀察偏多,67.94527719727088,117.5,0.0217391304347827,1547374474.0,量破5日高、收在高檔、RSI健康,116.5,116.5,114.0,114.5,-0.0085106382978723,-0.0085106382978723,-0.0297872340425532,-0.025531914893617,2026-07-09T16:16:36+00:00
2026-06-30,2026-07-01,2026-07-01,settled,win,19,6831,邁科,twse,電腦及週邊設備業,觀察偏多,67.57636044943744,873.0,0.0994962216624684,1869785851.0,收在高檔、MACD動能擴大、RSI健康、產業相對強、近漲停過熱扣分,948.0,955.0,877.0,903.0,0.0859106529209621,0.0939289805269187,0.0045819014891179,0.0343642611683849,2026-07-09T16:16:36+00:00
2026-06-30,2026-07-01,2026-07-01,settled,loss,20,3044,健鼎,twse,電子零組件業,觀察偏多,66.93781987870646,518.0,0.0370370370370369,2337864140.0,量破5日高、RSI健康、產業相對強,534.0,535.0,506.0,506.0,0.0308880308880308,0.0328185328185328,-0.0231660231660231,-0.0231660231660231,2026-07-09T16:16:36+00:00
2026-06-30,2026-07-01,2026-07-01,settled,win,21,5483,中美晶,tpex,半導體業,觀察偏多,65.38241245637445,180.0,0.0975609756097561,4526701956.0,量破5日高、收在高檔、RSI健康、產業相對強、近漲停過熱扣分,189.5,198.0,189.0,198.0,0.0527777777777778,0.1,0.05,0.1,2026-07-09T16:16:36+00:00
2026-06-30,2026-07-01,2026-07-01,settled,win,22,3293,鈊象,tpex,文化創意業,觀察偏多,64.66717313499392,789.0,0.0260078023407022,2229686102.0,量破5日高、收在高檔、RSI健康,790.0,819.0,781.0,819.0,0.0012674271229404,0.038022813688213,-0.0101394169835234,0.038022813688213,2026-07-09T16:16:36+00:00
2026-06-30,2026-07-01,2026-07-01,settled,loss,23,3715,定穎投控,twse,電子零組件業,觀察偏多,64.3946571622539,176.0,0.0602409638554217,1007393811.0,收在高檔、MACD動能擴大、RSI健康、產業相對強,177.5,186.5,172.0,172.0,0.0085227272727272,0.0596590909090908,-0.0227272727272727,-0.0227272727272727,2026-07-09T16:16:36+00:00
2026-06-30,2026-07-01,2026-07-01,settled,win,24,8033,雷虎,twse,其他,觀察偏多,64.2248440794264,169.5,0.0970873786407766,6098791031.0,量破5日高、收在高檔、MACD動能擴大、近漲停過熱扣分,177.0,186.0,175.5,186.0,0.0442477876106195,0.0973451327433627,0.0353982300884956,0.0973451327433627,2026-07-09T16:16:36+00:00
2026-06-30,2026-07-01,2026-07-01,settled,loss,25,3189,景碩,twse,電子工業,觀察偏多,63.27722787961076,891.0,0.1,27362612179.0,接近20日突破、收在高檔、MACD動能擴大、RSI健康、近漲停過熱扣分,900.0,939.0,872.0,888.0,0.0101010101010101,0.0538720538720538,-0.021324354657688,-0.0033670033670033,2026-07-09T16:16:36+00:00
2026-06-30,2026-07-01,2026-07-01,settled,win,26,8996,高力,twse,電機機械,觀察偏多,62.375859438140495,1550.0,0.0508474576271187,1394135810.0,MACD動能擴大、RSI健康,1620.0,1620.0,1540.0,1555.0,0.0451612903225806,0.0451612903225806,-0.0064516129032258,0.0032258064516128,2026-07-09T16:16:36+00:00
2026-06-30,2026-07-01,2026-07-01,settled,win,27,6127,九豪,tpex,電子零組件業,觀察偏多,62.297813985064494,92.9,0.0994082840236687,981249748.0,收在高檔、MACD動能擴大、RSI健康、產業相對強、近漲停過熱扣分,94.8,102.0,94.0,96.9,0.0204520990312162,0.0979547900968782,0.0118406889128093,0.0430570505920344,2026-07-09T16:16:36+00:00
2026-06-30,2026-07-01,2026-07-01,settled,loss,28,6213,聯茂,twse,電子零組件業,觀察偏多,62.15615100799906,370.5,0.0770348837209302,6983615830.0,MACD動能擴大、產業相對強,379.0,384.0,348.5,360.0,0.0229419703103914,0.0364372469635627,-0.0593792172739541,-0.0283400809716599,2026-07-09T16:16:36+00:00
2026-06-30,2026-07-01,2026-07-01,settled,loss,29,6672,騰輝電子-KY,twse,電子工業,觀察偏多,61.83059662513838,300.0,0.0657193605683836,1501778258.0,收在高檔、MACD動能擴大,302.5,330.0,290.5,290.5,0.0083333333333333,0.1,-0.0316666666666666,-0.0316666666666666,2026-07-09T16:16:36+00:00
2026-06-30,2026-07-01,2026-07-01,settled,loss,30,8227,巨有科技,tpex,半導體業,觀察偏多,61.71943985166155,214.5,0.0437956204379561,1111350368.0,量破5日高、MACD動能擴大、RSI健康、產業相對強,216.0,222.0,198.5,198.5,0.006993006993007,0.034965034965035,-0.0745920745920746,-0.0745920745920746,2026-07-09T16:16:36+00:00
2026-06-30,2026-07-01,2026-07-01,settled,loss,31,2376,技嘉,twse,電腦及週邊設備業,觀察偏多,61.5590295042567,344.0,0.0584615384615385,3883986013.0,量破5日高、收在高檔、產業相對強,348.5,348.5,337.5,337.5,0.0130813953488371,0.0130813953488371,-0.0188953488372093,-0.0188953488372093,2026-07-09T16:16:36+00:00
2026-06-30,2026-07-01,2026-07-01,settled,loss,32,1802,台玻,twse,玻璃陶瓷,觀察偏多,61.53279022403258,74.8,0.0999999999999998,9978524046.0,收在高檔、MACD動能擴大、RSI健康、近漲停過熱扣分,76.3,77.3,69.6,71.1,0.0200534759358288,0.0334224598930481,-0.0695187165775401,-0.0494652406417113,2026-07-09T16:16:36+00:00
2026-06-30,2026-07-01,2026-07-01,settled,win,33,8016,矽創,twse,半導體業,觀察偏多,61.44909057345875,332.0,0.0473186119873816,1488001653.0,MACD動能擴大、RSI健康、產業相對強,338.0,347.5,334.5,339.0,0.0180722891566265,0.0466867469879517,0.0075301204819278,0.0210843373493976,2026-07-09T16:16:36+00:00
2026-06-30,2026-07-01,2026-07-01,settled,loss,34,6278,台表科,twse,電子工業,觀察偏多,60.55064946820546,213.0,0.097938144329897,2692394481.0,量破5日高、收在高檔、RSI健康、近漲停過熱扣分,214.5,221.0,206.0,207.0,0.0070422535211267,0.0375586854460094,-0.0328638497652582,-0.028169014084507,2026-07-09T16:16:36+00:00
2026-06-30,2026-07-01,2026-07-01,settled,loss,35,6584,南俊國際,tpex,電子零組件業,觀察偏多,60.48180003295422,734.0,0.0715328467153284,1072204374.0,收在高檔、MACD動能擴大、RSI健康、產業相對強,750.0,750.0,695.0,698.0,0.0217983651226159,0.0217983651226159,-0.0531335149863759,-0.0490463215258855,2026-07-09T16:16:36+00:00
2026-06-30,2026-07-01,2026-07-01,settled,loss,36,2351,順德,twse,電子工業,觀察偏多,60.45754501664888,212.5,0.0759493670886075,1462953394.0,收在高檔、MACD動能擴大、RSI健康,216.5,219.0,204.5,205.5,0.0188235294117646,0.0305882352941175,-0.0376470588235293,-0.0329411764705882,2026-07-09T16:16:36+00:00
2026-06-30,2026-07-01,2026-07-01,settled,tie,37,3167,大量,twse,電機機械,觀察偏多,60.31624349400317,842.0,0.0878552971576227,479134894.0,量破5日高、收在高檔,831.0,850.0,830.0,842.0,-0.0130641330166271,0.009501187648456,-0.0142517814726841,0.0,2026-07-09T16:16:36+00:00
2026-06-30,2026-07-01,2026-07-01,settled,loss,38,3362,先進光,tpex,光電業,觀察偏多,60.06152975786377,189.0,0.0356164383561643,976633095.0,收在高檔、RSI健康、產業相對強,193.0,197.5,184.0,188.5,0.0211640211640211,0.0449735449735448,-0.0264550264550265,-0.0026455026455026,2026-07-09T16:16:36+00:00
2026-06-30,2026-07-01,2026-07-01,settled,loss,39,8028,昇陽半導體,twse,半導體業,觀察偏多,60.012290110884805,317.0,0.098786828422877,3649599888.0,量破5日高、收在高檔、RSI健康、產業相對強、近漲停過熱扣分,315.0,319.0,307.0,312.0,-0.0063091482649841,0.0063091482649841,-0.0315457413249211,-0.0157728706624605,2026-07-09T16:16:36+00:00
2026-06-30,2026-07-01,2026-07-01,settled,win,40,3711,日月光投控,twse,電子工業,觀察偏多,59.67312447499117,680.0,0.0845295055821371,17832391447.0,收在高檔、MACD動能擴大,710.0,718.0,695.0,703.0,0.0441176470588235,0.0558823529411764,0.0220588235294116,0.0338235294117648,2026-07-09T16:16:36+00:00
2026-06-30,2026-07-01,2026-07-01,settled,win,41,5328,華容,tpex,電子零組件業,觀察偏多,59.36339443312967,71.1,0.0989180834621328,2056916782.0,收在高檔、MACD動能擴大、產業相對強、近漲停過熱扣分,75.8,78.2,75.5,78.2,0.0661040787623066,0.09985935302391,0.0618846694796062,0.09985935302391,2026-07-09T16:16:36+00:00
2026-06-30,2026-07-01,2026-07-01,settled,win,42,5314,世紀*,tpex,其他,觀察偏多,59.18877723812096,66.8,0.0986842105263157,1155435694.0,量破5日高、接近20日突破、收在高檔、MACD動能擴大、RSI健康、近漲停過熱扣分,67.6,70.5,65.8,67.0,0.0119760479041914,0.0553892215568863,-0.0149700598802394,0.0029940119760478,2026-07-09T16:16:36+00:00
2026-06-30,2026-07-01,2026-07-01,settled,win,43,2464,盟立,twse,電子工業,觀察偏多,58.96959040506901,173.0,0.08125,1957103719.0,收在高檔、RSI健康,174.0,190.0,173.0,190.0,0.0057803468208093,0.0982658959537572,0.0,0.0982658959537572,2026-07-09T16:16:36+00:00
2026-06-30,2026-07-01,2026-07-01,settled,win,44,3413,京鼎,twse,電子工業,觀察偏多,58.50374563619218,330.5,0.0525477707006369,2961390844.0,量破5日高、接近20日突破、MACD動能擴大、RSI健康、長上影扣分、收低於VWAP扣分,333.5,345.0,330.5,332.0,0.0090771558245084,0.0438729198184568,0.0,0.0045385779122542,2026-07-09T16:16:36+00:00
2026-06-30,2026-07-01,2026-07-01,settled,tie,45,9958,世紀鋼,twse,鋼鐵工業,觀察偏多,58.37493747542207,117.5,0.0491071428571427,634550721.0,量破5日高、RSI健康,117.5,118.5,116.0,117.5,0.0,0.0085106382978723,-0.0127659574468085,0.0,2026-07-09T16:16:36+00:00
2026-06-30,2026-07-01,2026-07-01,settled,win,46,2484,希華,twse,電子零組件業,觀察偏多,58.3476566068012,72.6,0.0491329479768785,2895904803.0,收在高檔、RSI健康、產業相對強,79.5,79.8,78.0,79.8,0.0950413223140496,0.0991735537190083,0.0743801652892561,0.0991735537190083,2026-07-09T16:16:36+00:00
2026-06-30,2026-07-01,2026-07-01,settled,tie,47,3611,鼎翰,tpex,電腦及週邊設備業,觀察偏多,58.347597534837575,202.0,0.038560411311054,41643743.0,量破5日高、接近20日突破、收在高檔、MACD動能擴大、產業相對強、流動性不足扣分,203.5,204.0,201.0,202.0,0.0074257425742574,0.0099009900990099,-0.0049504950495049,0.0,2026-07-09T16:16:36+00:00
2026-06-30,2026-07-01,2026-07-01,settled,win,48,6190,萬泰科,tpex,通信網路業,觀察偏多,58.33781311538705,84.0,0.0619469026548673,444674655.0,量破5日高、收在高檔、RSI健康、產業相對強,85.6,85.8,83.3,84.1,0.0190476190476189,0.0214285714285713,-0.0083333333333334,0.0011904761904761,2026-07-09T16:16:36+00:00
2026-06-30,2026-07-01,2026-07-01,settled,loss,49,6412,群電,twse,電子零組件業,觀察偏多,58.206520349553735,95.3,0.0325027085590465,281614796.0,量破5日高、收在高檔、RSI健康、產業相對強,96.9,96.9,93.0,94.7,0.0167890870933893,0.0167890870933893,-0.024134312696747,-0.0062959076600209,2026-07-09T16:16:36+00:00
2026-06-30,2026-07-01,2026-07-01,settled,win,50,6753,龍德造船,twse,航運業,觀察偏多,58.11666081518303,136.5,0.0622568093385214,746502283.0,量破5日高、MACD動能擴大,138.0,150.0,137.5,141.5,0.0109890109890109,0.098901098901099,0.0073260073260073,0.0366300366300367,2026-07-09T16:16:36+00:00
2026-06-30,2026-07-01,2026-07-01,settled,win,51,7795,長廣,twse,電子零組件業,觀察偏多,58.05193617396267,556.0,0.0988142292490119,793732172.0,量破5日高、收在高檔、MACD動能擴大、產業相對強、近漲停過熱扣分,588.0,611.0,570.0,605.0,0.0575539568345324,0.0989208633093525,0.0251798561151079,0.0881294964028776,2026-07-09T16:16:36+00:00
2026-06-30,2026-07-01,2026-07-01,settled,loss,52,8096,擎亞,tpex,電子通路業,中性觀察,57.87074903824395,154.5,0.0655172413793103,249369158.0,收在高檔、RSI健康,157.0,157.0,152.0,152.5,0.0161812297734627,0.0161812297734627,-0.0161812297734628,-0.0129449838187701,2026-07-09T16:16:36+00:00
2026-06-30,2026-07-01,2026-07-01,settled,loss,53,2342,茂矽,twse,電子工業,中性觀察,57.78131242627405,56.6,0.0801526717557252,192686191.0,收在高檔、MACD動能擴大,58.0,58.5,54.1,54.8,0.0247349823321554,0.0335689045936395,-0.0441696113074204,-0.0318021201413428,2026-07-09T16:16:36+00:00
2026-06-30,2026-07-01,2026-07-01,settled,win,54,3583,辛耘,twse,電子工業,中性觀察,57.57916270649467,904.0,0.0499419279907085,2438715466.0,量破5日高、MACD動能擴大、RSI健康、長上影扣分、收低於VWAP扣分,909.0,946.0,885.0,905.0,0.0055309734513273,0.0464601769911503,-0.0210176991150442,0.0011061946902655,2026-07-09T16:16:36+00:00
2026-06-30,2026-07-01,2026-07-01,settled,loss,55,2883,凱基金,twse,金融保險,中性觀察,57.17884362978048,28.7,-0.0320404721753794,4281075213.0,量破5日高、RSI健康,29.1,29.55,28.1,28.3,0.0139372822299652,0.029616724738676,-0.0209059233449476,-0.0139372822299651,2026-07-09T16:16:36+00:00
2026-06-30,2026-07-01,2026-07-01,settled,win,56,6217,中探針,tpex,電子零組件業,中性觀察,56.88701968771216,256.0,0.0987124463519313,1094922682.0,收在高檔、MACD動能擴大、RSI健康、產業相對強、近漲停過熱扣分,262.0,278.0,258.5,263.0,0.0234375,0.0859375,0.009765625,0.02734375,2026-07-09T16:16:36+00:00
2026-06-30,2026-07-01,2026-07-01,settled,win,57,8261,富鼎,twse,半導體業,中性觀察,56.838359357320655,270.5,0.0995934959349593,1887072264.0,收在高檔、MACD動能擴大、產業相對強、近漲停過熱扣分,297.5,297.5,291.5,297.5,0.0998151571164509,0.0998151571164509,0.0776340110905731,0.0998151571164509,2026-07-09T16:16:36+00:00
2026-06-30,2026-07-01,2026-07-01,settled,win,58,1809,中釉,twse,玻璃陶瓷,中性觀察,56.68644521138688,54.2,0.0775347912524853,656755655.0,RSI健康,55.5,57.5,53.5,55.2,0.0239852398523985,0.0608856088560885,-0.0129151291512915,0.0184501845018449,2026-07-09T16:16:36+00:00
2026-06-30,2026-07-01,2026-07-01,settled,loss,59,2323,中環,twse,電子工業,中性觀察,56.62167331962459,11.55,0.05,186128415.0,量破5日高、RSI健康,11.6,11.8,11.05,11.1,0.0043290043290042,0.0216450216450216,-0.0432900432900432,-0.038961038961039,2026-07-09T16:16:36+00:00
2026-06-30,2026-07-01,2026-07-01,settled,win,60,2890,永豐金,twse,金融保險,中性觀察,56.162754016745886,39.9,0.010126582278481,2794419437.0,量破5日高,40.0,40.65,39.15,40.0,0.0025062656641603,0.018796992481203,-0.018796992481203,0.0025062656641603,2026-07-09T16:16:36+00:00
2026-06-30,2026-07-01,2026-07-01,settled,win,61,7610,聯友金屬-創,twse,創新板股票,中性觀察,56.0415930180598,2230.0,0.0619047619047619,428885505.0,收在高檔、RSI健康,2295.0,2450.0,2250.0,2430.0,0.0291479820627802,0.0986547085201794,0.0089686098654708,0.0896860986547085,2026-07-09T16:16:36+00:00
2026-06-30,2026-07-01,2026-07-01,settled,loss,62,8046,南電,twse,電子工業,中性觀察,55.93343969223807,1185.0,0.0972222222222223,7362261125.0,接近20日突破、收在高檔、MACD動能擴大、近漲停過熱扣分,1200.0,1285.0,1150.0,1175.0,0.0126582278481013,0.0843881856540085,-0.0295358649789029,-0.0084388185654008,2026-07-09T16:16:36+00:00
2026-06-30,2026-07-01,2026-07-01,settled,loss,63,6239,力成,twse,半導體業,中性觀察,55.92569133288074,337.5,0.085209003215434,8007438224.0,收在高檔、RSI健康、產業相對強,345.0,345.0,325.0,335.5,0.0222222222222221,0.0222222222222221,-0.037037037037037,-0.0059259259259258,2026-07-09T16:16:36+00:00
2026-06-30,2026-07-01,2026-07-01,settled,loss,64,4402,郡都開發,tpex,紡織纖維,中性觀察,55.908133061778685,18.1,0.0402298850574713,1833683.0,量破5日高、接近20日突破、收在高檔、MACD動能擴大、RSI健康、流動性不足扣分,18.0,18.0,17.3,17.7,-0.0055248618784531,-0.0055248618784531,-0.0441988950276243,-0.0220994475138123,2026-07-09T16:16:36+00:00
2026-06-30,2026-07-01,2026-07-01,settled,tie,65,2327,國巨*,twse,電子工業,中性觀察,55.83761484498756,1140.0,0.0961538461538462,64260554783.0,收在高檔、MACD動能擴大、近漲停過熱扣分,1200.0,1220.0,1130.0,1140.0,0.0526315789473683,0.0701754385964912,-0.0087719298245614,0.0,2026-07-09T16:16:36+00:00
2026-06-30,2026-07-01,2026-07-01,settled,loss,66,5340,建榮,tpex,電子零組件業,中性觀察,55.833434214905125,95.7,0.0657015590200447,294578853.0,MACD動能擴大、RSI健康、產業相對強,97.0,98.4,91.1,91.3,0.0135841170323929,0.0282131661442006,-0.0480668756530826,-0.0459770114942529,2026-07-09T16:16:36+00:00
2026-06-30,2026-07-01,2026-07-01,settled,loss,67,3450,聯鈞,twse,半導體業,中性觀察,55.72390248314326,532.0,0.0534653465346535,1253013749.0,RSI健康、產業相對強,540.0,541.0,509.0,512.0,0.0150375939849625,0.0169172932330827,-0.0432330827067669,-0.037593984962406,2026-07-09T16:16:36+00:00
2026-06-30,2026-07-01,2026-07-01,settled,loss,68,2352,佳世達,twse,電腦及週邊設備業,中性觀察,55.61465492391719,34.1,0.1,1362171556.0,量比>1.8、收在高檔、RSI健康、產業相對強、近漲停過熱扣分,34.1,34.75,32.25,32.35,0.0,0.0190615835777125,-0.0542521994134898,-0.0513196480938416,2026-07-09T16:16:36+00:00
2026-06-30,2026-07-01,2026-07-01,settled,loss,69,6435,大中,tpex,半導體業,中性觀察,55.49064062765467,363.5,0.0998487140695916,937013224.0,收在高檔、MACD動能擴大、產業相對強、近漲停過熱扣分,372.5,388.5,352.5,357.0,0.0247592847317743,0.0687757909215955,-0.030261348005502,-0.0178817056396148,2026-07-09T16:16:36+00:00
2026-06-30,2026-07-01,2026-07-01,settled,win,70,2059,川湖,twse,電子工業,中性觀察,55.31832017246102,7360.0,0.0351617440225036,3184538170.0,收在高檔、RSI健康,7395.0,7875.0,7300.0,7655.0,0.0047554347826086,0.0699728260869565,-0.0081521739130434,0.0400815217391303,2026-07-09T16:16:36+00:00
2026-06-30,2026-07-01,2026-07-01,settled,loss,71,2431,聯昌,twse,電子零組件業,中性觀察,55.29377695460529,11.6,0.0403587443946187,5664247.0,量破5日高、收在高檔、MACD動能擴大、RSI健康、產業相對強、流動性不足扣分,11.55,11.8,11.35,11.35,-0.004310344827586,0.0172413793103449,-0.021551724137931,-0.021551724137931,2026-07-09T16:16:36+00:00
2026-06-30,2026-07-01,2026-07-01,settled,win,72,6271,同欣電,twse,電子工業,中性觀察,55.137704915094375,267.0,0.0987654320987654,4612218613.0,收在高檔、MACD動能擴大、RSI健康、近漲停過熱扣分,277.0,293.5,276.5,287.5,0.0374531835205993,0.0992509363295879,0.0355805243445692,0.0767790262172285,2026-07-09T16:16:36+00:00
2026-06-30,2026-07-01,2026-07-01,settled,loss,73,2881,富邦金,twse,金融保險,中性觀察,54.89065625707173,129.5,0.0077821011673151,8969497201.0,量破5日高、RSI健康、收低於VWAP扣分,128.0,131.0,121.5,122.5,-0.0115830115830115,0.0115830115830115,-0.0617760617760617,-0.054054054054054,2026-07-09T16:16:36+00:00
2026-06-30,2026-07-01,2026-07-01,settled,loss,74,8069,元太,tpex,光電業,中性觀察,54.8713736139398,214.5,0.0,6008267031.0,量破5日高、MACD動能擴大、RSI健康、產業相對強、收低於VWAP扣分,214.5,221.0,204.0,204.0,0.0,0.0303030303030302,-0.0489510489510489,-0.0489510489510489,2026-07-09T16:16:36+00:00
2026-06-30,2026-07-01,2026-07-01,settled,win,75,6805,富世達,twse,電子零組件業,中性觀察,54.87046032893152,1680.0,0.0338461538461538,2095126420.0,量破5日高、產業相對強,1710.0,1745.0,1680.0,1700.0,0.0178571428571427,0.0386904761904762,0.0,0.0119047619047618,2026-07-09T16:16:36+00:00
2026-06-30,2026-07-01,2026-07-01,settled,win,76,6446,藥華藥,twse,化學生技醫療,中性觀察,54.65093710174962,1340.0,0.0551181102362203,6896583030.0,量破5日高、MACD動能擴大、RSI過熱扣分、長上影扣分,1380.0,1405.0,1355.0,1360.0,0.0298507462686568,0.0485074626865671,0.0111940298507462,0.0149253731343284,2026-07-09T16:16:36+00:00
2026-06-30,2026-07-01,2026-07-01,settled,loss,77,4939,亞電,tpex,電子零組件業,中性觀察,54.58158859470469,64.3,0.0321027287319422,900063377.0,量破5日高、RSI健康、產業相對強、長上影扣分、收低於VWAP扣分,65.3,66.4,59.9,60.1,0.015552099533437,0.0326594090202179,-0.0684292379471228,-0.0653188180404353,2026-07-09T16:16:36+00:00
2026-06-30,2026-07-01,2026-07-01,settled,loss,78,4305,世坤,tpex,塑膠工業,中性觀察,54.3978585313296,45.95,0.0372460496613997,2506389.0,量破5日高、接近20日突破、收在高檔、MACD動能擴大、流動性不足扣分,42.85,43.0,42.5,42.75,-0.0674646354733405,-0.0642002176278564,-0.0750816104461371,-0.0696409140369967,2026-07-09T16:16:36+00:00
2026-06-30,2026-07-01,2026-07-01,settled,win,79,6683,雍智科技,tpex,半導體業,中性觀察,54.349349575304494,1725.0,0.032934131736527,655598370.0,收在高檔、RSI健康、產業相對強,1730.0,1890.0,1720.0,1820.0,0.0028985507246377,0.0956521739130433,-0.0028985507246376,0.0550724637681159,2026-07-09T16:16:36+00:00
2026-06-30,2026-07-01,2026-07-01,settled,loss,80,6191,精成科,twse,電子零組件業,中性觀察,54.30132134737771,106.5,0.0047169811320755,4300754832.0,量破5日高、MACD動能擴大、RSI健康、產業相對強、長上影扣分、收低於VWAP扣分,108.0,108.5,103.5,103.5,0.0140845070422535,0.0187793427230047,-0.028169014084507,-0.028169014084507,2026-07-09T16:16:36+00:00
2026-06-30,2026-07-01,2026-07-01,missing,missing,81,0056,元大高股息,twse,ETF,中性觀察,54.17982327012598,53.25,0.0279922779922781,2230563047.0,收在高檔、RSI健康,,,,,,,,,2026-07-09T16:16:36+00:00
2026-06-30,2026-07-01,2026-07-01,settled,loss,82,4116,明基醫,tpex,生技醫療業,中性觀察,53.9034902582672,38.5,0.0225763612217795,2693992.0,量破5日高、接近20日突破、收在高檔、MACD動能擴大、RSI健康、流動性不足扣分,36.7,37.1,36.7,37.0,-0.0467532467532466,-0.0363636363636363,-0.0467532467532466,-0.0389610389610389,2026-07-09T16:16:36+00:00
2026-06-30,2026-07-01,2026-07-01,settled,loss,83,5434,崇越,twse,電子通路業,中性觀察,53.84924701063271,549.0,0.0185528756957329,2902844308.0,量破5日高、接近20日突破、MACD動能擴大、長上影扣分、收低於VWAP扣分,550.0,571.0,533.0,533.0,0.0018214936247722,0.0400728597449908,-0.0291438979963569,-0.0291438979963569,2026-07-09T16:16:36+00:00
2026-06-30,2026-07-01,2026-07-01,settled,tie,84,2478,大毅,twse,電子零組件業,中性觀察,53.46278343516632,225.5,0.1,223235436.0,收在高檔、RSI健康、產業相對強、近漲停過熱扣分,242.5,248.0,225.5,225.5,0.0753880266075388,0.0997782705099779,0.0,0.0,2026-07-09T16:16:36+00:00
2026-06-30,2026-07-01,2026-07-01,settled,loss,85,3037,欣興,twse,電子工業,中性觀察,53.452889794071055,1070.0,0.0963114754098359,35592947330.0,收在高檔、MACD動能擴大、RSI健康、近漲停過熱扣分,1085.0,1115.0,1035.0,1040.0,0.0140186915887849,0.0420560747663552,-0.0327102803738317,-0.02803738317757,2026-07-09T16:16:36+00:00
2026-06-30,2026-07-01,2026-07-01,settled,loss,86,2344,華邦電,twse,半導體業,中性觀察,53.3925501766846,207.5,0.022167487684729,44364259852.0,產業相對強,207.0,207.5,188.0,190.0,-0.0024096385542168,0.0,-0.0939759036144578,-0.0843373493975904,2026-07-09T16:16:36+00:00
2026-06-30,2026-07-01,2026-07-01,settled,loss,87,4958,臻鼎-KY,twse,電子零組件業,中性觀察,53.316143923964695,630.0,0.0994764397905758,18937056269.0,收在高檔、RSI健康、產業相對強、近漲停過熱扣分,641.0,659.0,602.0,603.0,0.0174603174603174,0.046031746031746,-0.0444444444444444,-0.0428571428571428,2026-07-09T16:16:36+00:00
2026-06-30,2026-07-01,2026-07-01,settled,win,88,3592,瑞鼎,twse,電子工業,中性觀察,53.302545495911865,278.5,0.0391791044776119,683720979.0,量破5日高、收在高檔、RSI健康,279.0,282.0,277.0,281.5,0.0017953321364452,0.0125673249551165,-0.0053859964093356,0.0107719928186713,2026-07-09T16:16:36+00:00
2026-06-30,2026-07-01,2026-07-01,settled,win,89,2492,華新科,twse,電子零組件業,中性觀察,53.25504412763068,565.0,0.0992217898832685,1126298456.0,收在高檔、RSI健康、產業相對強、近漲停過熱扣分,598.0,611.0,598.0,603.0,0.0584070796460176,0.0814159292035399,0.0584070796460176,0.0672566371681415,2026-07-09T16:16:36+00:00
2026-06-30,2026-07-01,2026-07-01,settled,win,90,8043,蜜望實,tpex,電子零組件業,中性觀察,53.23671418873048,194.0,0.0991501416430595,1095624038.0,收在高檔、RSI健康、產業相對強、近漲停過熱扣分,201.0,213.0,201.0,213.0,0.0360824742268042,0.097938144329897,0.0360824742268042,0.097938144329897,2026-07-09T16:16:36+00:00
2026-06-30,2026-07-01,2026-07-01,settled,win,91,6173,信昌電,tpex,電子零組件業,中性觀察,53.21838424983028,310.5,0.0991150442477877,381498818.0,收在高檔、RSI健康、產業相對強、近漲停過熱扣分,334.5,341.5,334.5,341.5,0.077294685990338,0.0998389694041868,0.077294685990338,0.0998389694041868,2026-07-09T16:16:36+00:00
2026-06-30,2026-07-01,2026-07-01,settled,win,92,3015,全漢,twse,電子零組件業,中性觀察,53.12589794817189,62.9,0.0715502555366267,91087432.0,收在高檔、RSI健康、產業相對強,63.4,66.3,62.2,65.5,0.0079491255961843,0.0540540540540539,-0.0111287758346581,0.041335453100159,2026-07-09T16:16:36+00:00
2026-06-30,2026-07-01,2026-07-01,settled,win,93,2375,凱美,twse,電子零組件業,中性觀察,53.07785471826205,211.5,0.0987012987012987,1740219694.0,收在高檔、RSI健康、產業相對強、近漲停過熱扣分,220.0,232.5,220.0,232.5,0.0401891252955082,0.0992907801418438,0.0401891252955082,0.0992907801418438,2026-07-09T16:16:36+00:00
2026-06-30,2026-07-01,2026-07-01,settled,loss,94,3357,臺慶科,tpex,電子零組件業,中性觀察,52.99720305552581,319.0,0.1,1094395055.0,收在高檔、RSI健康、產業相對強、近漲停過熱扣分,325.0,331.5,300.0,305.5,0.0188087774294671,0.0391849529780563,-0.0595611285266457,-0.0423197492163009,2026-07-09T16:16:36+00:00
2026-06-30,2026-07-01,2026-07-01,settled,win,95,2441,超豐,twse,半導體業,中性觀察,52.98744286037565,136.5,0.058139534883721,1001426418.0,RSI健康、產業相對強,138.0,140.0,136.5,138.0,0.0109890109890109,0.0256410256410255,0.0,0.0109890109890109,2026-07-09T16:16:36+00:00
2026-06-30,2026-07-01,2026-07-01,settled,win,96,5425,台半,tpex,半導體業,中性觀察,52.94956098664856,120.5,0.0954545454545454,589973880.0,收在高檔、RSI健康、產業相對強、近漲停過熱扣分,125.0,127.0,121.0,121.5,0.037344398340249,0.0539419087136929,0.0041493775933609,0.0082987551867219,2026-07-09T16:16:36+00:00
2026-06-30,2026-07-01,2026-07-01,settled,win,97,6207,雷科,tpex,電子零組件業,中性觀察,52.92510522742702,146.5,0.097378277153558,1148052971.0,收在高檔、RSI健康、產業相對強、近漲停過熱扣分,154.0,161.0,152.0,161.0,0.0511945392491468,0.0989761092150169,0.0375426621160408,0.0989761092150169,2026-07-09T16:16:36+00:00
2026-06-30,2026-07-01,2026-07-01,settled,win,98,2395,研華,twse,電腦及週邊設備業,中性觀察,52.82340703228687,492.0,0.0412698412698413,1319010941.0,收在高檔、RSI健康、產業相對強,504.0,507.0,493.0,503.0,0.024390243902439,0.0304878048780488,0.0020325203252031,0.0223577235772358,2026-07-09T16:16:36+00:00
2026-06-30,2026-07-01,2026-07-01,settled,loss,99,2449,京元電子,twse,電子工業,中性觀察,52.76122818955256,337.5,0.0940032414910858,12757299299.0,收在高檔、MACD動能擴大、RSI健康、近漲停過熱扣分,342.0,346.0,329.0,331.0,0.0133333333333334,0.0251851851851852,-0.0251851851851852,-0.0192592592592593,2026-07-09T16:16:36+00:00
2026-06-30,2026-07-01,2026-07-01,settled,loss,100,3149,正達,twse,光電業,中性觀察,52.686784340348495,101.5,0.0949298813376482,2574405976.0,收在高檔、RSI健康、產業相對強、近漲停過熱扣分,103.5,105.0,93.5,94.0,0.0197044334975369,0.0344827586206897,-0.0788177339901478,-0.0738916256157635,2026-07-09T16:16:36+00:00
2026-07-06,2026-07-07,2026-07-07,settled,loss,1,8096,擎亞,tpex,電子通路業,偏多,87.82255015711868,167.5,0.0634920634920634,647987992.0,量破5日高、接近20日突破、收在高檔、MACD動能擴大、RSI健康,169.0,173.5,153.5,154.5,0.0089552238805969,0.0358208955223879,-0.0835820895522387,-0.0776119402985074,2026-07-09T16:16:36+00:00
2026-07-06,2026-07-07,2026-07-07,settled,win,2,1216,統一,twse,食品工業,偏多,82.95680846632641,77.8,0.0196592398427259,1758364529.0,量破5日高、接近20日突破、MACD動能擴大、RSI健康,77.8,78.7,77.7,78.0,0.0,0.0115681233933162,-0.0012853470437017,0.0025706940874037,2026-07-09T16:16:36+00:00
2026-07-06,2026-07-07,2026-07-07,settled,loss,3,1717,長興,twse,化學工業,偏多,80.595219073729,85.4,0.0465686274509804,8806806252.0,量破5日高、接近20日突破、MACD動能擴大、RSI健康,86.8,86.9,76.9,77.1,0.0163934426229506,0.0175644028103043,-0.0995316159250585,-0.0971896955503514,2026-07-09T16:16:36+00:00
2026-07-06,2026-07-07,2026-07-07,settled,loss,4,5425,台半,tpex,半導體業,偏多,77.69532430908065,144.0,0.0992366412213741,3034018439.0,量破5日高、接近20日突破、收在高檔、MACD動能擴大、產業相對強、近漲停過熱扣分,136.5,140.0,130.5,131.0,-0.0520833333333333,-0.0277777777777777,-0.09375,-0.0902777777777777,2026-07-09T16:16:36+00:00
2026-07-06,2026-07-07,2026-07-07,settled,loss,5,2351,順德,twse,電子工業,偏多,76.71388169137393,228.0,0.0987951807228915,3455176969.0,量破5日高、接近20日突破、收在高檔、MACD動能擴大、RSI健康、近漲停過熱扣分,231.5,233.0,211.5,213.5,0.0153508771929824,0.0219298245614034,-0.0723684210526315,-0.0635964912280702,2026-07-09T16:16:36+00:00
2026-07-06,2026-07-07,2026-07-07,settled,loss,6,6213,聯茂,twse,電子零組件業,偏多,75.91925267907502,396.0,0.0050761421319796,13254207117.0,量破5日高、接近20日突破、MACD動能擴大,392.0,424.5,373.0,379.0,-0.01010101010101,0.071969696969697,-0.058080808080808,-0.0429292929292929,2026-07-09T16:16:36+00:00
2026-07-06,2026-07-07,2026-07-07,settled,loss,7,2428,興勤,twse,電子零組件業,偏多,74.54318134395615,343.5,0.0043859649122806,2203795928.0,量破5日高、接近20日突破、MACD動能擴大、RSI健康、收低於VWAP扣分,344.5,347.0,309.5,309.5,0.0029112081513829,0.0101892285298399,-0.0989810771470159,-0.0989810771470159,2026-07-09T16:16:36+00:00
2026-07-06,2026-07-07,2026-07-07,settled,tie,8,2912,統一超,twse,貿易百貨,偏多,74.37438046756715,240.0,0.0389610389610388,1038466277.0,量破5日高、收在高檔、MACD動能擴大、RSI健康,240.0,243.0,239.0,240.0,0.0,0.0124999999999999,-0.0041666666666666,0.0,2026-07-09T16:16:36+00:00
2026-07-06,2026-07-07,2026-07-07,settled,loss,9,2352,佳世達,twse,電腦及週邊設備業,偏多,72.56465434478633,35.4,0.0993788819875776,1815845966.0,量破5日高、接近20日突破、收在高檔、MACD動能擴大、RSI健康、產業相對強、近漲停過熱扣分,36.1,36.3,34.1,34.45,0.0197740112994351,0.0254237288135592,-0.0367231638418078,-0.0268361581920902,2026-07-09T16:16:36+00:00
2026-07-06,2026-07-07,2026-07-07,settled,loss,10,8926,台汽電,twse,油電燃氣業,偏多,72.3259034751902,81.0,0.08,1017466194.0,量破5日高、收在高檔、RSI健康,80.0,82.4,77.7,78.5,-0.0123456790123457,0.0172839506172839,-0.0407407407407407,-0.0308641975308642,2026-07-09T16:16:36+00:00
2026-07-06,2026-07-07,2026-07-07,settled,loss,11,6488,環球晶,tpex,半導體業,觀察偏多,71.92070501974055,1335.0,0.0637450199203186,29488279320.0,量破5日高、接近20日突破、MACD動能擴大、產業相對強、長上影扣分、收低於VWAP扣分,1320.0,1320.0,1205.0,1205.0,-0.0112359550561798,-0.0112359550561798,-0.097378277153558,-0.097378277153558,2026-07-09T16:16:36+00:00
2026-07-06,2026-07-07,2026-07-07,settled,loss,12,3675,德微,tpex,半導體業,觀察偏多,71.88805975987444,450.0,0.0778443113772455,355724883.0,量破5日高、接近20日突破、MACD動能擴大、產業相對強、收低於VWAP扣分,448.0,448.0,405.0,405.0,-0.0044444444444444,-0.0044444444444444,-0.0999999999999999,-0.0999999999999999,2026-07-09T16:16:36+00:00
2026-07-06,2026-07-07,2026-07-07,settled,loss,13,3264,欣銓,tpex,半導體業,觀察偏多,71.76449148889938,257.0,0.0404858299595141,5001406235.0,量破5日高、接近20日突破、MACD動能擴大、RSI健康、產業相對強、收低於VWAP扣分,259.5,262.0,231.5,231.5,0.0097276264591439,0.0194552529182878,-0.0992217898832684,-0.0992217898832684,2026-07-09T16:16:36+00:00
2026-07-06,2026-07-07,2026-07-07,settled,loss,14,3026,禾伸堂,twse,電子零組件業,觀察偏多,71.61527735148677,963.0,-0.0253036437246964,19432899513.0,量破5日高、MACD動能擴大、RSI健康,955.0,986.0,867.0,867.0,-0.0083073727933541,0.023883696780893,-0.0996884735202492,-0.0996884735202492,2026-07-09T16:16:36+00:00
2026-07-06,2026-07-07,2026-07-07,settled,loss,15,6907,雅特力-KY,tpex,半導體業,觀察偏多,71.18627771186873,187.5,0.0997067448680351,1086484826.0,量破5日高、接近20日突破、收在高檔、MACD動能擴大、產業相對強、近漲停過熱扣分,190.0,192.0,170.0,172.0,0.0133333333333334,0.024,-0.0933333333333333,-0.0826666666666666,2026-07-09T16:16:36+00:00
2026-07-06,2026-07-07,2026-07-07,settled,loss,16,2369,菱生,twse,電子工業,觀察偏多,70.05436414870485,43.2,0.0992366412213741,1311085006.0,量破5日高、收在高檔、MACD動能擴大、RSI健康、近漲停過熱扣分,44.0,44.3,41.2,41.55,0.0185185185185183,0.0254629629629628,-0.0462962962962962,-0.0381944444444445,2026-07-09T16:16:36+00:00
2026-07-06,2026-07-07,2026-07-07,settled,loss,17,8131,福懋科,twse,電子工業,觀察偏多,67.98744764800796,82.2,0.0989304812834226,1802602278.0,量破5日高、接近20日突破、收在高檔、MACD動能擴大、RSI健康、近漲停過熱扣分,87.1,87.1,78.3,79.0,0.059610705596107,0.059610705596107,-0.0474452554744526,-0.0389294403892944,2026-07-09T16:16:36+00:00
2026-07-06,2026-07-07,2026-07-07,settled,loss,18,2409,友達,twse,電子工業,觀察偏多,67.00955884818829,31.7,0.0566666666666666,12889868568.0,收在高檔、MACD動能擴大、RSI健康,31.9,33.0,29.05,29.35,0.0063091482649841,0.0410094637223974,-0.0835962145110409,-0.0741324921135646,2026-07-09T16:16:36+00:00
2026-07-06,2026-07-07,2026-07-07,settled,loss,19,2402,毅嘉,twse,電子零組件業,觀察偏多,66.94293455992778,69.1,0.0237037037037035,381010786.0,量破5日高、MACD動能擴大、RSI健康,71.1,72.0,65.3,65.9,0.0289435600578871,0.0419681620839365,-0.0549927641099854,-0.0463096960926192,2026-07-09T16:16:36+00:00
2026-07-06,2026-07-07,2026-07-07,settled,loss,20,6257,矽格,twse,電子工業,觀察偏多,66.56445658320888,273.0,0.0726915520628683,6060602691.0,量破5日高、接近20日突破、MACD動能擴大、長上影扣分、收低於VWAP扣分,270.0,274.5,242.0,242.0,-0.0109890109890109,0.0054945054945054,-0.1135531135531136,-0.1135531135531136,2026-07-09T16:16:36+00:00
2026-07-06,2026-07-07,2026-07-07,settled,loss,21,6290,良維,tpex,電子零組件業,觀察偏多,66.55009024252679,323.0,0.0221518987341771,3329561695.0,量破5日高、MACD動能擴大、RSI健康、長上影扣分,323.5,326.0,298.0,301.0,0.001547987616099,0.0092879256965945,-0.0773993808049535,-0.0681114551083591,2026-07-09T16:16:36+00:00
2026-07-06,2026-07-07,2026-07-07,settled,loss,22,3374,精材,tpex,半導體業,觀察偏多,66.21243389403138,322.0,0.0287539936102236,7184597440.0,量破5日高、接近20日突破、MACD動能擴大、產業相對強、長上影扣分、收低於VWAP扣分,325.5,328.0,292.5,295.0,0.0108695652173913,0.0186335403726707,-0.0916149068322981,-0.0838509316770186,2026-07-09T16:16:36+00:00
2026-07-06,2026-07-07,2026-07-07,settled,loss,23,4931,新盛力,tpex,電腦及週邊設備業,觀察偏多,66.02243654822334,261.0,0.0989473684210526,2072024245.0,量破5日高、收在高檔、RSI健康、產業相對強、近漲停過熱扣分,270.5,273.0,243.5,247.5,0.0363984674329502,0.0459770114942528,-0.0670498084291187,-0.0517241379310344,2026-07-09T16:16:36+00:00
2026-07-06,2026-07-07,2026-07-07,settled,loss,24,2467,志聖,twse,電子零組件業,觀察偏多,65.59213696110297,655.0,0.0650406504065039,1887631578.0,收在高檔、MACD動能擴大、RSI健康,655.0,671.0,607.0,613.0,0.0,0.0244274809160305,-0.0732824427480915,-0.0641221374045801,2026-07-09T16:16:36+00:00
2026-07-06,2026-07-07,2026-07-07,settled,loss,25,1727,中華化,twse,化學生技醫療,觀察偏多,65.4229331862557,101.5,0.0949298813376482,995006719.0,量破5日高、收在高檔、MACD動能擴大、RSI健康、近漲停過熱扣分,100.0,101.0,91.4,91.4,-0.0147783251231526,-0.0049261083743842,-0.0995073891625615,-0.0995073891625615,2026-07-09T16:16:36+00:00
2026-07-06,2026-07-07,2026-07-07,settled,loss,26,2399,映泰,twse,電子工業,觀察偏多,65.25497602731906,55.0,0.1,1224177172.0,量破5日高、收在高檔、MACD動能擴大、RSI健康、近漲停過熱扣分,55.0,55.0,49.5,49.5,0.0,0.0,-0.0999999999999999,-0.0999999999999999,2026-07-09T16:16:36+00:00
2026-07-06,2026-07-07,2026-07-07,settled,win,27,6727,亞泰金屬,tpex,電子零組件業,觀察偏多,64.33642702595954,489.5,0.1,1137891739.0,量破5日高、收在高檔、MACD動能擴大、RSI健康、近漲停過熱扣分,509.0,537.0,484.0,495.0,0.0398365679264556,0.097037793667007,-0.0112359550561798,0.0112359550561798,2026-07-09T16:16:36+00:00
2026-07-06,2026-07-07,2026-07-07,settled,loss,28,4576,大銀微系統,twse,電機機械,觀察偏多,64.12027654105717,238.5,0.0719101123595504,823238233.0,接近20日突破、收在高檔、MACD動能擴大、RSI健康,242.0,244.5,221.0,223.0,0.0146750524109013,0.0251572327044025,-0.0733752620545072,-0.0649895178197065,2026-07-09T16:16:36+00:00
2026-07-06,2026-07-07,2026-07-07,settled,loss,29,6138,茂達,tpex,半導體業,觀察偏多,64.11076986047343,440.0,0.1,1401307812.0,接近20日突破、收在高檔、MACD動能擴大、產業相對強、近漲停過熱扣分,434.5,436.0,396.0,396.0,-0.0124999999999999,-0.009090909090909,-0.0999999999999999,-0.0999999999999999,2026-07-09T16:16:36+00:00
2026-07-06,2026-07-07,2026-07-07,settled,loss,30,2049,上銀,twse,電機機械,觀察偏多,64.10357250901563,364.0,0.04,1937975374.0,接近20日突破、MACD動能擴大、RSI健康,364.0,365.0,344.5,344.5,0.0,0.0027472527472527,-0.0535714285714286,-0.0535714285714286,2026-07-09T16:16:36+00:00
2026-07-06,2026-07-07,2026-07-07,settled,loss,31,2441,超豐,twse,半導體業,觀察偏多,64.06930202911984,145.0,0.0211267605633802,5300496440.0,量破5日高、MACD動能擴大、RSI健康、產業相對強、收低於VWAP扣分,145.0,147.5,132.0,133.5,0.0,0.0172413793103447,-0.089655172413793,-0.0793103448275862,2026-07-09T16:16:36+00:00
2026-07-06,2026-07-07,2026-07-07,settled,loss,32,6719,力智,twse,電子工業,觀察偏多,63.57800508925879,312.5,0.0813148788927335,2809892932.0,MACD動能擴大,312.0,312.0,282.0,284.5,-0.0016,-0.0016,-0.0976,-0.0896,2026-07-09T16:16:36+00:00
2026-07-06,2026-07-07,2026-07-07,settled,loss,33,8932,智通*,tpex,數位雲端類,觀察偏多,62.44405138815358,116.0,0.0995260663507109,780889147.0,量比>1.8、收在高檔、MACD動能擴大、RSI健康、近漲停過熱扣分,115.0,118.5,112.5,115.0,-0.0086206896551723,0.021551724137931,-0.0301724137931034,-0.0086206896551723,2026-07-09T16:16:36+00:00
2026-07-06,2026-07-07,2026-07-07,settled,loss,34,6693,廣閎科,tpex,半導體業,觀察偏多,62.30709819465172,276.5,0.0994035785288269,259832525.0,接近20日突破、收在高檔、MACD動能擴大、產業相對強、近漲停過熱扣分,263.0,280.0,249.0,249.0,-0.0488245931283906,0.0126582278481013,-0.0994575045207957,-0.0994575045207957,2026-07-09T16:16:36+00:00
2026-07-06,2026-07-07,2026-07-07,settled,loss,35,2645,長榮航太,twse,航運業,觀察偏多,62.214636456104415,238.0,0.0993071593533487,3205717211.0,量破5日高、接近20日突破、收在高檔、MACD動能擴大、RSI過熱扣分、近漲停過熱扣分,235.5,235.5,214.5,214.5,-0.0105042016806722,-0.0105042016806722,-0.0987394957983193,-0.0987394957983193,2026-07-09T16:16:36+00:00
2026-07-06,2026-07-07,2026-07-07,settled,loss,36,3090,日電貿,twse,電子零組件業,觀察偏多,61.96836435420192,340.0,0.0675039246467819,312168735.0,收在高檔、RSI健康,335.0,335.0,306.0,306.0,-0.0147058823529411,-0.0147058823529411,-0.0999999999999999,-0.0999999999999999,2026-07-09T16:16:36+00:00
2026-07-06,2026-07-07,2026-07-07,settled,loss,37,8150,南茂,twse,半導體業,觀察偏多,61.80154363665369,115.5,0.1,5950555879.0,接近20日突破、收在高檔、MACD動能擴大、RSI健康、產業相對強、近漲停過熱扣分,118.0,118.5,107.0,109.0,0.0216450216450216,0.0259740259740259,-0.0735930735930735,-0.0562770562770562,2026-07-09T16:16:36+00:00
2026-07-06,2026-07-07,2026-07-07,settled,loss,38,1718,中纖,twse,化學工業,觀察偏多,61.60997653694476,15.2,0.0167224080267558,4971122230.0,量破5日高、接近20日突破、MACD動能擴大、收低於VWAP扣分,15.0,15.5,14.55,14.95,-0.013157894736842,0.0197368421052632,-0.0427631578947367,-0.0164473684210526,2026-07-09T16:16:36+00:00
2026-07-06,2026-07-07,2026-07-07,settled,loss,39,2342,茂矽,twse,電子工業,觀察偏多,61.540119149972014,59.2,0.0154373927958835,212421748.0,量破5日高、MACD動能擴大、收低於VWAP扣分,59.2,59.2,54.5,54.5,0.0,0.0,-0.0793918918918918,-0.0793918918918918,2026-07-09T16:16:36+00:00
2026-07-06,2026-07-07,2026-07-07,settled,loss,40,6129,普誠,tpex,半導體業,觀察偏多,61.28517202481669,20.85,0.0887728459530028,121587307.0,量破5日高、接近20日突破、收在高檔、MACD動能擴大、產業相對強、流動性不足扣分,20.15,20.15,18.8,18.9,-0.0335731414868106,-0.0335731414868106,-0.0983213429256595,-0.0935251798561151,2026-07-09T16:16:36+00:00
2026-07-06,2026-07-07,2026-07-07,settled,loss,41,5371,中光電,tpex,光電業,觀察偏多,60.99842639593909,102.0,0.0955961331901182,5514928050.0,接近20日突破、收在高檔、MACD動能擴大、近漲停過熱扣分,104.0,104.0,91.8,91.8,0.0196078431372548,0.0196078431372548,-0.0999999999999999,-0.0999999999999999,2026-07-09T16:16:36+00:00
2026-07-06,2026-07-07,2026-07-07,settled,loss,42,3211,順達,tpex,電腦及週邊設備業,觀察偏多,60.90634219169901,422.5,0.0536159600997505,3751994368.0,量破5日高、RSI健康、產業相對強、長上影扣分,443.0,458.5,388.5,389.0,0.0485207100591715,0.0852071005917158,-0.080473372781065,-0.0792899408284023,2026-07-09T16:16:36+00:00
2026-07-06,2026-07-07,2026-07-07,settled,loss,43,6781,AES-KY,twse,電子工業,觀察偏多,60.77269554670156,1250.0,0.0204081632653061,3480440920.0,量破5日高、接近20日突破、MACD動能擴大、RSI健康、長上影扣分、收低於VWAP扣分,1260.0,1290.0,1175.0,1175.0,0.008,0.032,-0.06,-0.06,2026-07-09T16:16:36+00:00
2026-07-06,2026-07-07,2026-07-07,settled,win,44,2890,永豐金,twse,金融保險,觀察偏多,60.528888888888886,41.0,0.0327455919395465,1464617305.0,接近20日突破、收在高檔、MACD動能擴大、RSI過熱扣分,41.0,41.8,40.85,41.1,0.0,0.0195121951219512,-0.0036585365853658,0.0024390243902439,2026-07-09T16:16:36+00:00
2026-07-06,2026-07-07,2026-07-07,settled,loss,45,6161,捷波,tpex,電腦及週邊設備業,觀察偏多,60.45179887044766,58.3,0.0856610800744877,40765343.0,量破5日高、接近20日突破、收在高檔、MACD動能擴大、RSI健康、產業相對強、流動性不足扣分,57.0,57.4,55.0,55.0,-0.0222984562607203,-0.0154373927958832,-0.0566037735849056,-0.0566037735849056,2026-07-09T16:16:36+00:00
2026-07-06,2026-07-07,2026-07-07,settled,loss,46,2634,漢翔,twse,航運業,觀察偏多,60.16885504794135,60.3,0.0049999999999998,5229064456.0,量破5日高、接近20日突破、MACD動能擴大、收低於VWAP扣分,60.9,61.4,58.3,58.4,0.0099502487562188,0.0182421227197346,-0.0331674958540629,-0.0315091210613598,2026-07-09T16:16:36+00:00
2026-07-06,2026-07-07,2026-07-07,settled,loss,47,5536,聖暉*,tpex,其他電子類,觀察偏多,60.03442188381275,1435.0,0.0034965034965035,1099348805.0,MACD動能擴大、RSI健康,1445.0,1455.0,1365.0,1395.0,0.0069686411149825,0.0139372822299652,-0.048780487804878,-0.0278745644599303,2026-07-09T16:16:36+00:00
2026-07-06,2026-07-07,2026-07-07,settled,loss,48,2449,京元電子,twse,電子工業,觀察偏多,60.03031985617878,351.0,0.0477611940298507,18980742211.0,量破5日高、MACD動能擴大、收低於VWAP扣分,354.5,355.0,316.0,317.0,0.0099715099715098,0.0113960113960114,-0.0997150997150997,-0.0968660968660968,2026-07-09T16:16:36+00:00
2026-07-06,2026-07-07,2026-07-07,settled,win,49,2892,第一金,twse,金融保險,觀察偏多,59.97228990411725,33.05,0.0200617283950617,941977491.0,收在高檔、RSI健康,33.05,33.65,33.05,33.3,0.0,0.0181543116490165,0.0,0.0075642965204236,2026-07-09T16:16:36+00:00
2026-07-06,2026-07-07,2026-07-07,settled,loss,50,4923,力士,tpex,半導體業,觀察偏多,59.90694086511347,65.7,0.0752864157119477,64965628.0,量破5日高、收在高檔、MACD動能擴大、RSI健康、產業相對強、流動性不足扣分,64.6,64.8,60.2,60.5,-0.0167427701674278,-0.0136986301369863,-0.0837138508371385,-0.0791476407914764,2026-07-09T16:16:36+00:00
2026-07-06,2026-07-07,2026-07-07,settled,loss,51,6831,邁科,twse,電腦及週邊設備業,觀察偏多,59.66710659898477,859.0,-0.0693391115926327,2032947239.0,量破5日高、RSI健康、產業相對強,890.0,890.0,775.0,775.0,0.0360884749708962,0.0360884749708962,-0.0977881257275902,-0.0977881257275902,2026-07-09T16:16:36+00:00
2026-07-06,2026-07-07,2026-07-07,settled,loss,52,4198,欣大健康,tpex,生技醫療業,觀察偏多,59.49223769149714,41.8,0.0195121951219512,1573186.0,量破5日高、接近20日突破、收在高檔、MACD動能擴大、RSI健康、流動性不足扣分,41.0,41.75,41.0,41.75,-0.0191387559808611,-0.0011961722488037,-0.0191387559808611,-0.0011961722488037,2026-07-09T16:16:36+00:00
2026-07-06,2026-07-07,2026-07-07,settled,loss,53,1314,中石化,twse,塑膠工業,觀察偏多,59.3923995337228,10.4,0.0526315789473683,3710188525.0,量破5日高、接近20日突破、MACD動能擴大、RSI過熱扣分,10.4,10.4,9.7,9.77,0.0,0.0,-0.0673076923076924,-0.0605769230769231,2026-07-09T16:16:36+00:00
2026-07-06,2026-07-07,2026-07-07,settled,loss,54,1609,大亞,twse,電器電纜,觀察偏多,59.19257329298172,43.75,0.0992462311557789,1195824805.0,量破5日高、接近20日突破、收在高檔、MACD動能擴大、近漲停過熱扣分,43.9,44.25,41.55,41.95,0.0034285714285713,0.0114285714285713,-0.0502857142857143,-0.041142857142857,2026-07-09T16:16:36+00:00
2026-07-06,2026-07-07,2026-07-07,settled,win,55,2637,慧洋-KY,twse,航運業,觀察偏多,59.027460889726974,78.4,0.0551816958277255,298936722.0,量破5日高、收在高檔、RSI健康,77.8,79.7,77.8,79.0,-0.0076530612244899,0.0165816326530612,-0.0076530612244899,0.0076530612244898,2026-07-09T16:16:36+00:00
2026-07-06,2026-07-07,2026-07-07,missing,missing,56,4728,雙美,tpex,生技醫療業,觀察偏多,58.841354409746,386.5,0.023841059602649,4284867.0,量破5日高、接近20日突破、收在高檔、MACD動能擴大、RSI健康、流動性不足扣分,,,,,,,,,2026-07-09T16:16:36+00:00
2026-07-06,2026-07-07,2026-07-07,settled,loss,57,2476,鉅祥,twse,電子工業,觀察偏多,58.66677306730647,136.0,0.0225563909774435,564805940.0,接近20日突破、MACD動能擴大、RSI健康,138.0,140.0,128.5,131.0,0.0147058823529411,0.0294117647058822,-0.0551470588235294,-0.0367647058823529,2026-07-09T16:16:36+00:00
2026-07-06,2026-07-07,2026-07-07,settled,loss,58,9908,大台北,twse,油電燃氣業,觀察偏多,58.44151702816767,30.0,0.006711409395973,17607205.0,量破5日高、接近20日突破、收在高檔、MACD動能擴大、RSI健康、流動性不足扣分,30.0,30.0,29.8,29.9,0.0,0.0,-0.0066666666666665,-0.0033333333333334,2026-07-09T16:16:36+00:00
2026-07-06,2026-07-07,2026-07-07,settled,loss,59,6176,瑞儀,twse,電子工業,觀察偏多,58.0966155503947,92.0,0.0188261351052048,804846133.0,量破5日高、MACD動能擴大、RSI健康、長上影扣分,92.5,92.6,90.3,91.2,0.0054347826086955,0.0065217391304346,-0.0184782608695652,-0.0086956521739129,2026-07-09T16:16:36+00:00
2026-07-06,2026-07-07,2026-07-07,settled,loss,60,6121,新普,tpex,電腦及週邊設備業,觀察偏多,58.06731942712477,467.5,0.1,786479483.0,接近20日突破、收在高檔、MACD動能擴大、產業相對強、近漲停過熱扣分,487.0,487.5,445.5,447.0,0.0417112299465241,0.0427807486631015,-0.0470588235294118,-0.0438502673796791,2026-07-09T16:16:36+00:00
2026-07-06,2026-07-07,2026-07-07,settled,win,61,7799,禾榮科,twse,化學生技醫療,中性觀察,57.52924411369099,430.0,0.0997442455242967,484156314.0,收在高檔、MACD動能擴大、RSI健康、近漲停過熱扣分,454.5,473.0,442.5,466.0,0.0569767441860464,0.1,0.0290697674418605,0.0837209302325581,2026-07-09T16:16:36+00:00
2026-07-06,2026-07-07,2026-07-07,settled,win,62,1777,生泰,tpex,生技醫療業,中性觀察,57.50394370944389,73.8,0.015130674002751,5275611.0,量破5日高、接近20日突破、收在高檔、MACD動能擴大、RSI健康、流動性不足扣分,75.3,75.6,74.1,74.6,0.0203252032520324,0.024390243902439,0.0040650406504063,0.010840108401084,2026-07-09T16:16:36+00:00
2026-07-06,2026-07-07,2026-07-07,settled,loss,63,4126,太醫,tpex,生技醫療業,中性觀察,57.476058504897054,81.5,0.0111662531017371,6078267.0,量破5日高、接近20日突破、收在高檔、MACD動能擴大、RSI健康、流動性不足扣分,82.0,82.0,80.9,80.9,0.0061349693251533,0.0061349693251533,-0.007361963190184,-0.007361963190184,2026-07-09T16:16:36+00:00
2026-07-06,2026-07-07,2026-07-07,settled,loss,64,3167,大量,twse,電機機械,中性觀察,57.35728144388041,905.0,0.031927023945268,6344773436.0,量破5日高、MACD動能擴大、RSI健康、長上影扣分、收低於VWAP扣分,913.0,921.0,830.0,834.0,0.0088397790055247,0.0176795580110498,-0.0828729281767955,-0.0784530386740332,2026-07-09T16:16:36+00:00
2026-07-06,2026-07-07,2026-07-07,settled,win,65,4535,至興,tpex,電機機械,中性觀察,57.334186645278,28.2,0.0502793296089385,1916615.0,量破5日高、接近20日突破、收在高檔、MACD動能擴大、RSI健康、流動性不足扣分,28.5,29.55,28.3,28.4,0.0106382978723404,0.0478723404255319,0.00354609929078,0.0070921985815601,2026-07-09T16:16:36+00:00
2026-07-06,2026-07-07,2026-07-07,settled,loss,66,6235,華孚,twse,電腦及週邊設備業,中性觀察,57.202290282066045,46.95,0.0622171945701357,350008555.0,量破5日高、接近20日突破、MACD動能擴大、RSI健康、產業相對強、流動性不足扣分,46.4,46.4,43.05,43.1,-0.0117145899893504,-0.0117145899893504,-0.0830670926517572,-0.0820021299254526,2026-07-09T16:16:36+00:00
2026-07-06,2026-07-07,2026-07-07,settled,loss,67,5471,松翰,twse,半導體業,中性觀察,57.14080038554583,63.8,0.0207999999999999,434581377.0,量破5日高、MACD動能擴大、RSI健康、產業相對強、長上影扣分、收低於VWAP扣分,65.3,65.4,60.9,61.1,0.0235109717868338,0.0250783699059562,-0.0454545454545454,-0.0423197492163008,2026-07-09T16:16:36+00:00
2026-07-06,2026-07-07,2026-07-07,settled,loss,68,8255,朋程,tpex,電機機械,中性觀察,57.03929030101612,202.0,0.0831099195710456,1066038147.0,量破5日高、RSI健康,197.0,197.5,182.0,182.5,-0.0247524752475247,-0.0222772277227722,-0.0990099009900989,-0.0965346534653465,2026-07-09T16:16:36+00:00
2026-07-06,2026-07-07,2026-07-07,settled,loss,69,3015,全漢,twse,電子零組件業,中性觀察,56.89554691362639,74.8,0.0999999999999998,625291349.0,接近20日突破、收在高檔、MACD動能擴大、近漲停過熱扣分,74.0,74.3,67.4,67.4,-0.0106951871657753,-0.0066844919786096,-0.0989304812834223,-0.0989304812834223,2026-07-09T16:16:36+00:00
2026-07-06,2026-07-07,2026-07-07,settled,loss,70,2836,高雄銀,twse,金融保險,中性觀察,56.68998504876171,12.55,0.0080321285140563,107879731.0,量破5日高、接近20日突破、收在高檔、MACD動能擴大、流動性不足扣分,12.55,12.6,12.4,12.45,0.0,0.0039840637450199,-0.0119521912350597,-0.0079681274900399,2026-07-09T16:16:36+00:00
2026-07-06,2026-07-07,2026-07-07,settled,loss,71,4116,明基醫,tpex,生技醫療業,中性觀察,56.605014172624976,38.5,0.039136302294197,4146285.0,量破5日高、接近20日突破、MACD動能擴大、RSI健康、流動性不足扣分,38.5,39.5,38.15,38.15,0.0,0.0259740259740259,-0.0090909090909091,-0.0090909090909091,2026-07-09T16:16:36+00:00
2026-07-06,2026-07-07,2026-07-07,settled,loss,72,6202,盛群,twse,電子工業,中性觀察,56.53305643055239,69.1,0.0313432835820894,711898252.0,量破5日高、MACD動能擴大、RSI健康、長上影扣分、收低於VWAP扣分,69.6,69.6,64.5,64.8,0.0072358900144717,0.0072358900144717,-0.0665701881331403,-0.0622286541244573,2026-07-09T16:16:36+00:00
2026-07-06,2026-07-07,2026-07-07,settled,win,73,2886,兆豐金,twse,金融保險,中性觀察,56.45798772666793,46.3,0.0175824175824175,983318012.0,RSI健康,46.25,47.2,46.25,46.8,-0.0010799136069113,0.0194384449244062,-0.0010799136069113,0.0107991360691144,2026-07-09T16:16:36+00:00
2026-07-06,2026-07-07,2026-07-07,settled,loss,74,8996,高力,twse,電機機械,中性觀察,56.41946418499718,1425.0,0.0326086956521738,1047614000.0,RSI健康,1455.0,1455.0,1325.0,1335.0,0.0210526315789474,0.0210526315789474,-0.0701754385964912,-0.063157894736842,2026-07-09T16:16:36+00:00
2026-07-06,2026-07-07,2026-07-07,settled,win,75,6446,藥華藥,twse,化學生技醫療,中性觀察,56.28964467005076,1445.0,0.0358422939068099,3761529220.0,接近20日突破、MACD動能擴大、RSI過熱扣分,1470.0,1540.0,1450.0,1495.0,0.0173010380622837,0.0657439446366781,0.0034602076124568,0.0346020761245675,2026-07-09T16:16:36+00:00
2026-07-06,2026-07-07,2026-07-07,settled,loss,76,6165,浪凡,twse,數位雲端,中性觀察,56.24468577238133,52.0,0.0590631364562117,100694087.0,量破5日高、接近20日突破、收在高檔、MACD動能擴大、RSI健康、流動性不足扣分,52.0,52.9,50.8,51.2,0.0,0.0173076923076922,-0.0230769230769231,-0.0153846153846153,2026-07-09T16:16:36+00:00
2026-07-06,2026-07-07,2026-07-07,settled,loss,77,4989,榮科,twse,電子工業,中性觀察,56.22830128698149,111.0,0.004524886877828,4540750319.0,接近20日突破、MACD動能擴大、收低於VWAP扣分,114.0,115.5,99.9,99.9,0.0270270270270269,0.0405405405405405,-0.0999999999999999,-0.0999999999999999,2026-07-09T16:16:36+00:00
2026-07-06,2026-07-07,2026-07-07,settled,loss,78,5285,界霖,twse,電子工業,中性觀察,56.22649565512489,106.5,0.0990712074303405,778053633.0,量破5日高、收在高檔、RSI健康、近漲停過熱扣分,104.0,108.5,102.0,103.0,-0.0234741784037558,0.0187793427230047,-0.0422535211267606,-0.0328638497652582,2026-07-09T16:16:36+00:00
2026-07-06,2026-07-07,2026-07-07,settled,loss,79,4551,智伸科,twse,汽車工業,中性觀察,55.98162052149817,282.0,0.0641509433962264,498364062.0,量破5日高、接近20日突破、MACD動能擴大、RSI過熱扣分,272.5,290.0,254.0,254.0,-0.0336879432624113,0.0283687943262411,-0.099290780141844,-0.099290780141844,2026-07-09T16:16:36+00:00
2026-07-06,2026-07-07,2026-07-07,settled,loss,80,6175,立敦,tpex,電子零組件業,中性觀察,55.73283135927807,116.5,0.0130434782608694,1131198931.0,RSI健康,116.5,119.5,105.5,107.0,0.0,0.0257510729613734,-0.0944206008583691,-0.0815450643776823,2026-07-09T16:16:36+00:00
2026-07-06,2026-07-07,2026-07-07,settled,loss,81,3624,光頡,tpex,電子零組件業,中性觀察,55.6459121870797,148.0,-0.0451612903225806,289547219.0,量破5日高、RSI健康、收低於VWAP扣分,148.0,155.0,133.5,133.5,0.0,0.0472972972972973,-0.097972972972973,-0.097972972972973,2026-07-09T16:16:36+00:00
2026-07-06,2026-07-07,2026-07-07,settled,loss,82,1773,勝一,twse,化學工業,中性觀察,55.568405801600974,185.0,0.0422535211267605,263138982.0,量破5日高、接近20日突破、MACD動能擴大、RSI健康、流動性不足扣分,185.5,185.5,175.0,175.5,0.0027027027027026,0.0027027027027026,-0.054054054054054,-0.0513513513513513,2026-07-09T16:16:36+00:00
2026-07-06,2026-07-07,2026-07-07,settled,loss,83,2313,華通,twse,電子零組件業,中性觀察,55.29448192420356,235.0,0.0239651416122004,8434741056.0,量破5日高,236.0,236.0,217.5,218.0,0.004255319148936,0.004255319148936,-0.074468085106383,-0.0723404255319148,2026-07-09T16:16:36+00:00
2026-07-06,2026-07-07,2026-07-07,settled,loss,84,6174,安碁,tpex,電子零組件業,中性觀察,55.04791018499189,63.0,0.0194174757281553,814410852.0,量破5日高、接近20日突破、MACD動能擴大、RSI健康、長上影扣分、收低於VWAP扣分,62.5,66.1,57.1,57.9,-0.0079365079365079,0.049206349206349,-0.0936507936507936,-0.080952380952381,2026-07-09T16:16:36+00:00
2026-07-06,2026-07-07,2026-07-07,settled,loss,85,6179,亞通,tpex,其他,中性觀察,54.99978259754907,28.15,0.0602636534839924,142336772.0,量破5日高、接近20日突破、MACD動能擴大、流動性不足扣分,28.25,28.25,26.6,26.95,0.0035523978685614,0.0035523978685614,-0.0550621669626997,-0.0426287744227352,2026-07-09T16:16:36+00:00
2026-07-06,2026-07-07,2026-07-07,settled,loss,86,2406,國碩,twse,電子工業,中性觀察,54.90155765602818,41.45,0.0072904009720535,1225648304.0,收在高檔、RSI健康,41.45,42.4,39.0,39.1,0.0,0.0229191797346199,-0.0591073582629675,-0.0566948130277442,2026-07-09T16:16:36+00:00
2026-07-06,2026-07-07,2026-07-07,settled,win,87,2885,元大金,twse,金融保險,中性觀察,54.813222530649504,68.4,0.0178571428571427,1015644772.0,RSI健康,68.2,71.9,68.1,69.8,-0.0029239766081872,0.0511695906432747,-0.0043859649122808,0.0204678362573098,2026-07-09T16:16:36+00:00
2026-07-06,2026-07-07,2026-07-07,settled,loss,88,6190,萬泰科,tpex,通信網路業,中性觀察,54.71526552354559,87.1,0.0151515151515151,419512112.0,接近20日突破、MACD動能擴大、RSI健康,87.5,88.0,82.5,82.6,0.0045924225028703,0.0103329506314582,-0.052812858783008,-0.0516647531572904,2026-07-09T16:16:36+00:00
2026-07-06,2026-07-07,2026-07-07,settled,loss,89,3317,尼克森,tpex,半導體業,中性觀察,54.71328008840871,105.5,0.0966735966735965,867264491.0,接近20日突破、收在高檔、MACD動能擴大、產業相對強、近漲停過熱扣分,107.0,108.0,95.3,96.9,0.014218009478673,0.0236966824644548,-0.0966824644549763,-0.081516587677725,2026-07-09T16:16:36+00:00
2026-07-06,2026-07-07,2026-07-07,settled,loss,90,8163,達方,twse,電腦及週邊設備業,中性觀察,54.528129704108615,42.7,0.0414634146341463,129401381.0,量破5日高、收在高檔、產業相對強,42.4,42.4,38.45,38.45,-0.0070257611241218,-0.0070257611241218,-0.0995316159250585,-0.0995316159250585,2026-07-09T16:16:36+00:00
2026-07-06,2026-07-07,2026-07-07,settled,win,91,2880,華南金,twse,金融保險,中性觀察,54.49299956937813,38.25,0.0159362549800796,465008795.0,RSI健康,38.0,39.0,38.0,38.95,-0.0065359477124182,0.0196078431372548,-0.0065359477124182,0.0183006535947714,2026-07-09T16:16:36+00:00
2026-07-06,2026-07-07,2026-07-07,settled,loss,92,3481,群創,twse,電子工業,中性觀察,54.39953104150334,69.2,0.0484848484848485,35742720630.0,收在高檔,70.2,72.2,63.8,64.2,0.0144508670520231,0.0433526011560694,-0.0780346820809249,-0.0722543352601156,2026-07-09T16:16:36+00:00
2026-07-06,2026-07-07,2026-07-07,settled,loss,93,7753,星亞,tpex,光電業,中性觀察,54.05604060913706,44.7,0.0567375886524823,2985840.0,量破5日高、收在高檔、MACD動能擴大、RSI健康、流動性不足扣分,44.45,45.8,42.4,42.6,-0.0055928411633109,0.0246085011185681,-0.0514541387024609,-0.0469798657718121,2026-07-09T16:16:36+00:00
2026-07-06,2026-07-07,2026-07-07,settled,win,94,2883,凱基金,twse,金融保險,中性觀察,53.88827908480794,29.0,0.0193321616871704,1180799622.0,收在高檔、RSI健康,28.75,30.9,28.75,30.1,-0.0086206896551723,0.0655172413793103,-0.0086206896551723,0.0379310344827585,2026-07-09T16:16:36+00:00
2026-07-06,2026-07-07,2026-07-07,settled,loss,95,1227,佳格,twse,食品工業,中性觀察,53.866658577131815,30.65,0.0216666666666667,87186850.0,量破5日高、接近20日突破、收在高檔、MACD動能擴大、流動性不足扣分,30.65,30.65,29.9,30.1,0.0,0.0,-0.0244698205546493,-0.0179445350734093,2026-07-09T16:16:36+00:00
2026-07-06,2026-07-07,2026-07-07,settled,loss,96,2364,倫飛,twse,電腦及週邊設備業,中性觀察,53.8086584481508,71.6,0.0513950073421438,33480035.0,量破5日高、收在高檔、MACD動能擴大、RSI健康、產業相對強、流動性不足扣分,71.6,71.7,69.1,69.1,0.0,0.0013966480446927,-0.0349162011173184,-0.0349162011173184,2026-07-09T16:16:36+00:00
2026-07-06,2026-07-07,2026-07-07,settled,loss,97,6197,佳必琪,twse,電子零組件業,中性觀察,53.45959592654521,372.5,0.0,916799914.0,收在高檔、RSI健康,388.5,405.0,355.5,360.0,0.042953020134228,0.0872483221476509,-0.0456375838926174,-0.0335570469798657,2026-07-09T16:16:36+00:00
2026-07-06,2026-07-07,2026-07-07,settled,loss,98,2316,楠梓電,twse,電子零組件業,中性觀察,53.45415115623238,216.0,-0.0248306997742663,277107875.0,RSI健康,219.0,219.0,205.5,205.5,0.0138888888888888,0.0138888888888888,-0.0486111111111111,-0.0486111111111111,2026-07-09T16:16:36+00:00
2026-07-06,2026-07-07,2026-07-07,settled,win,99,8354,冠好,tpex,其他,中性觀察,53.30193694640515,17.75,0.0757575757575756,16356422.0,量破5日高、接近20日突破、MACD動能擴大、流動性不足扣分,18.05,18.6,17.55,17.8,0.0169014084507042,0.0478873239436621,-0.0112676056338028,0.0028169014084507,2026-07-09T16:16:36+00:00
2026-07-06,2026-07-07,2026-07-07,settled,loss,100,2511,太子,twse,建材營造,中性觀察,53.29340292003461,8.64,0.0285714285714286,40715147.0,量破5日高、接近20日突破、收在高檔、MACD動能擴大、流動性不足扣分,8.7,8.73,8.49,8.56,0.0069444444444441,0.0104166666666667,-0.0173611111111111,-0.0092592592592593,2026-07-09T16:16:36+00:00
2026-07-07,2026-07-08,2026-07-08,settled,tie,1,8016,矽創,twse,半導體業,偏多,78.47766700191256,352.0,0.0602409638554217,2731850796.0,量破5日高、接近20日突破、MACD動能擴大、收低於VWAP扣分,346.0,354.5,334.0,352.0,-0.0170454545454545,0.0071022727272727,-0.0511363636363636,0.0,2026-07-09T16:20:44+00:00
2026-07-07,2026-07-08,2026-07-08,settled,win,2,2880,華南金,twse,金融保險,偏多,75.68977625428329,38.95,0.0183006535947714,816929898.0,量破5日高、收在高檔、RSI健康,39.1,39.7,38.8,39.7,0.0038510911424902,0.0192554557124517,-0.0038510911424904,0.0192554557124517,2026-07-09T16:20:44+00:00
2026-07-07,2026-07-08,2026-07-08,settled,loss,3,6919,康霈*,twse,生技醫療業,偏多,74.11575707626461,110.0,0.1,1171242263.0,量破5日高、收在高檔、MACD動能擴大、RSI健康、近漲停過熱扣分,110.5,111.0,103.0,104.5,0.0045454545454546,0.009090909090909,-0.0636363636363636,-0.05,2026-07-09T16:20:44+00:00
2026-07-07,2026-07-08,2026-07-08,settled,loss,4,1476,儒鴻,twse,紡織纖維,偏多,73.45832789387043,340.5,0.0541795665634674,1132004043.0,量破5日高、收在高檔、MACD動能擴大、RSI健康,340.0,350.0,332.0,336.0,-0.0014684287812041,0.0279001468428781,-0.0249632892804698,-0.0132158590308369,2026-07-09T16:20:44+00:00
2026-07-07,2026-07-08,2026-07-08,settled,loss,5,8071,能率網通,tpex,電子零組件業,觀察偏多,71.55458645594584,33.35,0.0775444264943459,408862331.0,量破5日高、收在高檔、MACD動能擴大、RSI健康,33.95,35.1,30.7,30.8,0.0179910044977511,0.0524737631184408,-0.0794602698650674,-0.0764617691154423,2026-07-09T16:20:44+00:00
2026-07-07,2026-07-08,2026-07-08,settled,loss,6,1477,聚陽,twse,紡織纖維,觀察偏多,71.41615942000192,231.5,0.0065217391304348,1148538090.0,量破5日高、MACD動能擴大、RSI健康,233.0,234.0,221.0,224.0,0.0064794816414686,0.0107991360691144,-0.0453563714902808,-0.0323974082073433,2026-07-09T16:20:44+00:00
2026-07-07,2026-07-08,2026-07-08,settled,loss,7,7799,禾榮科,twse,化學生技醫療,觀察偏多,69.57026187698284,466.0,0.0837209302325581,1922178165.0,量破5日高、接近20日突破、MACD動能擴大,473.0,473.0,438.5,442.0,0.0150214592274677,0.0150214592274677,-0.0590128755364807,-0.0515021459227468,2026-07-09T16:20:44+00:00
2026-07-07,2026-07-08,2026-07-08,settled,loss,8,2458,義隆,twse,半導體業,觀察偏多,67.66035604900459,188.0,0.0502793296089385,4320267607.0,量破5日高、MACD動能擴大、RSI健康、長上影扣分、收低於VWAP扣分,187.0,189.5,181.5,186.0,-0.0053191489361702,0.0079787234042554,-0.0345744680851063,-0.0106382978723403,2026-07-09T16:20:44+00:00
2026-07-07,2026-07-08,2026-07-08,settled,loss,9,2059,川湖,twse,電子工業,觀察偏多,66.3654862174579,8260.0,0.0610147719974309,9140813585.0,量破5日高、接近20日突破、MACD動能擴大、收低於VWAP扣分,8415.0,8440.0,7850.0,8095.0,0.0187651331719127,0.0217917675544794,-0.0496368038740919,-0.0199757869249395,2026-07-09T16:20:44+00:00
2026-07-07,2026-07-08,2026-07-08,settled,loss,10,3413,京鼎,twse,電子工業,觀察偏多,65.56828894360474,344.0,0.0568356374807987,3727124433.0,量破5日高、接近20日突破、MACD動能擴大、RSI健康、長上影扣分、收低於VWAP扣分,348.5,351.5,333.0,339.0,0.0130813953488371,0.0218023255813952,-0.0319767441860464,-0.0145348837209302,2026-07-09T16:20:44+00:00
2026-07-07,2026-07-08,2026-07-08,settled,win,11,2883,凱基金,twse,金融保險,觀察偏多,64.19639744477806,30.1,0.0379310344827585,3814660473.0,RSI健康,30.9,31.2,30.4,30.7,0.0265780730897009,0.0365448504983387,0.0099667774086378,0.0199335548172756,2026-07-09T16:20:44+00:00
2026-07-07,2026-07-08,2026-07-08,settled,loss,12,1409,新纖,twse,紡織纖維,觀察偏多,63.45572631225284,31.7,0.0479338842975205,6694122892.0,量破5日高、MACD動能擴大、RSI健康、長上影扣分、收低於VWAP扣分,32.85,32.9,28.9,29.25,0.0362776025236593,0.0378548895899053,-0.0883280757097791,-0.0772870662460567,2026-07-09T16:20:44+00:00
2026-07-07,2026-07-08,2026-07-08,settled,win,13,2637,慧洋-KY,twse,航運業,觀察偏多,63.158735908444015,79.0,0.0076530612244898,353414175.0,量破5日高、MACD動能擴大、RSI健康,79.1,81.4,79.1,80.0,0.0012658227848101,0.0303797468354432,0.0012658227848101,0.0126582278481013,2026-07-09T16:20:44+00:00
2026-07-07,2026-07-08,2026-07-08,settled,win,14,8462,柏文,twse,運動休閒,觀察偏多,60.83523938689309,155.0,0.0264900662251654,43109141.0,量破5日高、接近20日突破、收在高檔、MACD動能擴大、RSI健康、流動性不足扣分,156.0,156.5,153.5,156.0,0.0064516129032257,0.0096774193548387,-0.0096774193548386,0.0064516129032257,2026-07-09T16:20:44+00:00
2026-07-07,2026-07-08,2026-07-08,settled,loss,15,6525,捷敏-KY,twse,電子工業,觀察偏多,60.74376723605724,221.0,0.099502487562189,1745422586.0,接近20日突破、收在高檔、MACD動能擴大、近漲停過熱扣分,214.0,221.0,199.0,199.0,-0.0316742081447963,0.0,-0.0995475113122171,-0.0995475113122171,2026-07-09T16:20:44+00:00
2026-07-07,2026-07-08,2026-07-08,settled,loss,16,6649,台生材,tpex,生技醫療業,觀察偏多,60.7289098659389,39.65,0.0434210526315788,1846554.0,量破5日高、接近20日突破、收在高檔、MACD動能擴大、RSI健康、流動性不足扣分,39.5,40.0,38.5,39.4,-0.0037831021437578,0.008827238335435,-0.0290037831021436,-0.0063051702395964,2026-07-09T16:20:44+00:00
2026-07-07,2026-07-08,2026-07-08,settled,loss,17,2618,長榮航,twse,航運業,觀察偏多,60.61510336906584,42.4,-0.0264064293915039,2824367295.0,量破5日高、RSI健康,40.0,41.95,39.2,39.85,-0.0566037735849056,-0.0106132075471696,-0.0754716981132074,-0.0601415094339622,2026-07-09T16:20:44+00:00
2026-07-07,2026-07-08,2026-07-08,settled,loss,18,4160,訊聯基因,tpex,生技醫療業,觀察偏多,59.66141031245376,43.75,0.0789149198520346,10986804.0,量破5日高、接近20日突破、收在高檔、MACD動能擴大、流動性不足扣分,44.1,44.1,41.95,42.2,0.008,0.008,-0.041142857142857,-0.0354285714285713,2026-07-09T16:20:44+00:00
2026-07-07,2026-07-08,2026-07-08,settled,win,19,8932,智通*,tpex,數位雲端類,觀察偏多,59.39735027174399,115.0,-0.0086206896551723,896436042.0,量破5日高、MACD動能擴大、RSI健康、長上影扣分,116.0,123.5,115.0,119.5,0.0086956521739129,0.0739130434782608,0.0,0.0391304347826086,2026-07-09T16:20:44+00:00
2026-07-07,2026-07-08,2026-07-08,settled,win,20,2885,元大金,twse,金融保險,觀察偏多,59.319198085142574,69.8,0.0204678362573098,2634577251.0,量破5日高、接近20日突破、長上影扣分、收低於VWAP扣分,71.0,71.5,69.9,71.5,0.0171919770773638,0.0243553008595989,0.001432664756447,0.0243553008595989,2026-07-09T16:20:44+00:00
2026-07-07,2026-07-08,2026-07-08,settled,win,21,2838,聯邦銀,twse,金融保險,觀察偏多,58.38324884223417,24.5,0.0381355932203388,105227716.0,量破5日高、接近20日突破、MACD動能擴大、流動性不足扣分,24.5,24.9,24.35,24.7,0.0,0.0163265306122448,-0.0061224489795917,0.0081632653061223,2026-07-09T16:20:44+00:00
2026-07-07,2026-07-08,2026-07-08,settled,loss,22,4736,泰博,twse,生技醫療業,中性觀察,57.58361565787162,126.5,0.0079681274900398,28096741.0,量破5日高、接近20日突破、MACD動能擴大、RSI健康、流動性不足扣分,126.5,127.5,125.5,126.0,0.0,0.0079051383399209,-0.0079051383399209,-0.0039525691699604,2026-07-09T16:20:44+00:00
2026-07-07,2026-07-08,2026-07-08,settled,loss,23,5536,聖暉*,tpex,其他電子類,中性觀察,57.425957120980094,1395.0,-0.0278745644599303,1553864110.0,量破5日高,1360.0,1365.0,1260.0,1260.0,-0.025089605734767,-0.021505376344086,-0.0967741935483871,-0.0967741935483871,2026-07-09T16:20:44+00:00
2026-07-07,2026-07-08,2026-07-08,settled,loss,24,4120,友華,tpex,生技醫療業,中性觀察,57.2353391118786,48.2,0.0455531453362256,8781628.0,量破5日高、接近20日突破、收在高檔、MACD動能擴大、流動性不足扣分,47.8,48.1,46.45,47.5,-0.008298755186722,-0.0020746887966804,-0.0363070539419086,-0.0145228215767635,2026-07-09T16:20:44+00:00
2026-07-07,2026-07-08,2026-07-08,settled,win,25,1216,統一,twse,食品工業,中性觀察,57.1896646529881,78.0,0.0025706940874037,1577952403.0,MACD動能擴大、RSI健康、長上影扣分,78.0,79.0,77.9,78.6,0.0,0.0128205128205127,-0.0012820512820511,0.0076923076923076,2026-07-09T16:20:44+00:00
2026-07-07,2026-07-08,2026-07-08,settled,win,26,1795,美時,twse,生技醫療業,中性觀察,55.914219600694736,207.0,0.0122249388753055,1177509747.0,量破5日高、接近20日突破、MACD動能擴大、RSI健康、長上影扣分、收低於VWAP扣分,212.0,217.0,207.5,209.5,0.0241545893719807,0.0483091787439613,0.002415458937198,0.0120772946859903,2026-07-09T16:20:44+00:00
2026-07-07,2026-07-08,2026-07-08,settled,loss,27,2352,佳世達,twse,電腦及週邊設備業,中性觀察,55.77786367858557,34.45,-0.0268361581920902,2034554165.0,量破5日高、MACD動能擴大、RSI健康、收低於VWAP扣分,35.4,35.7,33.65,34.4,0.0275761973875179,0.0362844702467344,-0.0232220609579101,-0.0014513788098694,2026-07-09T16:20:44+00:00
2026-07-07,2026-07-08,2026-07-08,settled,win,28,6727,亞泰金屬,tpex,電子零組件業,中性觀察,55.69599319627682,495.0,0.0112359550561798,2190977452.0,量破5日高、MACD動能擴大、RSI健康、長上影扣分、收低於VWAP扣分,506.0,544.0,481.5,544.0,0.0222222222222221,0.0989898989898989,-0.0272727272727272,0.0989898989898989,2026-07-09T16:20:44+00:00
2026-07-07,2026-07-08,2026-07-08,settled,win,29,5876,上海商銀,twse,金融保險,中性觀察,55.62666959552218,42.4,0.0167865707434051,466841933.0,RSI健康,42.4,42.55,42.1,42.55,0.0,0.0035377358490564,-0.0070754716981131,0.0035377358490564,2026-07-09T16:20:44+00:00
2026-07-07,2026-07-08,2026-07-08,settled,loss,30,6841,長佳智能,tpex,生技醫療業,中性觀察,55.44867414050097,67.7,0.019578313253012,225456823.0,量破5日高、接近20日突破、MACD動能擴大、流動性不足扣分,68.0,68.8,65.5,66.7,0.0044313146233381,0.0162481536189069,-0.0324963072378139,-0.0147710487444608,2026-07-09T16:20:44+00:00
2026-07-07,2026-07-08,2026-07-08,settled,loss,31,6508,惠光,tpex,農業科技業,中性觀察,54.88626556660833,25.55,0.028169014084507,2362760.0,量破5日高、接近20日突破、MACD動能擴大、流動性不足扣分,25.0,25.4,24.7,25.2,-0.0215264187866928,-0.0058708414872798,-0.0332681017612525,-0.0136986301369863,2026-07-09T16:20:44+00:00
2026-07-07,2026-07-08,2026-07-08,settled,loss,32,6579,研揚,twse,電子工業,中性觀察,54.68325393295886,179.0,0.0881458966565349,921734985.0,量破5日高、接近20日突破、收在高檔、MACD動能擴大、RSI健康、流動性不足扣分,181.5,181.5,169.0,172.5,0.0139664804469272,0.0139664804469272,-0.0558659217877095,-0.0363128491620111,2026-07-09T16:20:44+00:00
2026-07-07,2026-07-08,2026-07-08,settled,loss,33,6259,百徽,tpex,電子零組件業,中性觀察,54.34437212863706,42.6,0.0993548387096774,290786204.0,量破5日高、接近20日突破、收在高檔、MACD動能擴大、RSI健康、近漲停過熱扣分、流動性不足扣分,42.6,43.3,38.75,39.35,0.0,0.016431924882629,-0.0903755868544601,-0.0762910798122066,2026-07-09T16:20:44+00:00
2026-07-07,2026-07-08,2026-07-08,settled,tie,34,4166,友霖,tpex,生技醫療業,中性觀察,54.24593818794405,27.2,0.0501930501930503,31658613.0,量破5日高、MACD動能擴大、RSI健康、流動性不足扣分,27.4,27.4,26.5,27.2,0.0073529411764705,0.0073529411764705,-0.025735294117647,0.0,2026-07-09T16:20:44+00:00
2026-07-07,2026-07-08,2026-07-08,settled,win,35,6197,佳必琪,twse,電子零組件業,中性觀察,54.0579230591088,360.0,-0.0335570469798657,2518425286.0,量破5日高、RSI健康、收低於VWAP扣分,368.0,369.5,348.0,369.0,0.0222222222222221,0.0263888888888887,-0.0333333333333333,0.0249999999999999,2026-07-09T16:20:44+00:00
2026-07-07,2026-07-08,2026-07-08,settled,win,36,2332,友訊,twse,電子工業,中性觀察,53.95375904271241,19.95,0.0230769230769229,358032538.0,收在高檔、MACD動能擴大、RSI健康,19.6,21.9,18.9,21.9,-0.0175438596491227,0.0977443609022556,-0.0526315789473684,0.0977443609022556,2026-07-09T16:20:44+00:00
2026-07-07,2026-07-08,2026-07-08,settled,loss,37,6121,新普,tpex,電腦及週邊設備業,中性觀察,53.82460693982405,447.0,-0.0438502673796791,1875410854.0,量破5日高、MACD動能擴大、RSI健康、收低於VWAP扣分,443.0,468.0,443.0,444.5,-0.0089485458612975,0.0469798657718121,-0.0089485458612975,-0.0055928411633109,2026-07-09T16:20:44+00:00
2026-07-07,2026-07-08,2026-07-08,settled,loss,38,2493,揚博,twse,電子零組件業,中性觀察,53.793025558430585,280.5,-0.008833922261484,1402724640.0,RSI健康,290.0,294.5,267.0,270.0,0.0338680926916221,0.0499108734402851,-0.0481283422459892,-0.0374331550802139,2026-07-09T16:20:44+00:00
2026-07-07,2026-07-08,2026-07-08,settled,win,39,2889,國票金,twse,金融保險,中性觀察,53.78609385874924,15.3,0.0065789473684212,135826187.0,量破5日高、收在高檔、MACD動能擴大、RSI健康、流動性不足扣分,15.5,15.95,15.5,15.7,0.0130718954248365,0.0424836601307188,0.0130718954248365,0.0261437908496731,2026-07-09T16:20:44+00:00
2026-07-07,2026-07-08,2026-07-08,settled,loss,40,5392,能率,tpex,光電業,中性觀察,53.674108209362686,49.35,0.0164778578784758,515388515.0,MACD動能擴大、RSI健康,49.35,49.9,47.4,48.1,0.0,0.0111448834853089,-0.0395136778115502,-0.0253292806484295,2026-07-09T16:20:44+00:00
2026-07-07,2026-07-08,2026-07-08,settled,win,41,2887,台新新光金,twse,金融保險,中性觀察,53.52419601837671,34.9,0.0174927113702625,2999080270.0,接近20日突破、MACD動能擴大、長上影扣分、收低於VWAP扣分,35.45,36.0,35.2,35.85,0.0157593123209169,0.0315186246418337,0.0085959885386821,0.0272206303724928,2026-07-09T16:20:44+00:00
2026-07-07,2026-07-08,2026-07-08,settled,loss,42,5351,鈺創,tpex,半導體業,中性觀察,53.41302253631885,93.1,0.0355951056729697,5738268157.0,量破5日高、RSI健康、長上影扣分、收低於VWAP扣分,94.2,94.4,88.0,89.3,0.0118152524167562,0.0139634801288937,-0.0547798066595058,-0.0408163265306121,2026-07-09T16:20:44+00:00
2026-07-07,2026-07-08,2026-07-08,settled,win,43,3022,威強電,twse,電腦及週邊設備業,中性觀察,53.11686394611586,87.6,0.0092165898617511,223046513.0,MACD動能擴大、RSI健康,92.0,95.7,90.2,94.3,0.0502283105022831,0.0924657534246575,0.0296803652968038,0.0764840182648403,2026-07-09T16:20:44+00:00
2026-07-07,2026-07-08,2026-07-08,settled,win,44,6130,上亞科技,tpex,生技醫療業,中性觀察,52.56639463369818,24.45,0.01875,19930737.0,量破5日高、MACD動能擴大、RSI健康、流動性不足扣分,24.5,24.6,24.1,24.55,0.0020449897750511,0.0061349693251535,-0.0143149284253577,0.0040899795501023,2026-07-09T16:20:44+00:00
2026-07-07,2026-07-08,2026-07-08,settled,win,45,8930,青鋼,tpex,鋼鐵工業,中性觀察,52.39466112739744,30.0,0.0619469026548673,15229354.0,量破5日高、接近20日突破、MACD動能擴大、流動性不足扣分,30.0,30.5,29.5,30.35,0.0,0.0166666666666666,-0.0166666666666667,0.0116666666666667,2026-07-09T16:20:44+00:00
2026-07-07,2026-07-08,2026-07-08,settled,loss,46,9944,新麗,twse,其他,中性觀察,52.08056146337066,18.05,0.0027777777777777,1909386.0,量破5日高、MACD動能擴大、RSI健康、流動性不足扣分,18.1,18.1,17.85,17.85,0.002770083102493,0.002770083102493,-0.0110803324099723,-0.0110803324099723,2026-07-09T16:20:44+00:00
2026-07-07,2026-07-08,2026-07-08,settled,win,47,2892,第一金,twse,金融保險,中性觀察,51.87880185029297,33.3,0.0075642965204236,1378117558.0,接近20日突破、RSI健康、長上影扣分,33.25,34.1,33.2,34.1,-0.0015015015015014,0.0240240240240241,-0.0030030030030028,0.0240240240240241,2026-07-09T16:20:44+00:00
2026-07-07,2026-07-08,2026-07-08,settled,loss,48,6794,向榮生技,twse,生技醫療業,中性觀察,51.840869665612416,85.2,0.0466830466830465,13459748.0,接近20日突破、收在高檔、MACD動能擴大、RSI健康、流動性不足扣分,85.1,85.2,82.3,82.3,-0.0011737089201878,0.0,-0.0340375586854461,-0.0340375586854461,2026-07-09T16:20:44+00:00
2026-07-07,2026-07-08,2026-07-08,settled,win,49,4163,鐿鈦,tpex,生技醫療業,中性觀察,51.64402776324592,135.0,0.08,48419360.0,量破5日高、收在高檔、MACD動能擴大、流動性不足扣分,144.0,148.5,136.0,136.0,0.0666666666666666,0.1,0.0074074074074073,0.0074074074074073,2026-07-09T16:20:44+00:00
2026-07-07,2026-07-08,2026-07-08,settled,win,50,5704,老爺知,tpex,觀光餐旅,中性觀察,51.59862658309339,21.55,0.0,481471.0,量破5日高、收在高檔、MACD動能擴大、RSI健康、流動性不足扣分,21.55,21.65,21.4,21.65,0.0,0.0046403712296982,-0.0069605568445476,0.0046403712296982,2026-07-09T16:20:44+00:00
2026-07-07,2026-07-08,2026-07-08,settled,win,51,1777,生泰,tpex,生技醫療業,中性觀察,51.42029798481062,74.6,0.010840108401084,7707839.0,量破5日高、接近20日突破、MACD動能擴大、流動性不足扣分,74.6,75.1,74.6,75.0,0.0,0.0067024128686326,0.0,0.0053619302949061,2026-07-09T16:20:44+00:00
2026-07-07,2026-07-08,2026-07-08,settled,win,52,2369,菱生,twse,電子工業,中性觀察,51.23755310477694,41.55,-0.0381944444444445,2525464911.0,量破5日高、RSI健康、收低於VWAP扣分,42.15,44.75,41.1,42.7,0.0144404332129963,0.0770156438026474,-0.0108303249097472,0.0276774969915765,2026-07-09T16:20:44+00:00
2026-07-07,2026-07-08,2026-07-08,settled,win,53,6949,沛爾生醫-創,twse,生技醫療業,中性觀察,51.21571884288237,920.0,0.0325476992143658,307222531.0,量破5日高、RSI健康、長上影扣分,930.0,978.0,927.0,960.0,0.0108695652173913,0.0630434782608695,0.0076086956521739,0.0434782608695651,2026-07-09T16:20:44+00:00
2026-07-07,2026-07-08,2026-07-08,settled,win,54,6414,樺漢,twse,電腦及週邊設備業,中性觀察,51.14723284221202,400.0,0.0416666666666667,1616993397.0,量破5日高、MACD動能擴大、長上影扣分、收低於VWAP扣分,404.0,410.0,393.0,404.0,0.01,0.0249999999999999,-0.0174999999999999,0.01,2026-07-09T16:20:44+00:00
2026-07-07,2026-07-08,2026-07-08,settled,loss,55,6923,中台,twse,綠能環保,中性觀察,51.07343820376549,80.4,0.0190114068441065,37036928.0,量破5日高、收在高檔、MACD動能擴大、RSI健康、流動性不足扣分,80.5,80.5,77.1,77.1,0.0012437810945273,0.0012437810945273,-0.0410447761194031,-0.0410447761194031,2026-07-09T16:20:44+00:00
2026-07-07,2026-07-08,2026-07-08,missing,missing,56,5276,達輝-KY,tpex,其他,中性觀察,51.06778781763195,19.75,0.0128205128205127,431537.0,接近20日突破、收在高檔、MACD動能擴大、RSI健康、流動性不足扣分,,,,,,,,,2026-07-09T16:20:44+00:00
2026-07-07,2026-07-08,2026-07-08,settled,win,57,2912,統一超,twse,貿易百貨,中性觀察,50.5249922869969,240.0,0.0,831610321.0,接近20日突破、MACD動能擴大、RSI健康、長上影扣分,240.0,242.0,239.5,241.0,0.0,0.0083333333333333,-0.0020833333333333,0.0041666666666666,2026-07-09T16:20:44+00:00
2026-07-07,2026-07-08,2026-07-08,settled,win,58,6590,普鴻,tpex,資訊服務業,中性觀察,50.24320805926172,68.6,0.0331325301204816,3251870.0,量破5日高、MACD動能擴大、RSI健康、流動性不足扣分,68.6,68.8,66.8,68.8,0.0,0.0029154518950438,-0.0262390670553935,0.0029154518950438,2026-07-09T16:20:44+00:00
2026-07-07,2026-07-08,2026-07-08,settled,loss,59,4568,科際精密,tpex,電機機械,中性觀察,50.179560681470136,41.8,0.0133333333333331,540408.0,接近20日突破、收在高檔、MACD動能擴大、RSI健康、流動性不足扣分,41.0,41.35,40.8,41.35,-0.0191387559808611,-0.0107655502392343,-0.0239234449760765,-0.0107655502392343,2026-07-09T16:20:44+00:00
2026-07-07,2026-07-08,2026-07-08,settled,loss,60,4907,富宇,tpex,建材營造,中性觀察,50.05601981984391,42.05,-0.0023724792408066,6828978.0,量破5日高、MACD動能擴大、RSI健康、流動性不足扣分,41.5,41.9,41.05,41.9,-0.0130796670630201,-0.0035671819262782,-0.0237812128418549,-0.0035671819262782,2026-07-09T16:20:44+00:00
2026-07-07,2026-07-08,2026-07-08,settled,loss,61,8114,振樺電,twse,電子工業,中性觀察,49.933365784462815,216.5,0.0535279805352797,474544031.0,量破5日高、MACD動能擴大、RSI健康、長上影扣分,220.0,220.5,209.0,210.5,0.0161662817551964,0.0184757505773671,-0.0346420323325634,-0.0277136258660508,2026-07-09T16:20:44+00:00
2026-07-07,2026-07-08,2026-07-08,settled,loss,62,3693,營邦,tpex,電腦及週邊設備業,中性觀察,49.134948283876525,542.0,0.0982776089159067,576850600.0,量破5日高、MACD動能擴大、RSI健康、近漲停過熱扣分,550.0,550.0,508.0,520.0,0.014760147601476,0.014760147601476,-0.0627306273062731,-0.040590405904059,2026-07-09T16:20:44+00:00
2026-07-07,2026-07-08,2026-07-08,settled,win,63,2102,泰豐,twse,橡膠工業,中性觀察,49.07600006571236,18.85,0.002659574468085,12698543.0,量破5日高、MACD動能擴大、RSI健康、流動性不足扣分,18.85,19.2,18.75,19.05,0.0,0.0185676392572942,-0.0053050397877985,0.0106100795755967,2026-07-09T16:20:44+00:00
2026-07-07,2026-07-08,2026-07-08,settled,win,64,6712,長聖,tpex,生技醫療業,中性觀察,49.00074655436448,177.5,0.0990712074303405,770781524.0,量破5日高、接近20日突破、收在高檔、MACD動能擴大、近漲停過熱扣分、流動性不足扣分,183.0,184.0,173.5,183.0,0.0309859154929577,0.0366197183098591,-0.0225352112676056,0.0309859154929577,2026-07-09T16:20:44+00:00
2026-07-07,2026-07-08,2026-07-08,settled,loss,65,6807,峰源-KY,twse,居家生活,中性觀察,48.763418836140886,33.6,-0.00148588410104,1182831.0,量破5日高、收在高檔、MACD動能擴大、RSI健康、流動性不足扣分,33.15,33.55,33.15,33.25,-0.0133928571428572,-0.0014880952380953,-0.0133928571428572,-0.0104166666666667,2026-07-09T16:20:44+00:00
2026-07-07,2026-07-08,2026-07-08,settled,win,66,2383,台光電,twse,電子零組件業,中性觀察,48.37036206519362,5220.0,-0.0465753424657534,21640198790.0,量破5日高、RSI健康、收低於VWAP扣分,5350.0,5555.0,5250.0,5315.0,0.0249042145593869,0.0641762452107279,0.0057471264367816,0.0181992337164751,2026-07-09T16:20:44+00:00
2026-07-07,2026-07-08,2026-07-08,settled,win,67,6934,心誠鎂,twse,生技醫療業,中性觀察,48.16944803823204,68.9,0.0132352941176472,7272059.0,量破5日高、收在高檔、MACD動能擴大、RSI健康、流動性不足扣分,68.7,75.0,68.7,73.6,-0.0029027576197387,0.0885341074020318,-0.0029027576197387,0.0682148040638606,2026-07-09T16:20:44+00:00
2026-07-07,2026-07-08,2026-07-08,settled,loss,68,2481,強茂,twse,電子工業,中性觀察,48.061734303215935,216.0,-0.0505494505494505,2653721077.0,量破5日高、收低於VWAP扣分,228.0,228.0,203.5,211.5,0.0555555555555555,0.0555555555555555,-0.0578703703703703,-0.0208333333333333,2026-07-09T16:20:44+00:00
2026-07-07,2026-07-08,2026-07-08,settled,tie,69,2886,兆豐金,twse,金融保險,中性觀察,47.98798155367139,46.8,0.0107991360691144,1703876931.0,RSI健康、長上影扣分,46.8,47.25,46.5,46.8,0.0,0.0096153846153845,-0.0064102564102563,0.0,2026-07-09T16:20:44+00:00
2026-07-07,2026-07-08,2026-07-08,settled,win,70,3481,群創,twse,電子工業,中性觀察,47.88140177204114,64.2,-0.0722543352601156,50029370760.0,量破5日高、RSI健康、收低於VWAP扣分,66.1,66.7,62.4,65.2,0.0295950155763238,0.0389408099688473,-0.0280373831775702,0.0155763239875388,2026-07-09T16:20:44+00:00
2026-07-07,2026-07-08,2026-07-08,settled,win,71,1236,宏亞,twse,食品工業,中性觀察,47.64643959555535,26.05,0.0195694716242662,8951608.0,量破5日高、接近20日突破、流動性不足扣分,26.4,27.35,26.05,26.3,0.0134357005758156,0.0499040307101728,0.0,0.0095969289827255,2026-07-09T16:20:44+00:00
2026-07-07,2026-07-08,2026-07-08,settled,loss,72,4513,福裕,tpex,電機機械,中性觀察,47.34485613609209,17.65,0.06006006006006,49568709.0,量破5日高、MACD動能擴大、RSI健康、收低於VWAP扣分、流動性不足扣分,18.0,18.0,16.9,17.35,0.0198300283286119,0.0198300283286119,-0.0424929178470254,-0.01699716713881,2026-07-09T16:20:44+00:00
2026-07-07,2026-07-08,2026-07-08,settled,win,73,2834,臺企銀,twse,金融保險,中性觀察,46.95034025017443,18.1,0.0055555555555555,559285549.0,接近20日突破、RSI健康、長上影扣分,18.1,18.25,17.9,18.25,0.0,0.0082872928176793,-0.0110497237569062,0.0082872928176793,2026-07-09T16:20:44+00:00
2026-07-07,2026-07-08,2026-07-08,settled,loss,74,8131,福懋科,twse,電子工業,中性觀察,46.83388607692535,79.0,-0.0389294403892944,1901113418.0,量破5日高、MACD動能擴大、RSI健康、收低於VWAP扣分,79.0,79.3,74.3,75.0,0.0,0.0037974683544304,-0.0594936708860759,-0.0506329113924051,2026-07-09T16:20:44+00:00
2026-07-07,2026-07-08,2026-07-08,settled,loss,75,6767,台微醫,tpex,生技醫療業,中性觀察,46.7837606328423,27.7,0.0165137614678898,411050.0,接近20日突破、收在高檔、MACD動能擴大、流動性不足扣分,27.65,27.65,26.25,27.5,-0.0018050541516245,-0.0018050541516245,-0.0523465703971118,-0.0072202166064981,2026-07-09T16:20:44+00:00
2026-07-07,2026-07-08,2026-07-08,settled,loss,76,5314,世紀*,tpex,其他,中性觀察,46.76308930055359,67.8,0.0029585798816569,854462686.0,RSI健康,69.8,70.5,65.9,67.4,0.0294985250737462,0.0398230088495574,-0.0280235988200588,-0.0058997050147491,2026-07-09T16:20:44+00:00
2026-07-07,2026-07-08,2026-07-08,settled,win,77,4744,皇將,tpex,生技醫療業,中性觀察,46.7515738804019,29.0,0.0681399631675876,6691399.0,量破5日高、收在高檔、MACD動能擴大、流動性不足扣分,28.05,29.25,27.85,29.25,-0.0327586206896551,0.0086206896551723,-0.039655172413793,0.0086206896551723,2026-07-09T16:20:44+00:00
2026-07-07,2026-07-08,2026-07-08,settled,loss,78,1609,大亞,twse,電器電纜,中性觀察,46.43112325990902,41.95,-0.041142857142857,1913670173.0,量破5日高、MACD動能擴大、RSI健康、收低於VWAP扣分,42.45,42.45,38.9,39.5,0.0119189511323003,0.0119189511323003,-0.0727056019070322,-0.0584028605482718,2026-07-09T16:20:44+00:00
2026-07-07,2026-07-08,2026-07-08,settled,loss,79,6435,大中,tpex,半導體業,中性觀察,46.27092906437529,399.0,-0.05,2554508168.0,量破5日高、收低於VWAP扣分,395.0,395.0,364.5,388.0,-0.0100250626566416,-0.0100250626566416,-0.0864661654135338,-0.0275689223057644,2026-07-09T16:20:44+00:00
2026-07-07,2026-07-08,2026-07-08,settled,loss,80,6263,普萊德,tpex,通信網路業,中性觀察,46.0864471669219,171.0,0.0178571428571427,129694382.0,量破5日高、MACD動能擴大、RSI健康、流動性不足扣分,172.0,172.0,165.5,169.0,0.0058479532163742,0.0058479532163742,-0.0321637426900585,-0.0116959064327485,2026-07-09T16:20:44+00:00
2026-07-07,2026-07-08,2026-07-08,settled,win,81,3632,研勤,tpex,通信網路業,中性觀察,45.60099540581929,8.57,0.0987179487179488,208399.0,量破5日高、收在高檔、MACD動能擴大、RSI健康、近漲停過熱扣分、流動性不足扣分,8.6,8.6,8.59,8.59,0.0035005834305716,0.0035005834305716,0.0023337222870478,0.0023337222870478,2026-07-09T16:20:44+00:00
2026-07-07,2026-07-08,2026-07-08,settled,win,82,2610,華航,twse,航運業,中性觀察,45.576818529862166,22.0,-0.020044543429844,1187635460.0,RSI健康,22.1,22.95,21.9,22.05,0.0045454545454546,0.0431818181818182,-0.0045454545454546,0.0022727272727272,2026-07-09T16:20:44+00:00
2026-07-07,2026-07-08,2026-07-08,settled,win,83,6446,藥華藥,twse,化學生技醫療,中性觀察,45.4062212863706,1495.0,0.0346020761245675,5346883930.0,接近20日突破、MACD動能擴大、RSI過熱扣分、長上影扣分,1560.0,1570.0,1490.0,1530.0,0.0434782608695651,0.0501672240802675,-0.0033444816053511,0.0234113712374581,2026-07-09T16:20:44+00:00
2026-07-07,2026-07-08,2026-07-08,settled,loss,84,4192,杏國,tpex,生技醫療業,中性觀察,45.37025659754354,20.95,-0.0164319248826291,544130.0,量破5日高、收在高檔、MACD動能擴大、RSI健康、流動性不足扣分,20.4,20.4,20.0,20.35,-0.026252983293556,-0.026252983293556,-0.0453460620525059,-0.0286396181384247,2026-07-09T16:20:44+00:00
2026-07-07,2026-07-08,2026-07-08,settled,loss,85,6176,瑞儀,twse,電子工業,中性觀察,45.21763334853196,91.2,-0.0086956521739129,479371502.0,MACD動能擴大、RSI健康,91.2,92.0,89.9,90.9,0.0,0.0087719298245614,-0.0142543859649122,-0.0032894736842105,2026-07-09T16:20:44+00:00
2026-07-07,2026-07-08,2026-07-08,settled,loss,86,3236,千如,tpex,電子零組件業,中性觀察,45.14376704142232,64.8,-0.029940119760479,606571620.0,RSI健康,64.1,64.1,60.4,62.0,-0.0108024691358025,-0.0108024691358025,-0.0679012345679012,-0.0432098765432098,2026-07-09T16:20:44+00:00
2026-07-07,2026-07-08,2026-07-08,settled,loss,87,8464,億豐,twse,居家生活,中性觀察,45.10733921114453,370.0,0.0,266364466.0,RSI健康,370.5,375.0,359.0,359.0,0.0013513513513514,0.0135135135135135,-0.0297297297297297,-0.0297297297297297,2026-07-09T16:20:44+00:00
2026-07-07,2026-07-08,2026-07-08,settled,win,88,3624,光頡,tpex,電子零組件業,中性觀察,45.06902756508424,133.5,-0.097972972972973,294122871.0,量破5日高、RSI健康、收低於VWAP扣分,136.5,140.0,125.0,140.0,0.0224719101123596,0.0486891385767789,-0.0636704119850187,0.0486891385767789,2026-07-09T16:20:44+00:00
2026-07-07,2026-07-08,2026-07-08,settled,win,89,6913,鴻呈,tpex,電子零組件業,中性觀察,45.01588820826953,125.0,0.0,26906800.0,量破5日高、MACD動能擴大、RSI健康、流動性不足扣分,132.0,133.0,123.5,125.5,0.056,0.064,-0.012,0.004,2026-07-09T16:20:44+00:00
2026-07-07,2026-07-08,2026-07-08,settled,win,90,5880,合庫金,twse,金融保險,低優先,44.70664366487402,24.9,0.0020120724346075,426383635.0,RSI健康、長上影扣分,24.95,25.1,24.85,25.1,0.002008032128514,0.0080321285140563,-0.0020080321285139,0.0080321285140563,2026-07-09T16:20:44+00:00
2026-07-07,2026-07-08,2026-07-08,settled,loss,91,8426,紅木-KY,tpex,其他,低優先,44.69079523080296,20.85,0.0072463768115942,1061116.0,量破5日高、MACD動能擴大、RSI健康、流動性不足扣分,20.2,20.2,19.9,19.9,-0.0311750599520385,-0.0311750599520385,-0.0455635491606716,-0.0455635491606716,2026-07-09T16:20:44+00:00
2026-07-07,2026-07-08,2026-07-08,settled,tie,92,4198,欣大健康,tpex,生技醫療業,低優先,44.6199052990429,41.75,-0.0011961722488037,305290.0,接近20日突破、收在高檔、MACD動能擴大、RSI健康、流動性不足扣分,41.2,41.75,41.2,41.75,-0.0131736526946106,0.0,-0.0131736526946106,0.0,2026-07-09T16:20:44+00:00
2026-07-07,2026-07-08,2026-07-08,settled,loss,93,3066,李洲,tpex,光電業,低優先,44.512939648030525,30.2,0.0360205831903945,181561967.0,量破5日高、接近20日突破、MACD動能擴大、RSI過熱扣分、流動性不足扣分,31.2,31.45,28.45,29.0,0.0331125827814569,0.0413907284768211,-0.0579470198675496,-0.0397350993377483,2026-07-09T16:20:44+00:00
2026-07-07,2026-07-08,2026-07-08,settled,loss,94,2812,台中銀,twse,金融保險,低優先,44.48434528241003,20.65,0.0048661800486617,321054998.0,接近20日突破、MACD動能擴大、長上影扣分,20.7,20.75,20.45,20.6,0.0024213075060532,0.0048426150121065,-0.009685230024213,-0.0024213075060531,2026-07-09T16:20:44+00:00
2026-07-07,2026-07-08,2026-07-08,settled,loss,95,8109,博大,tpex,電子零組件業,低優先,44.34222817764166,161.5,0.0453074433656957,868853774.0,量破5日高、接近20日突破、MACD動能擴大、RSI過熱扣分、流動性不足扣分,154.0,157.5,149.0,155.5,-0.0464396284829721,-0.024767801857585,-0.0773993808049535,-0.0371517027863776,2026-07-09T16:20:44+00:00
2026-07-07,2026-07-08,2026-07-08,settled,win,96,4931,新盛力,tpex,電腦及週邊設備業,低優先,44.221969333194906,247.5,-0.0517241379310344,4081168231.0,量破5日高、RSI健康、收低於VWAP扣分,260.0,272.0,259.0,272.0,0.0505050505050506,0.0989898989898989,0.0464646464646465,0.0989898989898989,2026-07-09T16:20:44+00:00
2026-07-07,2026-07-08,2026-07-08,settled,loss,97,8411,福貞-KY,twse,其他,低優先,44.13888606099725,12.45,0.004032258064516,817887.0,接近20日突破、收在高檔、MACD動能擴大、RSI健康、流動性不足扣分,12.45,12.45,12.35,12.4,0.0,0.0,-0.0080321285140562,-0.004016064257028,2026-07-09T16:20:44+00:00
2026-07-07,2026-07-08,2026-07-08,settled,win,98,6182,合晶,tpex,半導體業,低優先,44.12087848981034,145.5,-0.0673076923076922,16280244250.0,RSI健康,149.0,160.0,145.0,160.0,0.0240549828178693,0.0996563573883162,-0.0034364261168384,0.0996563573883162,2026-07-09T16:20:44+00:00
2026-07-07,2026-07-08,2026-07-08,settled,win,99,2881,富邦金,twse,金融保險,低優先,44.03390418830279,123.0,0.0123456790123457,2594022933.0,收在高檔,124.0,126.0,122.5,126.0,0.0081300813008129,0.024390243902439,-0.0040650406504064,0.024390243902439,2026-07-09T16:20:44+00:00
2026-07-07,2026-07-08,2026-07-08,settled,win,100,6840,東研信超,tpex,其他電子類,低優先,44.02618683001533,65.9,0.0138461538461538,7525235.0,量破5日高、MACD動能擴大、RSI健康、流動性不足扣分,69.0,69.0,65.0,66.6,0.0470409711684369,0.0470409711684369,-0.0136570561456753,0.0106221547799694,2026-07-09T16:20:44+00:00
2026-07-09,2026-07-10,2026-07-13,settled,loss,1,2887,台新新光金,twse,金融保險,偏多,78.83986572890029,36.85,0.0278940027894003,4107118794.0,量破5日高、接近20日突破、MACD動能擴大,37.3,37.75,35.6,35.75,0.0122116689280866,0.0244233378561735,-0.0339213025780189,-0.0298507462686568,2026-07-13T13:31:09+00:00
2026-07-09,2026-07-10,2026-07-13,settled,win,2,8039,台虹,twse,電子零組件業,偏多,78.33558725140402,154.0,0.1,2511447949.0,量破5日高、收在高檔、MACD動能擴大、RSI健康、近漲停過熱扣分,169.0,169.0,169.0,169.0,0.0974025974025973,0.0974025974025973,0.0974025974025973,0.0974025974025973,2026-07-13T13:31:09+00:00
2026-07-09,2026-07-10,2026-07-13,settled,loss,3,5471,松翰,twse,電子工業,偏多,76.3205118639398,67.6,0.0747217806041333,1135220860.0,量破5日高、接近20日突破、收在高檔、MACD動能擴大、RSI健康,68.0,69.1,64.7,65.0,0.0059171597633136,0.022189349112426,-0.0428994082840235,-0.0384615384615384,2026-07-13T13:31:09+00:00
2026-07-09,2026-07-10,2026-07-13,settled,loss,4,8091,翔名,tpex,半導體業,偏多,75.48106007625059,295.0,0.0592459605026929,789392672.0,量破5日高、MACD動能擴大、RSI健康,298.5,299.0,273.5,277.5,0.0118644067796609,0.0135593220338983,-0.0728813559322033,-0.059322033898305,2026-07-13T13:31:09+00:00
2026-07-09,2026-07-10,2026-07-13,settled,win,5,3211,順達,tpex,電腦及週邊設備業,偏多,74.31709175629751,454.0,0.0619883040935671,12844269557.0,量破5日高、MACD動能擴大、RSI健康、產業相對強,490.0,495.0,449.5,457.5,0.0792951541850219,0.0903083700440527,-0.0099118942731277,0.0077092511013214,2026-07-13T13:31:09+00:00
2026-07-09,2026-07-10,2026-07-13,settled,win,6,8046,南電,twse,電子工業,偏多,73.52634271099745,1215.0,0.0995475113122172,29270658415.0,量破5日高、收在高檔、MACD動能擴大、近漲停過熱扣分,1280.0,1335.0,1265.0,1270.0,0.0534979423868313,0.0987654320987654,0.0411522633744856,0.045267489711934,2026-07-13T13:31:09+00:00
2026-07-09,2026-07-10,2026-07-13,settled,loss,7,6202,盛群,twse,電子工業,偏多,72.61112991758031,73.3,0.0779411764705881,2281142674.0,量破5日高、收在高檔、MACD動能擴大、RSI健康、收低於VWAP扣分,72.6,72.6,68.3,70.2,-0.009549795361528,-0.009549795361528,-0.0682128240109141,-0.0422919508867666,2026-07-13T13:31:09+00:00
2026-07-09,2026-07-10,2026-07-13,settled,loss,8,2409,友達,twse,電子工業,偏多,72.30317742424899,31.45,0.0642978003384093,18290573258.0,量破5日高、RSI健康,31.7,32.5,29.2,29.25,0.0079491255961843,0.0333863275039745,-0.0715421303656598,-0.0699523052464228,2026-07-13T13:31:09+00:00
2026-07-09,2026-07-10,2026-07-13,settled,win,9,2637,慧洋-KY,twse,航運業,觀察偏多,71.7713593800336,83.0,0.0375,655742012.0,量破5日高、接近20日突破、收在高檔、MACD動能擴大、RSI健康,83.4,88.0,82.5,84.7,0.0048192771084338,0.0602409638554217,-0.0060240963855421,0.0204819277108434,2026-07-13T13:31:09+00:00
2026-07-09,2026-07-10,2026-07-13,settled,loss,10,3006,晶豪科,twse,電子工業,觀察偏多,71.68529331457609,237.0,0.099767981438515,4974586515.0,量破5日高、收在高檔、MACD動能擴大、RSI健康、近漲停過熱扣分,238.0,243.5,222.5,228.0,0.0042194092827003,0.0274261603375527,-0.0611814345991561,-0.0379746835443037,2026-07-13T13:31:09+00:00
2026-07-09,2026-07-10,2026-07-13,settled,loss,11,4764,雙鍵,twse,化學生技醫療,觀察偏多,70.74746533373465,336.0,0.0632911392405062,1525780507.0,量比>1.8、MACD動能擴大、RSI健康,320.0,340.0,302.5,302.5,-0.0476190476190476,0.0119047619047618,-0.0997023809523809,-0.0997023809523809,2026-07-13T13:31:09+00:00
2026-07-09,2026-07-10,2026-07-13,settled,tie,12,2006,東和鋼鐵,twse,鋼鐵工業,觀察偏多,69.49934717985809,70.2,0.0203488372093023,230060342.0,量破5日高、收在高檔、MACD動能擴大、RSI健康,70.2,71.2,69.5,70.2,0.0,0.0142450142450143,-0.0099715099715099,0.0,2026-07-13T13:31:09+00:00
2026-07-09,2026-07-10,2026-07-13,settled,loss,13,2486,一詮,twse,電子工業,觀察偏多,68.09943734015346,259.0,0.0724637681159421,3540669089.0,量破5日高、MACD動能擴大、收低於VWAP扣分,259.0,262.5,249.5,251.0,0.0,0.0135135135135135,-0.0366795366795367,-0.0308880308880309,2026-07-13T13:31:09+00:00
2026-07-09,2026-07-10,2026-07-13,settled,win,14,3362,先進光,tpex,光電業,觀察偏多,67.57579923273657,180.0,0.0714285714285714,1192056401.0,量破5日高,187.5,198.0,185.0,188.5,0.0416666666666667,0.1,0.0277777777777776,0.0472222222222222,2026-07-13T13:31:09+00:00
2026-07-09,2026-07-10,2026-07-13,settled,loss,15,2408,南亞科,twse,電子工業,觀察偏多,67.35089514066496,435.5,0.0997474747474747,36696781596.0,量破5日高、收在高檔、RSI健康、近漲停過熱扣分,466.5,466.5,420.5,423.0,0.071182548794489,0.071182548794489,-0.0344431687715269,-0.0287026406429391,2026-07-13T13:31:09+00:00
2026-07-09,2026-07-10,2026-07-13,settled,win,16,6182,合晶,tpex,半導體業,觀察偏多,67.26876598465473,172.5,0.078125,30747630350.0,收在高檔、MACD動能擴大,189.5,189.5,185.5,189.5,0.0985507246376811,0.0985507246376811,0.0753623188405796,0.0985507246376811,2026-07-13T13:31:09+00:00
2026-07-09,2026-07-10,2026-07-13,settled,loss,17,6907,雅特力-KY,tpex,半導體業,觀察偏多,67.15351277388619,195.0,0.0317460317460318,759492545.0,接近20日突破、收在高檔、MACD動能擴大,187.0,201.5,185.0,192.5,-0.0410256410256409,0.0333333333333334,-0.0512820512820513,-0.0128205128205127,2026-07-13T13:31:09+00:00
2026-07-09,2026-07-10,2026-07-13,settled,loss,18,3026,禾伸堂,twse,電子零組件業,觀察偏多,66.3928667242334,1005.0,0.0545645330535151,19023371084.0,MACD動能擴大、RSI健康,1025.0,1030.0,905.0,905.0,0.0199004975124377,0.0248756218905472,-0.099502487562189,-0.099502487562189,2026-07-13T13:31:09+00:00
2026-07-09,2026-07-10,2026-07-13,settled,loss,19,2379,瑞昱,twse,電子工業,觀察偏多,65.78034146678648,840.0,0.0281517747858017,5958369016.0,收在高檔、MACD動能擴大、RSI健康,813.0,819.0,756.0,756.0,-0.0321428571428571,-0.025,-0.0999999999999999,-0.0999999999999999,2026-07-13T13:31:09+00:00
2026-07-09,2026-07-10,2026-07-13,settled,loss,20,6147,頎邦,tpex,半導體業,觀察偏多,64.49055345892333,217.0,0.087719298245614,9112106398.0,量破5日高、收在高檔,212.5,214.0,196.0,198.0,-0.02073732718894,-0.0138248847926267,-0.0967741935483871,-0.0875576036866359,2026-07-13T13:31:09+00:00
2026-07-09,2026-07-10,2026-07-13,settled,loss,21,3479,安勤,tpex,電腦及週邊設備業,觀察偏多,64.44466221019448,146.0,0.0695970695970695,629578167.0,量破5日高、RSI健康、產業相對強,147.0,148.5,141.0,142.5,0.0068493150684931,0.0171232876712328,-0.0342465753424657,-0.023972602739726,2026-07-13T13:31:09+00:00
2026-07-09,2026-07-10,2026-07-13,settled,loss,22,2441,超豐,twse,電子工業,觀察偏多,64.37741284156684,144.5,0.0471014492753623,2018961025.0,MACD動能擴大、RSI健康,148.0,152.0,134.5,137.5,0.0242214532871971,0.0519031141868511,-0.0692041522491349,-0.0484429065743944,2026-07-13T13:31:09+00:00
2026-07-09,2026-07-10,2026-07-13,settled,loss,23,3034,聯詠,twse,電子工業,觀察偏多,64.01636828644502,542.0,-0.0036764705882352,3555577791.0,量破5日高、RSI健康,494.0,505.0,467.5,467.5,-0.0885608856088561,-0.0682656826568265,-0.1374538745387453,-0.1374538745387453,2026-07-13T13:31:09+00:00
2026-07-09,2026-07-10,2026-07-13,settled,loss,24,8150,南茂,twse,半導體業,觀察偏多,63.09108056265984,117.0,0.0985915492957747,7627739725.0,收在高檔、MACD動能擴大、RSI健康、近漲停過熱扣分,121.5,123.0,112.5,115.0,0.0384615384615385,0.0512820512820513,-0.0384615384615384,-0.0170940170940171,2026-07-13T13:31:09+00:00
2026-07-09,2026-07-10,2026-07-13,settled,win,25,2645,長榮航太,twse,航運業,觀察偏多,62.631281073188376,240.0,0.019108280254777,3724121283.0,量破5日高、接近20日突破、MACD動能擴大、長上影扣分、收低於VWAP扣分,247.5,258.0,245.5,251.5,0.03125,0.0749999999999999,0.0229166666666666,0.0479166666666666,2026-07-13T13:31:09+00:00
2026-07-09,2026-07-10,2026-07-13,settled,loss,26,7610,聯友金屬-創,twse,創新板股票,觀察偏多,61.86049331103678,2650.0,0.0663983903420524,2389088145.0,接近20日突破、RSI健康,2380.0,2425.0,2290.0,2425.0,-0.1018867924528301,-0.0849056603773584,-0.1358490566037735,-0.0849056603773584,2026-07-13T13:31:09+00:00
2026-07-09,2026-07-10,2026-07-13,settled,win,27,2377,微星,twse,電腦及週邊設備業,觀察偏多,61.84702631236722,145.0,0.0211267605633802,2902956540.0,RSI健康、產業相對強,146.0,153.0,144.5,149.5,0.0068965517241379,0.0551724137931035,-0.0034482758620689,0.0310344827586206,2026-07-13T13:31:09+00:00
2026-07-09,2026-07-10,2026-07-13,settled,win,28,5351,鈺創,tpex,半導體業,觀察偏多,60.39722382374677,98.2,0.0996640537513997,3179439702.0,收在高檔、MACD動能擴大、RSI健康、近漲停過熱扣分,103.0,105.0,98.2,100.0,0.0488798370672096,0.0692464358452138,0.0,0.0183299389002036,2026-07-13T13:31:09+00:00
2026-07-09,2026-07-10,2026-07-13,settled,win,29,3374,精材,tpex,半導體業,觀察偏多,60.34721867007672,356.5,0.0986132511556241,5032033271.0,接近20日突破、收在高檔、MACD動能擴大、近漲停過熱扣分,371.5,378.0,345.0,358.0,0.0420757363253856,0.0603085553997195,-0.032258064516129,0.0042075736325386,2026-07-13T13:31:09+00:00
2026-07-09,2026-07-10,2026-07-13,settled,loss,30,3558,神準,tpex,通信網路業,觀察偏多,60.10718731089649,145.0,0.0583941605839415,241204691.0,量破5日高、接近20日突破、收在高檔、MACD動能擴大、RSI健康、流動性不足扣分,143.5,144.5,141.5,143.0,-0.0103448275862069,-0.0034482758620689,-0.0241379310344828,-0.0137931034482758,2026-07-13T13:31:09+00:00
2026-07-09,2026-07-10,2026-07-13,settled,loss,31,2356,英業達,twse,電子工業,觀察偏多,59.29449344955373,69.8,0.0543806646525679,10160418800.0,量破5日高、MACD動能擴大、RSI健康、長上影扣分、收低於VWAP扣分,70.0,71.3,64.5,64.7,0.0028653295128939,0.0214899713467049,-0.0759312320916905,-0.0730659025787965,2026-07-13T13:31:09+00:00
2026-07-09,2026-07-10,2026-07-13,settled,win,32,6488,環球晶,tpex,半導體業,觀察偏多,59.05425191815857,1350.0,0.0975609756097561,9205962780.0,收在高檔、MACD動能擴大、RSI健康、近漲停過熱扣分,1485.0,1485.0,1485.0,1485.0,0.1,0.1,0.1,0.1,2026-07-13T13:31:09+00:00
2026-07-09,2026-07-10,2026-07-13,settled,loss,33,2472,立隆電,twse,電子零組件業,觀察偏多,58.97459995569054,376.0,0.0712250712250712,3037762911.0,RSI健康,375.0,379.0,338.5,343.0,-0.002659574468085,0.0079787234042554,-0.0997340425531915,-0.0877659574468084,2026-07-13T13:31:09+00:00
2026-07-09,2026-07-10,2026-07-13,settled,loss,34,3711,日月光投控,twse,電子工業,觀察偏多,58.45019843019666,677.0,0.0831999999999999,21498981732.0,收在高檔、RSI健康,682.0,690.0,657.0,670.0,0.0073855243722305,0.0192023633677991,-0.0295420974889216,-0.0103397341211225,2026-07-13T13:31:09+00:00
2026-07-09,2026-07-10,2026-07-13,settled,loss,35,6130,上亞科技,tpex,生技醫療業,觀察偏多,58.03130382587817,26.2,0.0672097759674132,23050810.0,量破5日高、接近20日突破、MACD動能擴大、RSI健康、流動性不足扣分,26.5,27.35,25.7,26.0,0.0114503816793893,0.0438931297709923,-0.0190839694656488,-0.0076335877862595,2026-07-13T13:31:09+00:00
2026-07-09,2026-07-10,2026-07-13,settled,loss,36,6285,啟碁,twse,通信網路業,中性觀察,57.320348465473145,260.5,0.0357852882703777,7252458444.0,量破5日高、MACD動能擴大、收低於VWAP扣分,265.0,271.5,248.0,259.0,0.0172744721689059,0.0422264875239923,-0.0479846449136276,-0.0057581573896353,2026-07-13T13:31:09+00:00
2026-07-09,2026-07-10,2026-07-13,settled,loss,37,2428,興勤,twse,電子零組件業,中性觀察,57.128469542863485,325.0,0.079734219269103,1245676750.0,RSI健康,320.5,322.5,292.5,295.5,-0.0138461538461538,-0.0076923076923076,-0.0999999999999999,-0.0907692307692308,2026-07-13T13:31:09+00:00
2026-07-09,2026-07-10,2026-07-13,settled,win,38,1303,南亞,twse,塑膠工業,中性觀察,56.95330629963656,181.5,-0.0027472527472527,22371018626.0,量破5日高、RSI健康、收低於VWAP扣分,192.5,199.5,192.5,199.5,0.0606060606060605,0.0991735537190081,0.0606060606060605,0.0991735537190081,2026-07-13T13:31:09+00:00
2026-07-09,2026-07-10,2026-07-13,settled,win,39,8462,柏文,twse,運動休閒,中性觀察,56.51903676481936,159.0,0.0192307692307691,49880062.0,量破5日高、接近20日突破、收在高檔、MACD動能擴大、流動性不足扣分,160.5,161.5,156.0,160.0,0.009433962264151,0.0157232704402516,-0.0188679245283018,0.0062893081761006,2026-07-13T13:31:09+00:00
2026-07-09,2026-07-10,2026-07-13,settled,loss,40,4198,欣大健康,tpex,生技醫療業,中性觀察,56.09027467552234,45.4,0.0874251497005986,2226324.0,量破5日高、接近20日突破、收在高檔、MACD動能擴大、流動性不足扣分,44.85,45.3,42.05,45.3,-0.0121145374449338,-0.0022026431718061,-0.0737885462555066,-0.0022026431718061,2026-07-13T13:31:09+00:00
2026-07-09,2026-07-10,2026-07-13,settled,win,41,5258,虹堡,twse,電腦及週邊設備業,中性觀察,55.856430832865385,52.8,0.0232558139534881,31413751.0,量破5日高、收在高檔、MACD動能擴大、RSI健康、產業相對強、流動性不足扣分,53.0,54.6,53.0,54.6,0.0037878787878788,0.0340909090909091,0.0037878787878788,0.0340909090909091,2026-07-13T13:31:09+00:00
2026-07-09,2026-07-10,2026-07-13,settled,loss,42,6934,心誠鎂,twse,生技醫療業,中性觀察,55.81784487890626,79.7,0.0828804347826088,14572087.0,量破5日高、接近20日突破、收在高檔、MACD動能擴大、RSI健康、流動性不足扣分,80.5,81.9,76.8,79.4,0.0100376411543285,0.0276035131744041,-0.0363864491844416,-0.0037641154328732,2026-07-13T13:31:09+00:00
2026-07-09,2026-07-10,2026-07-13,settled,loss,43,8021,尖點,twse,其他電子業,中性觀察,55.58944578677003,521.0,0.0057915057915058,253321097.0,RSI健康、產業相對強,528.0,528.0,499.0,508.0,0.0134357005758156,0.0134357005758156,-0.0422264875239922,-0.0249520153550864,2026-07-13T13:31:09+00:00
2026-07-09,2026-07-10,2026-07-13,settled,loss,44,8096,擎亞,tpex,電子通路業,中性觀察,55.38342391304349,166.5,-0.0176991150442478,4694080211.0,量破5日高、MACD動能擴大、RSI健康、長上影扣分、收低於VWAP扣分,167.0,171.5,156.0,158.5,0.003003003003003,0.03003003003003,-0.063063063063063,-0.048048048048048,2026-07-13T13:31:09+00:00
2026-07-09,2026-07-10,2026-07-13,settled,loss,45,6574,霈方,tpex,生技醫療業,中性觀察,54.69706510988317,132.5,0.0816326530612245,25147310.0,量破5日高、接近20日突破、收在高檔、MACD動能擴大、流動性不足扣分,138.5,138.5,125.0,130.0,0.0452830188679245,0.0452830188679245,-0.0566037735849056,-0.0188679245283018,2026-07-13T13:31:09+00:00
2026-07-09,2026-07-10,2026-07-13,settled,loss,46,7823,奧義賽博-KY創,twse,數位雲端,中性觀察,54.53479621135979,88.8,0.0596658711217183,11930230.0,量破5日高、接近20日突破、收在高檔、MACD動能擴大、流動性不足扣分,89.9,91.0,85.0,87.9,0.0123873873873874,0.0247747747747748,-0.0427927927927928,-0.010135135135135,2026-07-13T13:31:09+00:00
2026-07-09,2026-07-10,2026-07-13,settled,tie,47,6919,康霈*,twse,生技醫療業,中性觀察,54.37814831871905,107.5,0.0287081339712917,619251492.0,MACD動能擴大、RSI健康、長上影扣分,108.0,108.5,105.5,107.5,0.0046511627906977,0.0093023255813953,-0.0186046511627907,0.0,2026-07-13T13:31:09+00:00
2026-07-09,2026-07-10,2026-07-13,settled,win,48,2324,仁寶,twse,電腦及週邊設備業,中性觀察,54.36956109231912,36.6,0.0309859154929577,2543750836.0,量破5日高、產業相對強、長上影扣分,37.95,38.2,36.2,36.65,0.0368852459016393,0.0437158469945355,-0.0109289617486338,0.001366120218579,2026-07-13T13:31:09+00:00
2026-07-09,2026-07-10,2026-07-13,settled,tie,49,9925,新保,twse,其他,中性觀察,54.20079096371627,41.3,0.0134969325153373,37032662.0,量破5日高、接近20日突破、收在高檔、MACD動能擴大、流動性不足扣分,41.3,41.6,41.2,41.3,0.0,0.0072639225181598,-0.0024213075060531,0.0,2026-07-13T13:31:09+00:00
2026-07-09,2026-07-10,2026-07-13,settled,loss,50,2801,彰銀,twse,金融保險,中性觀察,54.02960883225983,24.05,0.0062761506276152,519763082.0,MACD動能擴大、RSI健康、長上影扣分,24.05,24.2,23.85,23.85,0.0,0.006237006237006,-0.0083160083160083,-0.0083160083160083,2026-07-13T13:31:09+00:00
2026-07-09,2026-07-10,2026-07-13,settled,win,51,4139,馬光-KY,tpex,生技醫療業,中性觀察,53.17817458031739,24.9,0.0101419878296145,1291432.0,接近20日突破、收在高檔、MACD動能擴大、RSI健康、流動性不足扣分,25.2,26.0,24.9,26.0,0.0120481927710842,0.0441767068273093,0.0,0.0441767068273093,2026-07-13T13:31:09+00:00
2026-07-09,2026-07-10,2026-07-13,settled,loss,52,6683,雍智科技,tpex,半導體業,中性觀察,53.00671646128807,1725.0,0.0360360360360361,1212233620.0,量破5日高、RSI健康、長上影扣分、收低於VWAP扣分,1740.0,1755.0,1655.0,1675.0,0.0086956521739129,0.0173913043478259,-0.0405797101449275,-0.0289855072463768,2026-07-13T13:31:09+00:00
2026-07-09,2026-07-10,2026-07-13,settled,win,53,6505,台塑化,twse,油電燃氣業,中性觀察,52.63409308929046,58.8,-0.0101010101010101,576804763.0,MACD動能擴大、RSI健康,60.5,64.4,60.5,63.1,0.0289115646258504,0.0952380952380953,0.0289115646258504,0.0731292517006803,2026-07-13T13:31:09+00:00
2026-07-09,2026-07-10,2026-07-13,settled,loss,54,3521,台鋼建設,tpex,建材營造,中性觀察,52.00189769943788,13.6,0.096774193548387,6502798.0,量破5日高、接近20日突破、收在高檔、MACD動能擴大、RSI健康、近漲停過熱扣分、流動性不足扣分,13.6,13.6,12.95,13.05,0.0,0.0,-0.0477941176470588,-0.0404411764705882,2026-07-13T13:31:09+00:00
2026-07-09,2026-07-10,2026-07-13,settled,win,55,5488,松普,tpex,電子零組件業,中性觀察,51.94119245524296,16.2,0.0983050847457627,126145316.0,量破5日高、接近20日突破、收在高檔、MACD動能擴大、近漲停過熱扣分、流動性不足扣分,17.8,17.8,17.2,17.8,0.0987654320987654,0.0987654320987654,0.0617283950617284,0.0987654320987654,2026-07-13T13:31:09+00:00
2026-07-09,2026-07-10,2026-07-13,settled,loss,56,6834,天二科技,twse,電子零組件業,中性觀察,51.91724341078498,130.0,0.0276679841897233,139769866.0,量破5日高、RSI健康、收低於VWAP扣分,143.0,143.0,120.5,129.0,0.1,0.1,-0.073076923076923,-0.0076923076923076,2026-07-13T13:31:09+00:00
2026-07-09,2026-07-10,2026-07-13,settled,loss,57,2915,潤泰全,twse,貿易百貨,中性觀察,51.27296070245316,52.0,0.0077519379844961,127942999.0,量破5日高,52.0,52.5,50.4,50.4,0.0,0.0096153846153845,-0.0307692307692307,-0.0307692307692307,2026-07-13T13:31:09+00:00
2026-07-09,2026-07-10,2026-07-13,settled,loss,58,2465,麗臺,twse,電腦及週邊設備業,中性觀察,51.02020460358055,89.5,0.0995085995085993,650412913.0,量破5日高、接近20日突破、收在高檔、MACD動能擴大、RSI健康、產業相對強、近漲停過熱扣分、流動性不足扣分,91.5,93.0,84.3,85.9,0.0223463687150837,0.0391061452513965,-0.0581005586592179,-0.0402234636871507,2026-07-13T13:31:09+00:00
2026-07-09,2026-07-10,2026-07-13,settled,loss,59,1732,毛寶,twse,化學生技醫療,中性觀察,50.35216320824426,27.0,0.0112359550561798,11047488.0,量破5日高、接近20日突破、MACD動能擴大、RSI健康、流動性不足扣分,27.0,27.0,25.85,25.95,0.0,0.0,-0.0425925925925925,-0.0388888888888888,2026-07-13T13:31:09+00:00
2026-07-09,2026-07-10,2026-07-13,settled,loss,60,2884,玉山金,twse,金融保險,中性觀察,50.05316738805956,34.75,0.0,1544958434.0,MACD動能擴大,34.75,34.9,34.45,34.6,0.0,0.0043165467625898,-0.0086330935251798,-0.0043165467625898,2026-07-13T13:31:09+00:00
2026-07-09,2026-07-10,2026-07-13,settled,loss,61,6223,旺矽,tpex,半導體業,中性觀察,50.029699488491055,7080.0,0.0959752321981424,5013116135.0,收在高檔、RSI健康、近漲停過熱扣分,7600.0,7600.0,6640.0,6640.0,0.0734463276836159,0.0734463276836159,-0.0621468926553672,-0.0621468926553672,2026-07-13T13:31:09+00:00
2026-07-09,2026-07-10,2026-07-13,settled,loss,62,3617,碩天,twse,電子工業,中性觀察,49.78936380330892,242.0,0.0168067226890755,570786112.0,量破5日高、接近20日突破、MACD動能擴大、流動性不足扣分,240.0,242.0,225.0,230.5,-0.0082644628099173,0.0,-0.0702479338842975,-0.0475206611570248,2026-07-13T13:31:09+00:00
2026-07-09,2026-07-10,2026-07-13,settled,loss,63,6474,華豫寧,tpex,電子通路業,中性觀察,49.263091432225046,38.75,0.037483266398929,7234009.0,量破5日高、MACD動能擴大、RSI健康、流動性不足扣分,38.85,38.9,38.0,38.45,0.0025806451612904,0.0038709677419355,-0.0193548387096774,-0.0077419354838709,2026-07-13T13:31:09+00:00
2026-07-09,2026-07-10,2026-07-13,settled,loss,64,8042,金山電,tpex,電子零組件業,中性觀察,49.18415920716113,178.0,0.0987654320987654,1272048139.0,收在高檔、RSI健康、近漲停過熱扣分,176.5,177.0,160.5,160.5,-0.0084269662921347,-0.0056179775280899,-0.098314606741573,-0.098314606741573,2026-07-13T13:31:09+00:00
2026-07-09,2026-07-10,2026-07-13,settled,loss,65,9918,欣天然,twse,油電燃氣業,中性觀察,48.6701680672269,43.75,0.0150812064965197,2660368.0,量破5日高、MACD動能擴大、RSI健康、流動性不足扣分,43.75,43.75,43.15,43.5,0.0,0.0,-0.0137142857142857,-0.0057142857142856,2026-07-13T13:31:09+00:00
2026-07-09,2026-07-10,2026-07-13,settled,loss,66,2376,技嘉,twse,電腦及週邊設備業,中性觀察,48.64335038363171,336.5,0.0044776119402984,1375510233.0,MACD動能擴大、RSI健康、產業相對強、長上影扣分,341.5,342.5,334.0,335.5,0.0148588410104011,0.0178306092124813,-0.0074294205052005,-0.0029717682020802,2026-07-13T13:31:09+00:00
2026-07-09,2026-07-10,2026-07-13,settled,loss,67,3131,弘塑,tpex,半導體業,中性觀察,48.55994747542408,3305.0,0.062700964630225,1769634575.0,,3300.0,3360.0,3190.0,3210.0,-0.0015128593040847,0.0166414523449318,-0.0347957639939485,-0.0287443267776096,2026-07-13T13:31:09+00:00
2026-07-09,2026-07-10,2026-07-13,settled,loss,68,2316,楠梓電,twse,電子零組件業,中性觀察,48.30922008687502,208.0,-0.0458715596330274,701874560.0,量破5日高、RSI健康、收低於VWAP扣分,197.0,200.0,185.5,185.5,-0.0528846153846154,-0.0384615384615384,-0.1081730769230768,-0.1081730769230768,2026-07-13T13:31:09+00:00
2026-07-09,2026-07-10,2026-07-13,settled,win,69,8024,佑華,tpex,半導體業,中性觀察,48.27266624040921,16.8,0.0980392156862746,8730343.0,量破5日高、收在高檔、MACD動能擴大、近漲停過熱扣分、流動性不足扣分,16.6,17.8,16.2,16.85,-0.0119047619047618,0.0595238095238095,-0.0357142857142858,0.0029761904761904,2026-07-13T13:31:09+00:00
2026-07-09,2026-07-10,2026-07-13,settled,loss,70,6142,友勁,twse,電子工業,中性觀察,48.21675191815858,11.25,0.0975609756097561,50451101.0,量破5日高、接近20日突破、收在高檔、MACD動能擴大、RSI健康、近漲停過熱扣分、流動性不足扣分,12.0,12.05,10.5,10.65,0.0666666666666666,0.0711111111111111,-0.0666666666666666,-0.0533333333333333,2026-07-13T13:31:09+00:00
2026-07-09,2026-07-10,2026-07-13,settled,loss,71,6214,精誠,twse,資訊服務業,中性觀察,48.12387907077589,143.5,0.0629629629629628,744278791.0,量破5日高、MACD動能擴大、RSI健康、長上影扣分、收低於VWAP扣分,145.5,146.0,140.0,141.0,0.0139372822299652,0.0174216027874565,-0.024390243902439,-0.0174216027874564,2026-07-13T13:31:09+00:00
2026-07-09,2026-07-10,2026-07-13,settled,loss,72,1786,科妍,twse,生技醫療業,中性觀察,48.08889196101472,56.0,0.0467289719626167,23710727.0,量破5日高、收在高檔、MACD動能擴大、RSI健康、流動性不足扣分,54.4,55.1,53.8,53.8,-0.0285714285714285,-0.0160714285714285,-0.0392857142857143,-0.0392857142857143,2026-07-13T13:31:09+00:00
2026-07-09,2026-07-10,2026-07-13,settled,loss,73,6472,保瑞,twse,化學生技醫療,中性觀察,47.98948913759807,426.0,0.009478672985782,419089994.0,RSI健康,428.5,433.0,419.5,422.0,0.0058685446009389,0.016431924882629,-0.0152582159624413,-0.0093896713615023,2026-07-13T13:31:09+00:00
2026-07-09,2026-07-10,2026-07-13,settled,win,74,3532,台勝科,twse,電子工業,中性觀察,47.92098111114535,423.5,0.0341880341880342,3916252709.0,MACD動能擴大、RSI健康、長上影扣分、收低於VWAP扣分,465.5,465.5,465.5,465.5,0.0991735537190081,0.0991735537190081,0.0991735537190081,0.0991735537190081,2026-07-13T13:31:09+00:00
2026-07-09,2026-07-10,2026-07-13,settled,loss,75,3264,欣銓,tpex,半導體業,中性觀察,47.601695315908586,235.0,0.0129310344827586,1178535804.0,RSI健康、長上影扣分,236.0,240.0,221.0,225.0,0.004255319148936,0.0212765957446807,-0.0595744680851063,-0.0425531914893616,2026-07-13T13:31:09+00:00
2026-07-09,2026-07-10,2026-07-13,settled,win,76,5880,合庫金,twse,金融保險,中性觀察,47.5292850730286,25.15,0.0019920318725097,418588233.0,接近20日突破、收在高檔、RSI健康,25.0,25.3,25.0,25.2,-0.0059642147117295,0.0059642147117298,-0.0059642147117295,0.0019880715705766,2026-07-13T13:31:09+00:00
2026-07-09,2026-07-10,2026-07-13,settled,win,77,1476,儒鴻,twse,紡織纖維,中性觀察,47.295716845548775,335.0,-0.0029761904761904,485668961.0,MACD動能擴大、RSI健康,335.5,347.0,335.5,341.0,0.0014925373134329,0.0358208955223879,0.0014925373134329,0.0179104477611939,2026-07-13T13:31:09+00:00
2026-07-09,2026-07-10,2026-07-13,settled,win,78,2886,兆豐金,twse,金融保險,中性觀察,47.24018295573853,46.7,-0.002136752136752,639918865.0,RSI健康,46.7,47.3,46.55,47.0,0.0,0.0128479657387579,-0.0032119914346896,0.006423982869379,2026-07-13T13:31:09+00:00
2026-07-09,2026-07-10,2026-07-13,settled,win,79,5483,中美晶,tpex,半導體業,中性觀察,47.23737212276215,210.5,0.0120192307692308,8806592250.0,RSI健康、長上影扣分,231.5,231.5,231.5,231.5,0.0997624703087887,0.0997624703087887,0.0997624703087887,0.0997624703087887,2026-07-13T13:31:09+00:00
2026-07-09,2026-07-10,2026-07-13,settled,loss,80,2495,普安,twse,電腦及週邊設備業,中性觀察,47.09464655622604,52.5,0.025390625,964636055.0,量破5日高、RSI健康、產業相對強、長上影扣分、收低於VWAP扣分,52.8,52.8,47.25,47.4,0.0057142857142855,0.0057142857142855,-0.0999999999999999,-0.0971428571428572,2026-07-13T13:31:09+00:00
2026-07-09,2026-07-10,2026-07-13,settled,loss,81,3605,宏致,twse,電子零組件業,中性觀察,46.74189474243422,91.2,0.0044052863436123,2574709327.0,RSI健康、收低於VWAP扣分,91.2,91.8,88.5,89.7,0.0,0.006578947368421,-0.0296052631578948,-0.0164473684210526,2026-07-13T13:31:09+00:00
2026-07-09,2026-07-10,2026-07-13,settled,loss,82,6446,藥華藥,twse,化學生技醫療,中性觀察,46.59655040838214,1285.0,-0.1601307189542483,8757575990.0,量破5日高、RSI健康、收低於VWAP扣分,1275.0,1310.0,1230.0,1250.0,-0.0077821011673151,0.0194552529182878,-0.0428015564202334,-0.0272373540856031,2026-07-13T13:31:09+00:00
2026-07-09,2026-07-10,2026-07-13,settled,loss,83,2388,威盛,twse,電子工業,中性觀察,46.59461067586467,73.1,-0.0161507402422611,772705481.0,量破5日高、MACD動能擴大、收低於VWAP扣分,73.2,73.6,69.7,70.1,0.0013679890560875,0.0068399452804377,-0.0465116279069766,-0.0410396716826265,2026-07-13T13:31:09+00:00
2026-07-09,2026-07-10,2026-07-13,settled,win,84,2371,大同,twse,電機機械,中性觀察,46.46833046475413,27.7,0.0259259259259259,242957204.0,收在高檔、MACD動能擴大、RSI健康,28.2,28.3,27.8,28.1,0.0180505415162455,0.0216606498194946,0.0036101083032491,0.0144404332129963,2026-07-13T13:31:09+00:00
2026-07-09,2026-07-10,2026-07-13,settled,loss,85,8016,矽創,twse,電子工業,中性觀察,46.323273657289,363.0,0.03125,1260191342.0,MACD動能擴大、長上影扣分、收低於VWAP扣分,367.5,368.0,327.0,327.0,0.0123966942148761,0.0137741046831956,-0.0991735537190082,-0.0991735537190082,2026-07-13T13:31:09+00:00
2026-07-09,2026-07-10,2026-07-13,settled,loss,86,4931,新盛力,tpex,電腦及週邊設備業,中性觀察,46.31700767263427,255.0,-0.0625,5162886345.0,量破5日高、RSI健康、產業相對強、收低於VWAP扣分,260.5,264.5,233.5,237.0,0.0215686274509803,0.0372549019607844,-0.0843137254901961,-0.0705882352941176,2026-07-13T13:31:09+00:00
2026-07-09,2026-07-10,2026-07-13,settled,loss,87,3455,由田,tpex,光電業,中性觀察,46.30939332124837,243.0,0.0296610169491524,315141375.0,RSI健康,237.0,244.0,219.0,219.0,-0.0246913580246913,0.0041152263374486,-0.0987654320987654,-0.0987654320987654,2026-07-13T13:31:09+00:00
2026-07-09,2026-07-10,2026-07-13,settled,win,88,2603,長榮,twse,航運業,中性觀察,45.93897058823529,194.5,-0.0076530612244898,1046571626.0,MACD動能擴大、RSI健康,194.0,196.5,191.5,195.0,-0.0025706940874036,0.0102827763496144,-0.0154241645244216,0.0025706940874035,2026-07-13T13:31:09+00:00
2026-07-09,2026-07-10,2026-07-13,settled,loss,89,7811,民盛,tpex,運動休閒類,中性觀察,45.85202545989636,80.5,0.0,3426654.0,量破5日高、接近20日突破、MACD動能擴大、RSI健康、流動性不足扣分,75.0,75.0,73.1,73.6,-0.0683229813664596,-0.0683229813664596,-0.0919254658385093,-0.0857142857142857,2026-07-13T13:31:09+00:00
2026-07-09,2026-07-10,2026-07-13,settled,loss,90,8027,鈦昇,tpex,電機機械,中性觀察,45.84079283887468,242.0,0.1,1651511870.0,收在高檔、RSI健康、近漲停過熱扣分,243.5,261.0,235.5,241.0,0.006198347107438,0.0785123966942149,-0.0268595041322313,-0.0041322314049586,2026-07-13T13:31:09+00:00
2026-07-09,2026-07-10,2026-07-13,settled,win,91,3005,神基,twse,電子工業,中性觀察,45.66277099181583,112.0,0.041860465116279,1418146633.0,量破5日高、MACD動能擴大、RSI健康、長上影扣分、收低於VWAP扣分,114.0,117.5,112.0,115.0,0.0178571428571427,0.0491071428571427,0.0,0.0267857142857141,2026-07-13T13:31:09+00:00
2026-07-09,2026-07-10,2026-07-13,settled,win,92,4995,晶達,tpex,光電業,中性觀察,45.6267717066514,46.05,0.0165562913907284,9507634.0,量破5日高、MACD動能擴大、RSI健康、流動性不足扣分,46.95,47.6,46.05,46.7,0.0195439739413683,0.0336590662323561,0.0,0.0141150922909882,2026-07-13T13:31:09+00:00
2026-07-09,2026-07-10,2026-07-13,settled,loss,93,2458,義隆,twse,電子工業,中性觀察,45.55498721227621,183.5,-0.0134408602150537,1167254871.0,RSI健康,185.0,189.5,179.5,183.0,0.0081743869209809,0.0326975476839237,-0.0217983651226157,-0.002724795640327,2026-07-13T13:31:09+00:00
2026-07-09,2026-07-10,2026-07-13,settled,loss,94,7828,創新服務,tpex,半導體業,中性觀察,45.47734095741049,2115.0,0.0987012987012987,603856470.0,收在高檔、RSI健康、近漲停過熱扣分,2230.0,2280.0,1975.0,1975.0,0.0543735224586288,0.0780141843971631,-0.0661938534278959,-0.0661938534278959,2026-07-13T13:31:09+00:00
2026-07-09,2026-07-10,2026-07-13,settled,win,95,4958,臻鼎-KY,twse,電子零組件業,中性觀察,45.43550710237091,588.0,0.0407079646017698,19698525306.0,長上影扣分,616.0,646.0,614.0,646.0,0.0476190476190476,0.0986394557823129,0.0442176870748298,0.0986394557823129,2026-07-13T13:31:09+00:00
2026-07-09,2026-07-10,2026-07-13,settled,win,96,6944,兆聯實業,twse,綠能環保,中性觀察,45.41320195236441,998.0,0.0605738575982996,665364098.0,,1005.0,1060.0,1005.0,1045.0,0.0070140280561121,0.0621242484969939,0.0070140280561121,0.0470941883767535,2026-07-13T13:31:09+00:00
2026-07-09,2026-07-10,2026-07-13,settled,loss,97,3492,長盛,tpex,電子零組件業,中性觀察,45.30074013097279,23.2,0.0220264317180616,6357327.0,量破5日高、MACD動能擴大、RSI健康、流動性不足扣分,23.25,23.25,22.8,22.95,0.0021551724137931,0.0021551724137931,-0.0172413793103447,-0.0107758620689655,2026-07-13T13:31:09+00:00
2026-07-09,2026-07-10,2026-07-13,settled,loss,98,3035,智原,twse,半導體業,中性觀察,45.254251918158566,216.0,0.0,1599277073.0,RSI健康、收低於VWAP扣分,219.0,220.5,211.0,213.0,0.0138888888888888,0.0208333333333332,-0.0231481481481481,-0.0138888888888888,2026-07-13T13:31:09+00:00
2026-07-09,2026-07-10,2026-07-13,settled,loss,99,5519,隆大,twse,建材營造,低優先,44.709163128919165,34.45,0.0073099415204678,62556795.0,量破5日高、收在高檔、RSI健康、流動性不足扣分,29.5,29.5,28.55,28.9,-0.1436865021770682,-0.1436865021770682,-0.1712626995645864,-0.1611030478955007,2026-07-13T13:31:09+00:00
2026-07-09,2026-07-10,2026-07-13,settled,loss,100,3675,德微,tpex,半導體業,低優先,44.689837513751606,396.0,-0.0999999999999999,1227201586.0,量破5日高、RSI健康、收低於VWAP扣分,388.0,388.0,356.5,356.5,-0.0202020202020202,-0.0202020202020202,-0.0997474747474747,-0.0997474747474747,2026-07-13T13:31:09+00:00
2026-07-13,2026-07-14,2026-07-14,settled,loss,1,2377,微星,twse,電腦及週邊設備業,偏多,85.18998346663535,149.5,0.0310344827586206,4455505184.0,量破5日高、接近20日突破、MACD動能擴大、RSI健康、產業相對強,148.0,148.0,140.5,147.0,-0.0100334448160535,-0.0100334448160535,-0.060200668896321,-0.0167224080267558,2026-07-14T12:22:48+00:00
2026-07-13,2026-07-14,2026-07-14,settled,win,2,5876,上海商銀,twse,金融保險,偏多,78.00491438991406,44.15,0.0315420560747663,1140055454.0,量破5日高、接近20日突破、收在高檔、MACD動能擴大,44.4,44.7,43.55,44.7,0.0056625141562853,0.0124575311438279,-0.0135900339750849,0.0124575311438279,2026-07-14T12:22:48+00:00
2026-07-13,2026-07-14,2026-07-14,settled,loss,3,5434,崇越,twse,電子工業,偏多,74.31381959986886,559.0,0.0982318271119842,1673038873.0,量破5日高、收在高檔、MACD動能擴大、RSI健康、近漲停過熱扣分,545.0,563.0,523.0,550.0,-0.0250447227191413,0.0071556350626118,-0.0644007155635062,-0.0161001788908765,2026-07-14T12:22:48+00:00
2026-07-13,2026-07-14,2026-07-14,settled,win,4,6505,台塑化,twse,油電燃氣業,偏多,74.14752305169094,63.1,0.0731292517006803,2113123374.0,量比>1.8、MACD動能擴大、RSI健康,64.8,67.2,63.3,66.2,0.0269413629160062,0.0649762282091916,0.0031695721077653,0.0491283676703644,2026-07-14T12:22:48+00:00
2026-07-13,2026-07-14,2026-07-14,settled,loss,5,4916,事欣科,twse,電腦及週邊設備業,偏多,73.76165644171779,118.0,0.0925925925925925,2506759989.0,量破5日高、收在高檔、MACD動能擴大、RSI健康、產業相對強、近漲停過熱扣分,115.0,117.0,106.5,110.0,-0.0254237288135593,-0.0084745762711864,-0.097457627118644,-0.0677966101694915,2026-07-14T12:22:48+00:00
2026-07-13,2026-07-14,2026-07-14,settled,win,6,3374,精材,tpex,半導體業,偏多,73.53862242052426,358.0,0.0042075736325386,10359741968.0,量破5日高、接近20日突破、MACD動能擴大、收低於VWAP扣分,358.0,370.0,337.5,365.5,0.0,0.0335195530726257,-0.0572625698324021,0.020949720670391,2026-07-14T12:22:48+00:00
2026-07-13,2026-07-14,2026-07-14,settled,loss,7,5351,鈺創,tpex,半導體業,偏多,72.11570784620932,100.0,0.0183299389002036,8138079742.0,量破5日高、MACD動能擴大、RSI健康、收低於VWAP扣分,102.0,103.5,90.0,95.2,0.02,0.0349999999999999,-0.0999999999999999,-0.0479999999999999,2026-07-14T12:22:48+00:00
2026-07-13,2026-07-14,2026-07-14,settled,loss,8,2332,友訊,twse,電子工業,觀察偏多,71.10280857709613,25.95,0.0790020790020789,3382455664.0,量破5日高、接近20日突破、收在高檔、MACD動能擴大,25.9,25.9,23.4,24.05,-0.0019267822736031,-0.0019267822736031,-0.0982658959537572,-0.0732177263969171,2026-07-14T12:22:48+00:00
2026-07-13,2026-07-14,2026-07-14,settled,win,9,3702,大聯大,twse,電子工業,觀察偏多,70.35368098159509,117.0,0.0985915492957747,1319827132.0,量破5日高、接近20日突破、收在高檔、MACD動能擴大、RSI健康、近漲停過熱扣分,116.5,119.5,112.5,119.5,-0.0042735042735042,0.0213675213675212,-0.0384615384615384,0.0213675213675212,2026-07-14T12:22:48+00:00
2026-07-13,2026-07-14,2026-07-14,settled,loss,10,4958,臻鼎-KY,twse,電子零組件業,觀察偏多,69.22231595092023,646.0,0.0986394557823129,46207604908.0,量破5日高、收在高檔、RSI健康、近漲停過熱扣分,643.0,644.0,591.0,629.0,-0.0046439628482972,-0.0030959752321981,-0.0851393188854489,-0.0263157894736841,2026-07-14T12:22:48+00:00
2026-07-13,2026-07-14,2026-07-14,settled,win,11,1326,台化,twse,塑膠工業,觀察偏多,68.56234662576688,65.0,0.0833333333333332,6244351831.0,收在高檔、MACD動能擴大、RSI健康,65.3,67.2,63.8,67.0,0.0046153846153844,0.0338461538461538,-0.0184615384615385,0.0307692307692306,2026-07-14T12:22:48+00:00
2026-07-13,2026-07-14,2026-07-14,settled,win,12,5871,中租-KY,twse,其他,觀察偏多,65.96944583069094,116.5,0.0174672489082969,1108061254.0,量破5日高、MACD動能擴大、RSI健康、長上影扣分,117.0,118.5,115.5,118.0,0.0042918454935623,0.0171673819742488,-0.0085836909871244,0.0128755364806867,2026-07-14T12:22:48+00:00
2026-07-13,2026-07-14,2026-07-14,settled,loss,13,6789,采鈺,twse,半導體業,觀察偏多,65.33203362135353,535.0,0.0388349514563106,2293947517.0,量破5日高、MACD動能擴大、長上影扣分,523.0,524.0,481.5,482.0,-0.0224299065420561,-0.0205607476635514,-0.0999999999999999,-0.0990654205607476,2026-07-14T12:22:48+00:00
2026-07-13,2026-07-14,2026-07-14,settled,loss,14,3680,家登,tpex,半導體業,觀察偏多,64.0935014474581,523.0,0.0544354838709677,1350198100.0,量破5日高,521.0,527.0,472.0,498.5,-0.0038240917782026,0.0076481835564052,-0.0975143403441682,-0.0468451242829828,2026-07-14T12:22:48+00:00
2026-07-13,2026-07-14,2026-07-14,settled,loss,15,2359,所羅門,twse,電子工業,觀察偏多,63.83031920496848,148.0,0.0647482014388489,2637601243.0,量破5日高、MACD動能擴大、RSI健康、收低於VWAP扣分,147.5,147.5,136.5,142.5,-0.0033783783783783,-0.0033783783783783,-0.0777027027027027,-0.0371621621621621,2026-07-14T12:22:48+00:00
2026-07-13,2026-07-14,2026-07-14,settled,loss,16,5258,虹堡,twse,電腦及週邊設備業,觀察偏多,62.560190214161295,54.6,0.0340909090909091,55700530.0,量破5日高、接近20日突破、收在高檔、MACD動能擴大、RSI健康、產業相對強、流動性不足扣分,54.6,54.6,51.1,52.5,0.0,0.0,-0.0641025641025641,-0.0384615384615384,2026-07-14T12:22:48+00:00
2026-07-13,2026-07-14,2026-07-14,settled,win,17,2634,漢翔,twse,航運業,觀察偏多,62.44102760736196,63.8,0.0999999999999998,4097880280.0,收在高檔、MACD動能擴大、近漲停過熱扣分,66.0,69.5,64.0,67.1,0.0344827586206897,0.0893416927899686,0.0031347962382446,0.0517241379310344,2026-07-14T12:22:48+00:00
2026-07-13,2026-07-14,2026-07-14,settled,win,18,3685,元創精密,tpex,電機機械,觀察偏多,61.94590052174259,33.5,0.089430894308943,64028732.0,量破5日高、接近20日突破、收在高檔、MACD動能擴大、RSI健康、流動性不足扣分,33.55,36.85,32.5,36.85,0.0014925373134326,0.1,-0.0298507462686566,0.1,2026-07-14T12:22:48+00:00
2026-07-13,2026-07-14,2026-07-14,settled,win,19,1301,台塑,twse,塑膠工業,觀察偏多,61.67891104294479,60.2,0.0985401459854016,3105960053.0,收在高檔、MACD動能擴大、RSI健康、近漲停過熱扣分,61.5,63.6,59.4,63.6,0.021594684385382,0.0564784053156146,-0.0132890365448505,0.0564784053156146,2026-07-14T12:22:48+00:00
2026-07-13,2026-07-14,2026-07-14,settled,loss,20,3706,神達,twse,電腦及週邊設備業,觀察偏多,61.109754296471166,90.8,0.0236753100338218,2161117647.0,MACD動能擴大、RSI健康、產業相對強、收低於VWAP扣分,90.3,90.4,87.2,89.7,-0.0055066079295154,-0.0044052863436122,-0.0396475770925109,-0.0121145374449338,2026-07-14T12:22:48+00:00
2026-07-13,2026-07-14,2026-07-14,settled,loss,21,2313,華通,twse,電子零組件業,觀察偏多,60.86556748466258,235.0,0.053811659192825,15077679721.0,量破5日高、MACD動能擴大、長上影扣分,233.0,237.5,218.0,225.5,-0.0085106382978723,0.0106382978723404,-0.0723404255319148,-0.0404255319148936,2026-07-14T12:22:48+00:00
2026-07-13,2026-07-14,2026-07-14,settled,loss,22,1240,茂生農經,tpex,農業科技業,觀察偏多,60.84507407035788,58.3,0.0086505190311418,1998497.0,量破5日高、接近20日突破、收在高檔、MACD動能擴大、RSI健康、流動性不足扣分,58.4,58.4,57.6,58.1,0.0017152658662091,0.0017152658662091,-0.0120068610634647,-0.0034305317324184,2026-07-14T12:22:48+00:00
2026-07-13,2026-07-14,2026-07-14,settled,win,23,4139,馬光-KY,tpex,生技醫療業,觀察偏多,60.34824576041204,26.0,0.0441767068273093,1696979.0,量破5日高、接近20日突破、收在高檔、MACD動能擴大、流動性不足扣分,26.35,28.6,26.35,28.6,0.0134615384615384,0.1,0.0134615384615384,0.1,2026-07-14T12:22:48+00:00
2026-07-13,2026-07-14,2026-07-14,settled,win,24,6829,千附精密,tpex,半導體業,觀察偏多,60.236152091036814,233.5,0.0518018018018018,622544051.0,量破5日高、MACD動能擴大、RSI健康、長上影扣分,229.5,256.5,227.5,256.5,-0.0171306209850107,0.0985010706638116,-0.025695931477516,0.0985010706638116,2026-07-14T12:22:48+00:00
2026-07-13,2026-07-14,2026-07-14,settled,loss,25,6526,達發,twse,電子工業,觀察偏多,60.08326055110607,682.0,0.0460122699386502,704484289.0,量破5日高、RSI健康,675.0,680.0,616.0,646.0,-0.0102639296187683,-0.002932551319648,-0.0967741935483871,-0.0527859237536656,2026-07-14T12:22:48+00:00
2026-07-13,2026-07-14,2026-07-14,settled,loss,26,2539,櫻花建,twse,建材營造,觀察偏多,59.759323214601125,40.95,0.0419847328244276,54932271.0,量破5日高、接近20日突破、收在高檔、MACD動能擴大、RSI健康、流動性不足扣分,41.2,41.2,40.15,40.55,0.006105006105006,0.006105006105006,-0.0195360195360196,-0.0097680097680099,2026-07-14T12:22:48+00:00
2026-07-13,2026-07-14,2026-07-14,settled,win,27,1303,南亞,twse,塑膠工業,觀察偏多,59.02400306748466,199.5,0.0991735537190081,17700400057.0,接近20日突破、收在高檔、MACD動能擴大、近漲停過熱扣分,203.0,210.0,188.5,210.0,0.0175438596491228,0.0526315789473683,-0.0551378446115288,0.0526315789473683,2026-07-14T12:22:48+00:00
2026-07-13,2026-07-14,2026-07-14,settled,loss,28,4107,邦特,tpex,生技醫療業,中性觀察,57.33457113552558,120.0,0.0256410256410255,18049723.0,量破5日高、接近20日突破、收在高檔、MACD動能擴大、流動性不足扣分,120.0,120.0,118.0,118.5,0.0,0.0,-0.0166666666666667,-0.0124999999999999,2026-07-14T12:22:48+00:00
2026-07-13,2026-07-14,2026-07-14,settled,win,29,8046,南電,twse,電子工業,中性觀察,57.16818580192813,1270.0,0.045267489711934,33581284065.0,量破5日高、MACD動能擴大、長上影扣分、收低於VWAP扣分,1290.0,1305.0,1170.0,1290.0,0.0157480314960629,0.0275590551181101,-0.0787401574803149,0.0157480314960629,2026-07-14T12:22:48+00:00
2026-07-13,2026-07-14,2026-07-14,settled,loss,30,4581,光隆精密-KY,twse,汽車工業,中性觀察,57.15976508570762,51.0,0.0099009900990099,1795739.0,量破5日高、接近20日突破、收在高檔、MACD動能擴大、流動性不足扣分,50.6,50.6,50.1,50.5,-0.0078431372549019,-0.0078431372549019,-0.0176470588235293,-0.0098039215686274,2026-07-14T12:22:48+00:00
2026-07-13,2026-07-14,2026-07-14,settled,win,31,5269,祥碩,twse,電子工業,中性觀察,57.132228884392646,1510.0,0.0202702702702701,1483683825.0,收在高檔、RSI健康,1490.0,1525.0,1445.0,1525.0,-0.0132450331125827,0.009933774834437,-0.043046357615894,0.009933774834437,2026-07-14T12:22:48+00:00
2026-07-13,2026-07-14,2026-07-14,settled,win,32,4564,元翎,twse,電機機械,中性觀察,56.93711656441718,21.0,0.088082901554404,238752931.0,量破5日高、接近20日突破、收在高檔、MACD動能擴大、流動性不足扣分,21.7,22.5,20.1,21.6,0.0333333333333332,0.0714285714285714,-0.0428571428571428,0.0285714285714286,2026-07-14T12:22:48+00:00
2026-07-13,2026-07-14,2026-07-14,settled,loss,33,6182,合晶,tpex,半導體業,中性觀察,56.747546012269936,189.5,0.0985507246376811,13479366407.0,接近20日突破、收在高檔、MACD動能擴大、近漲停過熱扣分,185.0,194.5,171.0,186.5,-0.0237467018469657,0.0263852242744062,-0.0976253298153034,-0.0158311345646438,2026-07-14T12:22:48+00:00
2026-07-13,2026-07-14,2026-07-14,settled,loss,34,1536,和大,twse,汽車工業,中性觀察,56.7213225106952,56.1,0.02,746207925.0,MACD動能擴大、RSI健康,55.4,56.7,52.2,53.2,-0.0124777183600713,0.0106951871657754,-0.06951871657754,-0.051693404634581,2026-07-14T12:22:48+00:00
2026-07-13,2026-07-14,2026-07-14,settled,loss,35,6753,龍德造船,twse,航運業,中性觀察,56.68435985586657,159.5,0.0777027027027026,1096999363.0,MACD動能擴大,159.5,169.0,151.5,157.5,0.0,0.0595611285266457,-0.0501567398119122,-0.012539184952978,2026-07-14T12:22:48+00:00
2026-07-13,2026-07-14,2026-07-14,settled,loss,36,8150,南茂,twse,半導體業,中性觀察,56.67616126205083,115.0,-0.0170940170940171,12612048437.0,量破5日高、RSI健康、收低於VWAP扣分,113.5,115.5,103.5,104.0,-0.0130434782608696,0.0043478260869564,-0.0999999999999999,-0.0956521739130434,2026-07-14T12:22:48+00:00
2026-07-13,2026-07-14,2026-07-14,settled,win,37,6488,環球晶,tpex,半導體業,中性觀察,56.54386503067485,1485.0,0.1,3139307820.0,接近20日突破、MACD動能擴大、RSI健康、近漲停過熱扣分,1495.0,1575.0,1385.0,1515.0,0.0067340067340067,0.0606060606060605,-0.0673400673400673,0.0202020202020201,2026-07-14T12:22:48+00:00
2026-07-13,2026-07-14,2026-07-14,settled,loss,38,3016,嘉晶,twse,半導體業,中性觀察,56.52515337423313,133.5,0.0987654320987654,2713989553.0,收在高檔、RSI健康、近漲停過熱扣分,131.0,134.5,120.5,124.0,-0.0187265917602996,0.0074906367041198,-0.097378277153558,-0.0711610486891385,2026-07-14T12:22:48+00:00
2026-07-13,2026-07-14,2026-07-14,settled,win,39,8039,台虹,twse,電子零組件業,中性觀察,56.19256134969325,169.0,0.0974025974025973,1509659086.0,接近20日突破、MACD動能擴大、RSI健康、近漲停過熱扣分,173.0,185.5,169.0,185.5,0.0236686390532543,0.0976331360946745,0.0,0.0976331360946745,2026-07-14T12:22:48+00:00
2026-07-13,2026-07-14,2026-07-14,settled,loss,40,7782,光速火箭,tpex,居家生活類,中性觀察,56.06990219237764,27.35,0.0438931297709923,524319.0,量破5日高、收在高檔、MACD動能擴大、RSI健康、流動性不足扣分,26.6,26.6,26.6,26.6,-0.0274223034734917,-0.0274223034734917,-0.0274223034734917,-0.0274223034734917,2026-07-14T12:22:48+00:00
2026-07-13,2026-07-14,2026-07-14,settled,loss,41,2603,長榮,twse,航運業,中性觀察,55.83458588957055,195.0,0.0025706940874035,1752489289.0,MACD動能擴大、RSI健康,196.5,197.5,192.0,194.5,0.0076923076923076,0.0128205128205127,-0.0153846153846153,-0.0025641025641025,2026-07-14T12:22:48+00:00
2026-07-13,2026-07-14,2026-07-14,settled,loss,42,6139,亞翔,twse,其他電子業,中性觀察,55.82142539085692,883.0,0.0091428571428571,2480482821.0,RSI健康、產業相對強,871.0,886.0,804.0,834.0,-0.0135900339750849,0.0033975084937711,-0.0894677236693092,-0.0554926387315968,2026-07-14T12:22:48+00:00
2026-07-13,2026-07-14,2026-07-14,settled,win,43,3167,大量,twse,電機機械,中性觀察,55.275323128238725,826.0,0.0658064516129033,3013270176.0,收在高檔、RSI健康,820.0,900.0,784.0,870.0,-0.0072639225181597,0.0895883777239709,-0.0508474576271186,0.0532687651331718,2026-07-14T12:22:48+00:00
2026-07-13,2026-07-14,2026-07-14,settled,loss,44,6285,啟碁,twse,通信網路業,中性觀察,55.004828025062,259.0,-0.0057581573896353,3920078109.0,MACD動能擴大、RSI健康,254.5,261.5,238.5,247.5,-0.0173745173745173,0.0096525096525097,-0.0791505791505791,-0.0444015444015444,2026-07-14T12:22:48+00:00
2026-07-13,2026-07-14,2026-07-14,settled,tie,45,2886,兆豐金,twse,金融保險,中性觀察,54.86720788004762,47.0,0.006423982869379,1265722915.0,RSI健康,47.2,47.2,46.35,47.0,0.0042553191489362,0.0042553191489362,-0.0138297872340424,0.0,2026-07-14T12:22:48+00:00
2026-07-13,2026-07-14,2026-07-14,settled,win,46,5306,桂盟,twse,運動休閒,中性觀察,54.54859470791776,88.8,0.0265895953757224,24333140.0,量破5日高、收在高檔、MACD動能擴大、RSI健康、流動性不足扣分,88.8,89.4,87.6,89.3,0.0,0.0067567567567567,-0.0135135135135135,0.0056306306306306,2026-07-14T12:22:48+00:00
2026-07-13,2026-07-14,2026-07-14,settled,loss,47,2527,宏璟,twse,建材營造,中性觀察,54.40511612620507,45.65,0.0715962441314552,156607925.0,量破5日高、接近20日突破、MACD動能擴大、流動性不足扣分,45.65,45.8,41.4,41.75,0.0,0.0032858707557501,-0.0930996714129244,-0.085432639649507,2026-07-14T12:22:48+00:00
2026-07-13,2026-07-14,2026-07-14,settled,loss,48,6693,廣閎科,tpex,半導體業,中性觀察,54.29903566964517,232.5,-0.0169133192389006,288249449.0,量破5日高、RSI健康,228.0,234.0,209.5,218.5,-0.0193548387096774,0.0064516129032257,-0.0989247311827956,-0.0602150537634408,2026-07-14T12:22:48+00:00
2026-07-13,2026-07-14,2026-07-14,settled,win,49,7714,創泓科技,tpex,數位雲端類,中性觀察,54.28326826547685,184.5,0.0695652173913043,531315852.0,量破5日高、接近20日突破、MACD動能擴大、流動性不足扣分,190.0,202.0,181.0,202.0,0.029810298102981,0.094850948509485,-0.018970189701897,0.094850948509485,2026-07-14T12:22:48+00:00
2026-07-13,2026-07-14,2026-07-14,settled,loss,50,8027,鈦昇,tpex,電機機械,中性觀察,54.23118007939373,241.0,-0.0041322314049586,4669248031.0,量破5日高、MACD動能擴大、RSI健康、長上影扣分、收低於VWAP扣分,239.0,239.0,221.5,234.5,-0.0082987551867219,-0.0082987551867219,-0.0809128630705394,-0.0269709543568464,2026-07-14T12:22:48+00:00
2026-07-13,2026-07-14,2026-07-14,settled,loss,51,6196,帆宣,twse,其他電子業,中性觀察,54.16520738863697,551.0,0.0036429872495447,1016058978.0,RSI健康、產業相對強,554.0,557.0,510.0,539.0,0.0054446460980035,0.0108892921960073,-0.074410163339383,-0.0217785843920145,2026-07-14T12:22:48+00:00
2026-07-13,2026-07-14,2026-07-14,settled,loss,52,2834,臺企銀,twse,金融保險,中性觀察,53.7613643850831,17.75,-0.0111420612813369,825475170.0,量破5日高、RSI健康,17.75,17.75,17.3,17.65,0.0,0.0,-0.0253521126760563,-0.0056338028169015,2026-07-14T12:22:48+00:00
2026-07-13,2026-07-14,2026-07-14,settled,win,53,5483,中美晶,tpex,半導體業,中性觀察,53.70705521472392,231.5,0.0997624703087887,3551020789.0,接近20日突破、MACD動能擴大、近漲停過熱扣分,232.5,253.0,230.5,253.0,0.0043196544276458,0.0928725701943844,-0.0043196544276458,0.0928725701943844,2026-07-14T12:22:48+00:00
2026-07-13,2026-07-14,2026-07-14,settled,loss,54,2845,遠東銀,twse,金融保險,中性觀察,53.56832226295443,13.35,0.0113636363636364,137085494.0,收在高檔、MACD動能擴大、RSI健康,13.4,13.4,13.1,13.3,0.0037453183520599,0.0037453183520599,-0.0187265917602996,-0.0037453183520598,2026-07-14T12:22:48+00:00
2026-07-13,2026-07-14,2026-07-14,settled,loss,55,2301,光寶科,twse,電子工業,中性觀察,53.35466939331971,222.0,0.0398126463700234,7538945952.0,量破5日高、MACD動能擴大、長上影扣分、收低於VWAP扣分,221.5,222.5,203.5,212.5,-0.0022522522522522,0.0022522522522523,-0.0833333333333333,-0.0427927927927928,2026-07-14T12:22:48+00:00
2026-07-13,2026-07-14,2026-07-14,settled,tie,56,6919,康霈*,twse,生技醫療業,中性觀察,53.354027502180216,107.5,0.0,530263459.0,MACD動能擴大,109.5,109.5,105.0,107.5,0.0186046511627906,0.0186046511627906,-0.0232558139534884,0.0,2026-07-14T12:22:48+00:00
2026-07-13,2026-07-14,2026-07-14,settled,loss,57,3704,合勤控,twse,電子工業,中性觀察,52.80263714842255,49.85,0.0992282249173097,836693103.0,量破5日高、收在高檔、MACD動能擴大、RSI健康、近漲停過熱扣分,50.3,50.9,46.9,48.65,0.0090270812437311,0.0210631895687061,-0.0591775325977934,-0.0240722166499498,2026-07-14T12:22:48+00:00
2026-07-13,2026-07-14,2026-07-14,settled,loss,58,3362,先進光,tpex,光電業,中性觀察,52.62402210989957,188.5,0.0472222222222222,2362546896.0,量破5日高、長上影扣分、收低於VWAP扣分,187.5,189.5,170.0,172.0,-0.0053050397877983,0.0053050397877985,-0.0981432360742705,-0.0875331564986737,2026-07-14T12:22:48+00:00
2026-07-13,2026-07-14,2026-07-14,settled,loss,59,1584,精剛,tpex,其他,中性觀察,52.51031671615495,20.95,0.0743589743589743,46162247.0,量比>1.8、接近20日突破、MACD動能擴大、RSI健康、流動性不足扣分,20.7,20.7,19.75,19.95,-0.0119331742243437,-0.0119331742243437,-0.0572792362768496,-0.0477326968973746,2026-07-14T12:22:48+00:00
2026-07-13,2026-07-14,2026-07-14,settled,win,60,2618,長榮航,twse,航運業,中性觀察,52.45432356674425,40.75,0.0290404040404039,3743117866.0,RSI健康,40.5,41.05,39.9,40.8,-0.0061349693251533,0.007361963190184,-0.0208588957055214,0.0012269938650306,2026-07-14T12:22:48+00:00
2026-07-13,2026-07-14,2026-07-14,settled,loss,61,2892,第一金,twse,金融保險,中性觀察,52.36225898334792,33.65,0.0014880952380951,645826500.0,RSI健康,33.85,33.85,33.1,33.55,0.0059435364041604,0.0059435364041604,-0.0163447251114412,-0.0029717682020802,2026-07-14T12:22:48+00:00
2026-07-13,2026-07-14,2026-07-14,settled,loss,62,7769,鴻勁,twse,半導體業,中性觀察,52.36066540821142,6705.0,0.0067567567567567,5449912540.0,量破5日高、RSI健康、收低於VWAP扣分,6750.0,6750.0,6050.0,6395.0,0.0067114093959732,0.0067114093959732,-0.0976882923191647,-0.0462341536167039,2026-07-14T12:22:48+00:00
2026-07-13,2026-07-14,2026-07-14,settled,loss,63,2031,新光鋼,twse,鋼鐵工業,中性觀察,52.26518404907975,39.6,0.0325945241199479,58051782.0,量破5日高、收在高檔、MACD動能擴大、RSI健康、流動性不足扣分,39.65,39.85,38.8,39.4,0.0012626262626262,0.0063131313131312,-0.0202020202020203,-0.005050505050505,2026-07-14T12:22:48+00:00
2026-07-13,2026-07-14,2026-07-14,settled,loss,64,3694,海華,twse,電子工業,中性觀察,52.08743607737334,67.6,0.0399999999999998,361730084.0,量破5日高、收在高檔、MACD動能擴大、RSI健康、流動性不足扣分,66.6,68.1,63.1,65.7,-0.0147928994082839,0.0073964497041421,-0.066568047337278,-0.0281065088757395,2026-07-14T12:22:48+00:00
2026-07-13,2026-07-14,2026-07-14,settled,loss,65,3450,聯鈞,twse,半導體業,中性觀察,52.02101297560128,515.0,0.0258964143426294,696844300.0,,503.0,511.0,463.5,476.0,-0.0233009708737863,-0.0077669902912621,-0.0999999999999999,-0.0757281553398058,2026-07-14T12:22:48+00:00
2026-07-13,2026-07-14,2026-07-14,settled,win,66,6241,鑫永洋,tpex,通信網路業,中性觀察,51.95743865030674,17.3,0.0984126984126985,36905511.0,量破5日高、接近20日突破、收在高檔、MACD動能擴大、近漲停過熱扣分、流動性不足扣分,18.15,18.95,15.7,17.7,0.0491329479768785,0.0953757225433524,-0.092485549132948,0.0231213872832369,2026-07-14T12:22:48+00:00
2026-07-13,2026-07-14,2026-07-14,settled,loss,67,8464,億豐,twse,居家生活,中性觀察,51.70479315477662,368.0,0.0222222222222221,303426819.0,量破5日高、RSI健康、長上影扣分,375.0,375.0,361.0,364.0,0.0190217391304348,0.0190217391304348,-0.0190217391304348,-0.0108695652173913,2026-07-14T12:22:48+00:00
2026-07-13,2026-07-14,2026-07-14,settled,loss,68,8489,三貝德,tpex,其他,中性觀察,51.67467058903362,23.35,0.076036866359447,8071265.0,量破5日高、接近20日突破、MACD動能擴大、流動性不足扣分,23.2,23.35,22.0,22.75,-0.006423982869379,0.0,-0.0578158458244112,-0.0256959314775161,2026-07-14T12:22:48+00:00
2026-07-13,2026-07-14,2026-07-14,settled,win,69,8033,雷虎,twse,其他,中性觀察,51.62753067484663,249.5,0.0991189427312775,1586215650.0,接近20日突破、收在高檔、MACD動能擴大、RSI過熱扣分、近漲停過熱扣分,256.0,265.5,235.0,264.0,0.0260521042084167,0.0641282565130261,-0.0581162324649298,0.0581162324649298,2026-07-14T12:22:48+00:00
2026-07-13,2026-07-14,2026-07-14,settled,loss,70,6598,ABC-KY,twse,生技醫療業,中性觀察,50.72264826175869,24.85,0.087527352297593,22634688.0,量破5日高、收在高檔、MACD動能擴大、RSI健康、流動性不足扣分,25.05,25.4,23.5,23.8,0.0080482897384306,0.0221327967806839,-0.0543259557344064,-0.0422535211267606,2026-07-14T12:22:48+00:00
2026-07-13,2026-07-14,2026-07-14,settled,loss,71,2645,長榮航太,twse,航運業,中性觀察,50.67648773006135,251.5,0.0479166666666666,2377050301.0,MACD動能擴大、長上影扣分,247.0,253.5,236.5,241.0,-0.0178926441351888,0.0079522862823062,-0.0596421471172962,-0.0417495029821073,2026-07-14T12:22:48+00:00
2026-07-13,2026-07-14,2026-07-14,settled,win,72,4541,晟田,tpex,其他,中性觀察,50.65932877148696,67.1,0.0999999999999998,463623224.0,接近20日突破、收在高檔、MACD動能擴大、近漲停過熱扣分,68.3,73.8,65.7,70.6,0.0178837555886737,0.0998509687034276,-0.020864381520119,0.052160953800298,2026-07-14T12:22:48+00:00
2026-07-13,2026-07-14,2026-07-14,settled,loss,73,8183,精星,tpex,其他電子類,中性觀察,50.6435191001232,34.9,0.0496240601503759,80270904.0,量破5日高、MACD動能擴大、RSI健康、流動性不足扣分,35.0,35.0,31.95,33.2,0.0028653295128939,0.0028653295128939,-0.0845272206303724,-0.0487106017191976,2026-07-14T12:22:48+00:00
2026-07-13,2026-07-14,2026-07-14,settled,win,74,6609,瀧澤科,tpex,電機機械,中性觀察,50.63861538583639,43.75,0.0992462311557789,72884102.0,量破5日高、接近20日突破、收在高檔、MACD動能擴大、RSI健康、近漲停過熱扣分、流動性不足扣分,43.75,46.3,41.3,45.95,0.0,0.0582857142857142,-0.056,0.0502857142857142,2026-07-14T12:22:48+00:00
2026-07-13,2026-07-14,2026-07-14,settled,loss,75,3005,神基,twse,電子工業,中性觀察,50.596969212118346,115.0,0.0267857142857141,1159948354.0,MACD動能擴大、長上影扣分,114.5,115.0,110.5,114.5,-0.0043478260869564,0.0,-0.0391304347826086,-0.0043478260869564,2026-07-14T12:22:48+00:00
2026-07-13,2026-07-14,2026-07-14,settled,loss,76,8102,傑霖科技,tpex,半導體業,中性觀察,50.55560058851289,75.0,0.0964912280701753,6335016.0,量破5日高、接近20日突破、收在高檔、MACD動能擴大、RSI健康、近漲停過熱扣分、流動性不足扣分,75.5,77.0,71.7,74.1,0.0066666666666665,0.0266666666666666,-0.0439999999999999,-0.0120000000000001,2026-07-14T12:22:48+00:00
2026-07-13,2026-07-14,2026-07-14,settled,loss,77,5515,建國,twse,建材營造,中性觀察,50.38719325153372,41.75,0.0133495145631066,21982668.0,量破5日高、收在高檔、MACD動能擴大、RSI健康、流動性不足扣分,42.25,42.25,40.7,41.1,0.0119760479041917,0.0119760479041917,-0.0251497005988022,-0.015568862275449,2026-07-14T12:22:48+00:00
2026-07-13,2026-07-14,2026-07-14,settled,win,78,4513,福裕,tpex,電機機械,中性觀察,50.31145327065572,18.5,0.0979228486646883,92547258.0,量破5日高、接近20日突破、收在高檔、MACD動能擴大、RSI健康、近漲停過熱扣分、流動性不足扣分,18.5,20.35,17.9,20.35,0.0,0.1,-0.0324324324324325,0.1,2026-07-14T12:22:48+00:00
2026-07-13,2026-07-14,2026-07-14,settled,win,79,2015,豐興,twse,鋼鐵工業,中性觀察,49.95329507992631,62.5,0.0162601626016261,35276353.0,量破5日高、收在高檔、MACD動能擴大、RSI健康、流動性不足扣分,63.0,63.2,62.4,63.1,0.008,0.0112,-0.0016,0.0096,2026-07-14T12:22:48+00:00
2026-07-13,2026-07-14,2026-07-14,settled,loss,80,6944,兆聯實業,twse,綠能環保,中性觀察,49.89039659879506,1045.0,0.0470941883767535,760592300.0,RSI健康,1020.0,1030.0,950.0,985.0,-0.0239234449760765,-0.0143540669856458,-0.0909090909090909,-0.0574162679425837,2026-07-14T12:22:48+00:00
2026-07-13,2026-07-14,2026-07-14,settled,loss,81,1439,雋揚,twse,建材營造,中性觀察,49.85839297886844,24.8,0.0553191489361701,1134034.0,量破5日高、收在高檔、MACD動能擴大、RSI健康、流動性不足扣分,25.1,25.15,23.9,23.9,0.0120967741935484,0.0141129032258062,-0.0362903225806452,-0.0362903225806452,2026-07-14T12:22:48+00:00
2026-07-13,2026-07-14,2026-07-14,settled,loss,82,2481,強茂,twse,半導體業,中性觀察,49.6840490797546,192.0,-0.0985915492957746,4235610086.0,量破5日高、RSI健康、收低於VWAP扣分,188.0,188.0,173.0,176.0,-0.0208333333333333,-0.0208333333333333,-0.0989583333333333,-0.0833333333333333,2026-07-14T12:22:48+00:00
2026-07-13,2026-07-14,2026-07-14,settled,loss,83,3211,順達,tpex,電腦及週邊設備業,中性觀察,49.6006467622609,457.5,0.0077092511013214,7331529093.0,MACD動能擴大、RSI健康、產業相對強、收低於VWAP扣分,451.0,452.0,412.0,440.0,-0.014207650273224,-0.0120218579234973,-0.0994535519125683,-0.0382513661202186,2026-07-14T12:22:48+00:00
2026-07-13,2026-07-14,2026-07-14,settled,win,84,3532,台勝科,twse,電子工業,中性觀察,49.58650306748466,465.5,0.0991735537190081,634131798.0,MACD動能擴大、RSI健康、近漲停過熱扣分,459.0,510.0,430.5,510.0,-0.0139634801288937,0.095596133190118,-0.075187969924812,0.095596133190118,2026-07-14T12:22:48+00:00
2026-07-13,2026-07-14,2026-07-14,settled,loss,85,6834,天二科技,twse,電子零組件業,中性觀察,49.23918810218839,129.0,-0.0076923076923076,1746358079.0,量破5日高、RSI健康、收低於VWAP扣分,126.0,135.5,116.5,118.0,-0.0232558139534884,0.0503875968992248,-0.0968992248062015,-0.0852713178294574,2026-07-14T12:22:48+00:00
2026-07-13,2026-07-14,2026-07-14,settled,loss,86,6614,資拓宏宇,twse,數位雲端,中性觀察,49.15869232513387,40.75,0.01875,4451383.0,量破5日高、收在高檔、MACD動能擴大、RSI健康、流動性不足扣分,39.5,40.35,39.4,39.75,-0.0306748466257669,-0.0098159509202453,-0.0331288343558282,-0.0245398773006134,2026-07-14T12:22:48+00:00
2026-07-13,2026-07-14,2026-07-14,settled,loss,87,6266,泰詠,tpex,電子零組件業,中性觀察,48.99869631901839,26.2,0.0355731225296442,19604045.0,量破5日高、收在高檔、MACD動能擴大、RSI健康、流動性不足扣分,26.2,26.2,25.1,25.75,0.0,0.0,-0.0419847328244273,-0.0171755725190839,2026-07-14T12:22:48+00:00
2026-07-13,2026-07-14,2026-07-14,settled,tie,88,5880,合庫金,twse,金融保險,中性觀察,48.90249290998359,25.2,0.0019880715705766,495135171.0,接近20日突破、RSI健康,25.3,25.3,24.85,25.2,0.0039682539682539,0.0039682539682539,-0.0138888888888888,0.0,2026-07-14T12:22:48+00:00
2026-07-13,2026-07-14,2026-07-14,settled,loss,89,6967,汎瑋材料,tpex,電子零組件業,中性觀察,48.6360547122311,75.8,0.0922190201729105,19753985.0,量破5日高、接近20日突破、收在高檔、MACD動能擴大、RSI健康、近漲停過熱扣分、流動性不足扣分,75.8,75.8,69.9,71.7,0.0,0.0,-0.0778364116094986,-0.0540897097625329,2026-07-14T12:22:48+00:00
2026-07-13,2026-07-14,2026-07-14,settled,loss,90,2324,仁寶,twse,電腦及週邊設備業,中性觀察,48.55736196319016,36.65,0.001366120218579,2382368508.0,RSI健康、產業相對強、收低於VWAP扣分,36.8,36.85,34.7,35.55,0.0040927694406547,0.0054570259208732,-0.0532060027285128,-0.0300136425648022,2026-07-14T12:22:48+00:00
2026-07-13,2026-07-14,2026-07-14,settled,loss,91,2606,裕民,twse,航運業,中性觀察,48.50885960922086,63.9,0.0126782884310616,303681538.0,量破5日高、MACD動能擴大、RSI健康、長上影扣分、收低於VWAP扣分,64.5,64.5,61.9,62.5,0.0093896713615022,0.0093896713615022,-0.0312989045383411,-0.0219092331768387,2026-07-14T12:22:48+00:00
2026-07-13,2026-07-14,2026-07-14,settled,loss,92,9927,泰銘,twse,其他,中性觀察,48.48305214723929,69.4,0.0161054172767205,8439279.0,量破5日高、MACD動能擴大、RSI健康、流動性不足扣分,69.8,69.8,68.8,69.2,0.0057636887608067,0.0057636887608067,-0.0086455331412105,-0.0028818443804035,2026-07-14T12:22:48+00:00
2026-07-13,2026-07-14,2026-07-14,settled,loss,93,2351,順德,twse,電子工業,中性觀察,48.44079754601228,210.5,0.0524999999999999,1723659818.0,RSI健康,209.5,211.5,189.5,194.5,-0.004750593824228,0.004750593824228,-0.0997624703087886,-0.0760095011876484,2026-07-14T12:22:48+00:00
2026-07-13,2026-07-14,2026-07-14,settled,loss,94,3512,皇龍,tpex,建材營造,中性觀察,47.91014980718336,21.45,0.03125,9375328.0,量破5日高、接近20日突破、MACD動能擴大、RSI健康、長上影扣分、流動性不足扣分,19.5,19.65,19.05,19.45,-0.0909090909090908,-0.0839160839160839,-0.1118881118881118,-0.0932400932400931,2026-07-14T12:22:48+00:00
2026-07-13,2026-07-14,2026-07-14,settled,loss,95,6209,今國光,twse,電子工業,中性觀察,47.73865030674845,82.8,0.0247524752475247,797058885.0,量破5日高、長上影扣分,81.5,82.4,74.6,78.5,-0.0157004830917874,-0.004830917874396,-0.0990338164251207,-0.0519323671497584,2026-07-14T12:22:48+00:00
2026-07-13,2026-07-14,2026-07-14,settled,loss,96,3498,陽程,tpex,其他電子類,中性觀察,47.65528905116126,131.0,0.0355731225296442,966615561.0,量破5日高、MACD動能擴大、RSI健康、收低於VWAP扣分,140.0,140.0,118.0,119.5,0.0687022900763358,0.0687022900763358,-0.0992366412213741,-0.0877862595419847,2026-07-14T12:22:48+00:00
2026-07-13,2026-07-14,2026-07-14,settled,win,97,8383,千附,tpex,半導體業,中性觀察,47.58435582822085,76.6,0.0989956958393112,783781954.0,量破5日高、接近20日突破、收在高檔、MACD動能擴大、近漲停過熱扣分、流動性不足扣分,83.0,84.2,80.4,84.2,0.08355091383812,0.0992167101827676,0.0496083550913839,0.0992167101827676,2026-07-14T12:22:48+00:00
2026-07-13,2026-07-14,2026-07-14,settled,win,98,5488,松普,tpex,電子零組件業,中性觀察,47.48765337423312,17.8,0.0987654320987654,193674451.0,量破5日高、接近20日突破、收在高檔、MACD動能擴大、近漲停過熱扣分、流動性不足扣分,18.55,18.6,16.55,17.9,0.0421348314606742,0.0449438202247192,-0.0702247191011236,0.0056179775280897,2026-07-14T12:22:48+00:00
2026-07-13,2026-07-14,2026-07-14,settled,loss,99,2881,富邦金,twse,金融保險,中性觀察,47.382471434002674,127.0,0.0200803212851405,3086214347.0,收在高檔,127.0,127.0,121.5,125.0,0.0,0.0,-0.0433070866141732,-0.0157480314960629,2026-07-14T12:22:48+00:00
2026-07-13,2026-07-14,2026-07-14,settled,loss,100,7402,邑錡,tpex,光電業,中性觀察,47.364705539035285,144.0,0.0992366412213741,384568917.0,收在高檔、MACD動能擴大、近漲停過熱扣分,143.5,149.5,138.0,141.5,-0.0034722222222222,0.0381944444444444,-0.0416666666666666,-0.0173611111111111,2026-07-14T12:22:48+00:00
2026-07-14,2026-07-15,2026-07-15,settled,win,1,1303,南亞,twse,塑膠工業,偏多,88.65464669738863,210.0,0.0526315789473683,31035009496.0,量破5日高、接近20日突破、收在高檔、MACD動能擴大,217.0,230.0,214.0,227.5,0.0333333333333334,0.0952380952380953,0.0190476190476189,0.0833333333333332,2026-07-15T12:41:01+00:00
2026-07-14,2026-07-15,2026-07-15,settled,win,2,1301,台塑,twse,塑膠工業,偏多,87.43536866359447,63.6,0.0564784053156146,8670046027.0,量破5日高、收在高檔、MACD動能擴大、RSI健康,64.0,66.4,63.0,65.7,0.0062893081761006,0.0440251572327043,-0.0094339622641509,0.0330188679245282,2026-07-15T12:41:01+00:00
2026-07-14,2026-07-15,2026-07-15,settled,loss,3,3702,大聯大,twse,電子工業,偏多,84.22257100428503,119.5,0.0213675213675212,3223876997.0,量破5日高、接近20日突破、收在高檔、MACD動能擴大、RSI健康,123.0,123.0,115.0,116.5,0.0292887029288702,0.0292887029288702,-0.0376569037656904,-0.0251046025104602,2026-07-15T12:41:01+00:00
2026-07-14,2026-07-15,2026-07-15,settled,loss,4,6488,環球晶,tpex,半導體業,偏多,83.95455473360822,1515.0,0.0202020202020201,37222743530.0,量破5日高、接近20日突破、MACD動能擴大,1580.0,1600.0,1430.0,1480.0,0.0429042904290428,0.056105610561056,-0.0561056105610561,-0.023102310231023,2026-07-15T12:41:01+00:00
2026-07-14,2026-07-15,2026-07-15,settled,loss,5,8039,台虹,twse,電子零組件業,偏多,79.63325652841782,185.5,0.0976331360946745,8940462644.0,量破5日高、接近20日突破、收在高檔、MACD動能擴大、近漲停過熱扣分,186.0,194.0,180.0,181.5,0.0026954177897573,0.045822102425876,-0.0296495956873314,-0.0215633423180593,2026-07-15T12:41:01+00:00
2026-07-14,2026-07-15,2026-07-15,settled,win,6,6505,台塑化,twse,油電燃氣業,偏多,77.7085803625274,66.2,0.0491283676703644,3286945407.0,量破5日高、MACD動能擴大,66.6,72.8,66.1,72.8,0.0060422960725075,0.0996978851963745,-0.001510574018127,0.0996978851963745,2026-07-15T12:41:01+00:00
2026-07-14,2026-07-15,2026-07-15,settled,win,7,1326,台化,twse,塑膠工業,偏多,77.68371058100658,67.0,0.0307692307692306,6204244402.0,收在高檔、MACD動能擴大、RSI健康,68.1,72.4,67.1,70.8,0.016417910447761,0.0805970149253731,0.0014925373134326,0.0567164179104477,2026-07-15T12:41:01+00:00
2026-07-14,2026-07-15,2026-07-15,settled,win,8,3532,台勝科,twse,電子工業,偏多,76.55846774193549,510.0,0.095596133190118,9050906547.0,量破5日高、接近20日突破、收在高檔、MACD動能擴大、近漲停過熱扣分,535.0,552.0,506.0,523.0,0.0490196078431373,0.0823529411764705,-0.0078431372549019,0.0254901960784312,2026-07-15T12:41:01+00:00
2026-07-14,2026-07-15,2026-07-15,settled,win,9,5483,中美晶,tpex,半導體業,偏多,76.54617895545314,253.0,0.0928725701943844,20197167505.0,量破5日高、接近20日突破、收在高檔、MACD動能擴大、近漲停過熱扣分,257.5,278.0,246.5,278.0,0.017786561264822,0.0988142292490119,-0.025691699604743,0.0988142292490119,2026-07-15T12:41:01+00:00
2026-07-14,2026-07-15,2026-07-15,settled,loss,10,2880,華南金,twse,金融保險,偏多,75.48656621392192,39.25,0.0064102564102563,914105868.0,量破5日高、收在高檔、RSI健康,39.1,39.65,38.4,38.85,-0.0038216560509554,0.0101910828025477,-0.021656050955414,-0.0101910828025477,2026-07-15T12:41:01+00:00
2026-07-14,2026-07-15,2026-07-15,settled,win,11,4541,晟田,tpex,其他,觀察偏多,70.47135606603172,70.6,0.052160953800298,2536973356.0,量破5日高、接近20日突破、MACD動能擴大,70.0,75.4,66.0,72.9,-0.008498583569405,0.0679886685552408,-0.065155807365439,0.0325779036827196,2026-07-15T12:41:01+00:00
2026-07-14,2026-07-15,2026-07-15,settled,win,12,2634,漢翔,twse,航運業,觀察偏多,70.23734988130148,67.1,0.0517241379310344,9271123619.0,量破5日高、接近20日突破、MACD動能擴大、長上影扣分,66.8,69.0,63.5,68.3,-0.0044709388971683,0.0283159463487332,-0.0536512667660208,0.0178837555886737,2026-07-15T12:41:01+00:00
2026-07-14,2026-07-15,2026-07-15,settled,win,13,6829,千附精密,tpex,半導體業,觀察偏多,69.12288906162365,256.5,0.0985010706638116,1980885419.0,量破5日高、接近20日突破、收在高檔、MACD動能擴大、近漲停過熱扣分,263.0,266.0,243.5,257.0,0.0253411306042885,0.0370370370370369,-0.0506822612085769,0.0019493177387914,2026-07-15T12:41:01+00:00
2026-07-14,2026-07-15,2026-07-15,settled,win,14,2382,廣達,twse,電子工業,觀察偏多,68.87726150874917,380.0,0.0052910052910053,9740805632.0,量破5日高、收在高檔、RSI健康,383.5,384.0,376.0,381.0,0.0092105263157895,0.0105263157894737,-0.0105263157894737,0.0026315789473683,2026-07-15T12:41:01+00:00
2026-07-14,2026-07-15,2026-07-15,settled,win,15,3374,精材,tpex,半導體業,觀察偏多,68.86321192248612,365.5,0.020949720670391,7601745528.0,收在高檔、MACD動能擴大、RSI健康,392.0,402.0,392.0,402.0,0.0725034199726402,0.0998632010943911,0.0725034199726402,0.0998632010943911,2026-07-15T12:41:01+00:00
2026-07-14,2026-07-15,2026-07-15,settled,win,16,3167,大量,twse,電機機械,觀察偏多,68.3884872080089,870.0,0.0532687651331718,5127886718.0,MACD動能擴大、RSI健康,873.0,928.0,851.0,892.0,0.0034482758620688,0.0666666666666666,-0.0218390804597701,0.0252873563218389,2026-07-15T12:41:01+00:00
2026-07-14,2026-07-15,2026-07-15,settled,win,17,8033,雷虎,twse,其他,觀察偏多,67.58249351565057,264.0,0.0581162324649298,2433061464.0,接近20日突破、收在高檔、MACD動能擴大、RSI過熱扣分,264.0,272.0,249.0,269.5,0.0,0.0303030303030302,-0.0568181818181817,0.0208333333333332,2026-07-15T12:41:01+00:00
2026-07-14,2026-07-15,2026-07-15,settled,win,18,4722,國精化,twse,化學生技醫療,觀察偏多,66.70782787610331,260.5,0.0546558704453441,737047603.0,量破5日高、RSI健康,264.5,276.5,261.0,274.5,0.0153550863723608,0.0614203454894433,0.0019193857965451,0.0537428023032628,2026-07-15T12:41:01+00:00
2026-07-14,2026-07-15,2026-07-15,settled,loss,19,2630,亞航,twse,航運業,觀察偏多,66.34074530034275,62.3,0.0987654320987654,2509295178.0,量破5日高、接近20日突破、收在高檔、MACD動能擴大、近漲停過熱扣分,58.5,60.9,56.7,60.5,-0.0609951845906902,-0.0224719101123594,-0.089887640449438,-0.028892455858748,2026-07-15T12:41:01+00:00
2026-07-14,2026-07-15,2026-07-15,settled,win,20,2408,南亞科,twse,電子工業,觀察偏多,66.06423728133527,448.0,0.0591016548463356,53362251851.0,收在高檔、RSI健康,460.0,489.5,453.5,481.0,0.0267857142857141,0.0926339285714286,0.0122767857142858,0.0736607142857141,2026-07-15T12:41:01+00:00
2026-07-14,2026-07-15,2026-07-15,settled,loss,21,6182,合晶,tpex,半導體業,觀察偏多,65.340412050201,186.5,-0.0158311345646438,31984593951.0,MACD動能擴大,187.5,189.0,175.0,179.5,0.0053619302949061,0.0134048257372654,-0.0616621983914209,-0.0375335120643431,2026-07-15T12:41:01+00:00
2026-07-14,2026-07-15,2026-07-15,settled,win,22,5434,崇越,twse,電子工業,觀察偏多,65.14294547926805,550.0,-0.0161001788908765,1537908913.0,MACD動能擴大、RSI健康,550.0,569.0,536.0,556.0,0.0,0.0345454545454544,-0.0254545454545455,0.0109090909090909,2026-07-15T12:41:01+00:00
2026-07-14,2026-07-15,2026-07-15,settled,win,23,8046,南電,twse,電子工業,觀察偏多,63.425518433179725,1290.0,0.0157480314960629,28741252730.0,收在高檔、MACD動能擴大,1350.0,1415.0,1305.0,1415.0,0.0465116279069768,0.0968992248062015,0.0116279069767442,0.0968992248062015,2026-07-15T12:41:01+00:00
2026-07-14,2026-07-15,2026-07-15,settled,loss,24,5876,上海商銀,twse,金融保險,觀察偏多,63.24752745802307,44.7,0.0124575311438279,763502204.0,接近20日突破、收在高檔、MACD動能擴大,44.7,45.15,44.45,44.6,0.0,0.0100671140939596,-0.0055928411633109,-0.0022371364653244,2026-07-15T12:41:01+00:00
2026-07-14,2026-07-15,2026-07-15,settled,win,25,3376,新日興,twse,電子零組件業,觀察偏多,63.007433131380566,197.5,0.0180412371134019,667689182.0,收在高檔、MACD動能擴大,198.5,200.0,193.5,199.5,0.0050632911392405,0.0126582278481013,-0.020253164556962,0.010126582278481,2026-07-15T12:41:01+00:00
2026-07-14,2026-07-15,2026-07-15,settled,win,26,4764,雙鍵,twse,化學生技醫療,觀察偏多,62.75253313994938,331.5,0.0958677685950413,1767725449.0,收在高檔、MACD動能擴大、RSI健康、近漲停過熱扣分,341.5,364.5,320.5,364.5,0.0301659125188535,0.0995475113122172,-0.033182503770739,0.0995475113122172,2026-07-15T12:41:01+00:00
2026-07-14,2026-07-15,2026-07-15,settled,win,27,2330,台積電,twse,電子工業,觀察偏多,62.63219698791742,2420.0,-0.0081967213114754,103370532441.0,量破5日高,2425.0,2460.0,2415.0,2440.0,0.0020661157024792,0.0165289256198346,-0.0020661157024793,0.0082644628099173,2026-07-15T12:41:01+00:00
2026-07-14,2026-07-15,2026-07-15,settled,loss,28,2884,玉山金,twse,金融保險,觀察偏多,62.60759824219735,34.5,-0.0028901734104046,2302421901.0,量破5日高,34.55,35.0,34.3,34.45,0.0014492753623187,0.0144927536231884,-0.0057971014492754,-0.0014492753623187,2026-07-15T12:41:01+00:00
2026-07-14,2026-07-15,2026-07-15,settled,win,29,5871,中租-KY,twse,其他,觀察偏多,62.4563687709662,118.0,0.0128755364806867,928872556.0,收在高檔、MACD動能擴大、RSI健康,118.0,119.5,116.5,119.0,0.0,0.0127118644067796,-0.0127118644067796,0.0084745762711864,2026-07-15T12:41:01+00:00
2026-07-14,2026-07-15,2026-07-15,settled,loss,30,7788,松川精密,twse,電子工業,觀察偏多,62.43569524886504,273.0,0.0540540540540539,1565740689.0,量破5日高、收在高檔、RSI健康,274.5,274.5,260.0,269.5,0.0054945054945054,0.0054945054945054,-0.0476190476190476,-0.0128205128205127,2026-07-15T12:41:01+00:00
2026-07-14,2026-07-15,2026-07-15,settled,loss,31,6486,互動,tpex,通信網路業,觀察偏多,62.33253855076882,84.9,0.0228915662650603,35579555.0,量破5日高、接近20日突破、收在高檔、MACD動能擴大、RSI健康、流動性不足扣分,79.0,80.5,78.3,80.5,-0.0694935217903416,-0.0518256772673734,-0.0777385159010601,-0.0518256772673734,2026-07-15T12:41:01+00:00
2026-07-14,2026-07-15,2026-07-15,settled,loss,32,6538,倉和,tpex,電子零組件業,觀察偏多,62.14400253790156,156.0,0.0434782608695651,589467333.0,量破5日高、接近20日突破、收在高檔、MACD動能擴大、RSI健康、流動性不足扣分,156.0,162.0,148.0,151.5,0.0,0.0384615384615385,-0.0512820512820513,-0.0288461538461538,2026-07-15T12:41:01+00:00
2026-07-14,2026-07-15,2026-07-15,settled,loss,33,8261,富鼎,twse,半導體業,觀察偏多,61.930280337941625,307.0,0.0495726495726496,1789713126.0,收在高檔、RSI健康,307.5,311.0,291.5,304.0,0.001628664495114,0.013029315960912,-0.0504885993485342,-0.009771986970684,2026-07-15T12:41:01+00:00
2026-07-14,2026-07-15,2026-07-15,settled,win,34,2912,統一超,twse,貿易百貨,觀察偏多,61.58771436975417,242.0,0.010438413361169,652515478.0,收在高檔、MACD動能擴大,242.5,244.5,241.0,244.5,0.0020661157024792,0.0103305785123966,-0.0041322314049586,0.0103305785123966,2026-07-15T12:41:01+00:00
2026-07-14,2026-07-15,2026-07-15,settled,win,35,8415,大國鋼,tpex,鋼鐵工業,觀察偏多,61.184094772229344,35.8,0.0272596843615493,71972744.0,量破5日高、接近20日突破、收在高檔、MACD動能擴大、RSI健康、流動性不足扣分,35.9,36.8,35.7,36.6,0.0027932960893854,0.0279329608938547,-0.0027932960893852,0.0223463687150839,2026-07-15T12:41:01+00:00
2026-07-14,2026-07-15,2026-07-15,settled,win,36,6139,亞翔,twse,其他電子業,觀察偏多,60.45660334944364,834.0,-0.0554926387315968,3972106337.0,量破5日高、RSI健康,860.0,896.0,848.0,895.0,0.0311750599520383,0.0743405275779376,0.0167865707434051,0.0731414868105515,2026-07-15T12:41:01+00:00
2026-07-14,2026-07-15,2026-07-15,settled,loss,37,2316,楠梓電,twse,電子零組件業,觀察偏多,58.96880468804628,184.0,-0.0080862533692722,787589575.0,量破5日高、收在高檔,186.5,192.0,178.0,178.5,0.013586956521739,0.0434782608695651,-0.0326086956521739,-0.029891304347826,2026-07-15T12:41:01+00:00
2026-07-14,2026-07-15,2026-07-15,settled,loss,38,5269,祥碩,twse,電子工業,觀察偏多,58.13777216606932,1525.0,0.009933774834437,1685406640.0,收在高檔、RSI健康,1535.0,1535.0,1515.0,1515.0,0.0065573770491802,0.0065573770491802,-0.0065573770491803,-0.0065573770491803,2026-07-15T12:41:01+00:00
2026-07-14,2026-07-15,2026-07-15,settled,win,39,2923,鼎固-KY,twse,建材營造,觀察偏多,58.12386646538482,31.2,0.0852173913043479,23319583.0,量破5日高、接近20日突破、收在高檔、MACD動能擴大、流動性不足扣分,29.9,34.0,28.8,33.9,-0.0416666666666667,0.0897435897435898,-0.0769230769230768,0.0865384615384614,2026-07-15T12:41:01+00:00
2026-07-14,2026-07-15,2026-07-15,settled,win,40,3413,京鼎,twse,電子工業,中性觀察,57.62691273779984,337.5,0.0104790419161677,1180439607.0,收在高檔、RSI健康,334.5,360.0,333.5,348.0,-0.0088888888888888,0.0666666666666666,-0.0118518518518518,0.031111111111111,2026-07-15T12:41:01+00:00
2026-07-14,2026-07-15,2026-07-15,settled,loss,41,6609,瀧澤科,tpex,電機機械,中性觀察,57.44611698988322,45.95,0.0502857142857142,167891301.0,量破5日高、接近20日突破、收在高檔、MACD動能擴大、RSI健康、流動性不足扣分,46.0,46.3,43.8,44.55,0.001088139281828,0.0076169749727963,-0.0467899891186073,-0.0304678998911861,2026-07-15T12:41:01+00:00
2026-07-14,2026-07-15,2026-07-15,settled,win,42,6957,裕慶-KY,twse,其他,中性觀察,56.151168441993406,230.0,0.0874704491725768,142729989.0,量破5日高、接近20日突破、收在高檔、MACD動能擴大、流動性不足扣分,224.0,240.5,224.0,238.0,-0.026086956521739,0.0456521739130435,-0.026086956521739,0.0347826086956521,2026-07-15T12:41:01+00:00
2026-07-14,2026-07-15,2026-07-15,settled,tie,43,6409,旭隼,twse,電子工業,中性觀察,56.144105222734254,1080.0,0.0236966824644548,1291435735.0,RSI健康,1090.0,1130.0,1075.0,1080.0,0.0092592592592593,0.0462962962962962,-0.0046296296296296,0.0,2026-07-15T12:41:01+00:00
2026-07-14,2026-07-15,2026-07-15,settled,win,44,6907,雅特力-KY,tpex,半導體業,中性觀察,55.928385316856,211.5,0.0987012987012987,1005722733.0,接近20日突破、收在高檔、MACD動能擴大、近漲停過熱扣分,222.0,232.5,222.0,232.5,0.0496453900709219,0.0992907801418438,0.0496453900709219,0.0992907801418438,2026-07-15T12:41:01+00:00
2026-07-14,2026-07-15,2026-07-15,settled,win,45,1810,和成,twse,玻璃陶瓷,中性觀察,55.88615061481184,28.8,0.0992366412213741,1393802358.0,量破5日高、接近20日突破、收在高檔、MACD動能擴大、RSI過熱扣分、近漲停過熱扣分,29.2,31.65,27.7,31.1,0.0138888888888888,0.0989583333333332,-0.0381944444444445,0.0798611111111111,2026-07-15T12:41:01+00:00
2026-07-14,2026-07-15,2026-07-15,settled,loss,46,2886,兆豐金,twse,金融保險,中性觀察,55.64020640233449,47.0,0.0,1198766384.0,RSI健康,46.85,47.3,45.8,46.0,-0.0031914893617021,0.0063829787234042,-0.025531914893617,-0.0212765957446808,2026-07-15T12:41:01+00:00
2026-07-14,2026-07-15,2026-07-15,settled,win,47,6241,鑫永洋,tpex,通信網路業,中性觀察,55.39580970105163,17.7,0.0231213872832369,44322206.0,量破5日高、接近20日突破、MACD動能擴大、流動性不足扣分,18.45,18.9,17.5,18.8,0.0423728813559323,0.0677966101694915,-0.0112994350282485,0.0621468926553672,2026-07-15T12:41:01+00:00
2026-07-14,2026-07-15,2026-07-15,settled,win,48,1203,味王,twse,食品工業,中性觀察,55.08279188256424,44.2,0.0315052508751458,4659948.0,量破5日高、接近20日突破、MACD動能擴大、RSI健康、流動性不足扣分,44.15,44.85,43.5,44.85,-0.0011312217194571,0.0147058823529411,-0.0158371040723982,0.0147058823529411,2026-07-15T12:41:01+00:00
2026-07-14,2026-07-15,2026-07-15,settled,win,49,2881,富邦金,twse,金融保險,中性觀察,55.00155975934458,125.0,-0.0157480314960629,3310565906.0,量破5日高,126.5,130.0,126.0,128.5,0.012,0.04,0.008,0.028,2026-07-15T12:41:01+00:00
2026-07-14,2026-07-15,2026-07-15,settled,win,50,6770,力積電,twse,電子工業,中性觀察,54.87712946412128,69.2,0.0028985507246377,11755010174.0,量破5日高、收在高檔,74.0,76.1,73.8,76.1,0.0693641618497109,0.0997109826589595,0.0664739884393061,0.0997109826589595,2026-07-15T12:41:01+00:00
2026-07-14,2026-07-15,2026-07-15,settled,win,51,3576,聯合再生,twse,電子工業,中性觀察,54.83775702888478,17.5,0.0479041916167666,629952908.0,量破5日高、MACD動能擴大、RSI健康、長上影扣分,17.7,18.25,17.6,17.7,0.0114285714285713,0.0428571428571429,0.0057142857142857,0.0114285714285713,2026-07-15T12:41:01+00:00
2026-07-14,2026-07-15,2026-07-15,settled,win,52,8383,千附,tpex,半導體業,中性觀察,54.80996441932065,84.2,0.0992167101827676,824548508.0,量比>1.8、接近20日突破、收在高檔、MACD動能擴大、近漲停過熱扣分,85.6,89.8,77.4,89.8,0.0166270783847979,0.0665083135391924,-0.0807600950118764,0.0665083135391924,2026-07-15T12:41:01+00:00
2026-07-14,2026-07-15,2026-07-15,settled,loss,53,5314,世紀*,tpex,其他,中性觀察,54.76722380040383,68.2,0.0573643410852713,774701876.0,收在高檔、RSI健康,68.0,68.0,66.5,66.6,-0.002932551319648,-0.002932551319648,-0.0249266862170088,-0.0234604105571848,2026-07-15T12:41:01+00:00
2026-07-14,2026-07-15,2026-07-15,settled,loss,54,8096,擎亞,tpex,電子通路業,中性觀察,54.73373959091276,157.5,-0.0063091482649841,2094364784.0,RSI健康,158.0,158.5,146.0,146.0,0.0031746031746031,0.0063492063492063,-0.0730158730158729,-0.0730158730158729,2026-07-15T12:41:01+00:00
2026-07-14,2026-07-15,2026-07-15,settled,win,55,2059,川湖,twse,電子工業,中性觀察,54.23166282642089,7995.0,-0.0105198019801979,3060119590.0,收在高檔、RSI健康,8050.0,8660.0,8005.0,8500.0,0.0068792995622264,0.08317698561601,0.0012507817385867,0.0631644777986242,2026-07-15T12:41:01+00:00
2026-07-14,2026-07-15,2026-07-15,settled,win,56,1708,東鹼,twse,化學工業,中性觀察,53.619311871539175,56.6,0.0143369175627241,376556625.0,收在高檔、RSI健康,57.9,58.3,56.5,56.7,0.0229681978798586,0.0300353356890459,-0.0017667844522968,0.0017667844522968,2026-07-15T12:41:01+00:00
2026-07-14,2026-07-15,2026-07-15,settled,win,57,3005,神基,twse,電子工業,中性觀察,53.58770720021235,114.5,-0.0043478260869564,788089220.0,收在高檔、MACD動能擴大,115.5,116.0,113.5,115.5,0.0087336244541484,0.0131004366812226,-0.0087336244541484,0.0087336244541484,2026-07-15T12:41:01+00:00
2026-07-14,2026-07-15,2026-07-15,settled,loss,58,2892,第一金,twse,金融保險,中性觀察,53.536271121351696,33.55,-0.0029717682020802,835360575.0,RSI健康,33.4,33.8,33.1,33.1,-0.0044709388971683,0.0074515648286139,-0.013412816691505,-0.013412816691505,2026-07-15T12:41:01+00:00
2026-07-14,2026-07-15,2026-07-15,settled,win,59,2377,微星,twse,電腦及週邊設備業,中性觀察,53.383559409323496,147.0,-0.0167224080267558,2088253510.0,收在高檔、RSI健康,149.0,149.5,144.0,148.5,0.0136054421768707,0.0170068027210883,-0.0204081632653061,0.0102040816326529,2026-07-15T12:41:01+00:00
2026-07-14,2026-07-15,2026-07-15,settled,win,60,2845,遠東銀,twse,金融保險,中性觀察,53.37794545475967,13.3,-0.0037453183520598,153036134.0,量破5日高、RSI健康,13.3,13.5,13.25,13.45,0.0,0.0150375939849622,-0.0037593984962406,0.0112781954887217,2026-07-15T12:41:01+00:00
2026-07-14,2026-07-15,2026-07-15,settled,win,61,8027,鈦昇,tpex,電機機械,中性觀察,53.316820276497694,234.5,-0.0269709543568464,388082332.0,MACD動能擴大、RSI健康,241.0,245.0,238.5,244.0,0.0277185501066097,0.0447761194029849,0.0170575692963752,0.0405117270788912,2026-07-15T12:41:01+00:00
2026-07-14,2026-07-15,2026-07-15,settled,tie,62,9926,新海,twse,油電燃氣業,中性觀察,53.30183053535373,50.0,0.0060362173038228,1267576.0,量破5日高、接近20日突破、MACD動能擴大、RSI健康、流動性不足扣分,50.0,50.0,49.95,50.0,0.0,0.0,-0.0009999999999998,0.0,2026-07-15T12:41:01+00:00
2026-07-14,2026-07-15,2026-07-15,settled,win,63,1540,喬福,twse,電機機械,中性觀察,53.17894556253191,23.0,0.0313901345291478,15712856.0,量破5日高、收在高檔、MACD動能擴大、RSI健康、流動性不足扣分,23.1,23.65,22.8,23.3,0.0043478260869564,0.0282608695652173,-0.0086956521739129,0.0130434782608694,2026-07-15T12:41:01+00:00
2026-07-14,2026-07-15,2026-07-15,settled,win,64,9918,欣天然,twse,油電燃氣業,中性觀察,53.17760521205372,43.95,0.010344827586207,2669139.0,量破5日高、收在高檔、MACD動能擴大、RSI健康、流動性不足扣分,43.9,44.1,43.55,44.1,-0.0011376564277588,0.0034129692832765,-0.0091012514220706,0.0034129692832765,2026-07-15T12:41:01+00:00
2026-07-14,2026-07-15,2026-07-15,settled,win,65,6533,晶心科,twse,電子工業,中性觀察,53.10583467799971,225.0,0.0688836104513064,685355207.0,量破5日高、接近20日突破、收在高檔、MACD動能擴大、RSI健康、流動性不足扣分,225.0,234.5,220.5,227.0,0.0,0.0422222222222221,-0.02,0.0088888888888889,2026-07-15T12:41:01+00:00
2026-07-14,2026-07-15,2026-07-15,settled,loss,66,2812,台中銀,twse,金融保險,中性觀察,53.03584724426966,20.5,-0.0072639225181597,323343626.0,量破5日高、RSI健康,20.45,20.6,20.2,20.3,-0.0024390243902439,0.0048780487804878,-0.0146341463414634,-0.0097560975609756,2026-07-15T12:41:01+00:00
2026-07-14,2026-07-15,2026-07-15,settled,win,67,6919,康霈*,twse,生技醫療業,中性觀察,52.942676470337936,107.5,0.0,668820474.0,RSI健康,110.5,115.5,108.0,109.5,0.0279069767441859,0.0744186046511627,0.0046511627906977,0.0186046511627906,2026-07-15T12:41:01+00:00
2026-07-14,2026-07-15,2026-07-15,settled,win,68,3189,景碩,twse,電子工業,中性觀察,52.93673195084486,805.0,-0.0170940170940171,2873799356.0,收在高檔、RSI健康,831.0,859.0,823.0,845.0,0.0322981366459627,0.0670807453416149,0.0223602484472049,0.0496894409937889,2026-07-15T12:41:01+00:00
2026-07-14,2026-07-15,2026-07-15,settled,win,69,1216,統一,twse,食品工業,中性觀察,52.73025289960293,78.5,0.0,1408868568.0,收在高檔,78.5,79.4,78.0,78.6,0.0,0.0114649681528662,-0.0063694267515923,0.0012738853503184,2026-07-15T12:41:01+00:00
2026-07-14,2026-07-15,2026-07-15,settled,win,70,1506,正道,twse,電機機械,中性觀察,52.53696342602306,10.85,0.0483091787439613,8184785.0,量破5日高、收在高檔、MACD動能擴大、RSI健康、流動性不足扣分,10.9,10.95,10.65,10.95,0.0046082949308756,0.0092165898617511,-0.0184331797235022,0.0092165898617511,2026-07-15T12:41:01+00:00
2026-07-14,2026-07-15,2026-07-15,settled,loss,71,1476,儒鴻,twse,紡織纖維,中性觀察,52.10269644563076,343.5,0.0073313782991202,480184841.0,收在高檔、MACD動能擴大,341.5,342.5,328.5,331.0,-0.0058224163027656,-0.0029112081513827,-0.0436681222707423,-0.0363901018922853,2026-07-15T12:41:01+00:00
2026-07-14,2026-07-15,2026-07-15,settled,win,72,7767,仁大資訊,tpex,資訊服務業,中性觀察,52.04040775052884,45.0,0.0022271714922048,8612695.0,量破5日高、接近20日突破、MACD動能擴大、RSI健康、流動性不足扣分,44.5,46.9,44.5,46.5,-0.011111111111111,0.0422222222222221,-0.011111111111111,0.0333333333333334,2026-07-15T12:41:01+00:00
2026-07-14,2026-07-15,2026-07-15,settled,win,73,4566,時碩工業,twse,電機機械,中性觀察,51.709095346786,66.7,0.029320987654321,162975519.0,量破5日高、收在高檔、MACD動能擴大、RSI健康、流動性不足扣分,67.7,68.6,66.0,67.2,0.0149925037481259,0.0284857571214391,-0.0104947526236881,0.0074962518740628,2026-07-15T12:41:01+00:00
2026-07-14,2026-07-15,2026-07-15,settled,win,74,9937,全國,twse,油電燃氣業,中性觀察,51.66685445115051,56.6,0.0198198198198198,8776259.0,量破5日高、接近20日突破、MACD動能擴大、流動性不足扣分,57.9,57.9,56.1,56.9,0.0229681978798586,0.0229681978798586,-0.008833922261484,0.0053003533568904,2026-07-15T12:41:01+00:00
2026-07-14,2026-07-15,2026-07-15,settled,win,75,7795,長廣,twse,電子零組件業,中性觀察,51.60286548059685,554.0,0.0036231884057971,300530116.0,收在高檔、RSI健康,562.0,600.0,550.0,592.0,0.0144404332129963,0.0830324909747293,-0.0072202166064981,0.0685920577617329,2026-07-15T12:41:01+00:00
2026-07-14,2026-07-15,2026-07-15,settled,win,76,4104,佳醫,twse,生技醫療業,中性觀察,51.48913442617868,71.3,0.0084865629420083,28374342.0,量破5日高、接近20日突破、收在高檔、MACD動能擴大、流動性不足扣分,71.2,72.3,71.1,72.3,-0.0014025245441794,0.0140252454417952,-0.0028050490883591,0.0140252454417952,2026-07-15T12:41:01+00:00
2026-07-14,2026-07-15,2026-07-15,settled,win,77,8932,智通*,tpex,數位雲端類,中性觀察,51.46658797292128,115.0,0.0,476588823.0,收在高檔、RSI健康,116.0,126.5,114.5,126.5,0.0086956521739129,0.1,-0.0043478260869564,0.1,2026-07-15T12:41:01+00:00
2026-07-14,2026-07-15,2026-07-15,settled,loss,78,4564,元翎,twse,電機機械,中性觀察,51.1715821812596,21.6,0.0285714285714286,399986221.0,量破5日高、接近20日突破、MACD動能擴大、流動性不足扣分,20.95,21.45,20.25,21.2,-0.0300925925925926,-0.0069444444444445,-0.0625000000000001,-0.0185185185185186,2026-07-15T12:41:01+00:00
2026-07-14,2026-07-15,2026-07-15,settled,loss,79,4958,臻鼎-KY,twse,電子零組件業,中性觀察,51.03311306263224,629.0,-0.0263157894736841,35687773970.0,RSI健康,645.0,656.0,615.0,618.0,0.0254372019077901,0.0429252782193958,-0.0222575516693164,-0.0174880763116057,2026-07-15T12:41:01+00:00
2026-07-14,2026-07-15,2026-07-15,settled,tie,80,5014,建錩,tpex,鋼鐵工業,中性觀察,51.00205453148999,11.25,0.0089686098654708,8618933.0,量破5日高、收在高檔、MACD動能擴大、RSI健康、流動性不足扣分,11.3,11.3,11.15,11.25,0.0044444444444444,0.0044444444444444,-0.0088888888888888,0.0,2026-07-15T12:41:01+00:00
2026-07-14,2026-07-15,2026-07-15,settled,win,81,7717,萊德光電-KY,tpex,通信網路業,中性觀察,50.7720238095238,498.0,0.0721205597416576,253654758.0,量破5日高、收在高檔、MACD動能擴大、RSI健康、流動性不足扣分,502.0,544.0,502.0,532.0,0.0080321285140563,0.0923694779116466,0.0080321285140563,0.0682730923694778,2026-07-15T12:41:01+00:00
2026-07-14,2026-07-15,2026-07-15,settled,win,82,3706,神達,twse,電腦及週邊設備業,中性觀察,50.69723664570438,89.7,-0.0121145374449338,1119473209.0,收在高檔、RSI健康,90.4,91.8,90.0,90.9,0.0078037904124861,0.0234113712374581,0.0033444816053511,0.0133779264214046,2026-07-15T12:41:01+00:00
2026-07-14,2026-07-15,2026-07-15,settled,loss,83,1409,新纖,twse,紡織纖維,中性觀察,50.56602292020373,26.4,0.0232558139534881,986834031.0,收在高檔,26.3,26.5,25.6,25.9,-0.0037878787878786,0.0037878787878788,-0.0303030303030301,-0.0189393939393939,2026-07-15T12:41:01+00:00
2026-07-14,2026-07-15,2026-07-15,settled,loss,84,1264,德麥,tpex,食品工業,中性觀察,50.51302190328136,271.5,0.007421150278293,24997228.0,量破5日高、收在高檔、MACD動能擴大、RSI健康、流動性不足扣分,257.0,260.5,255.0,259.0,-0.0534069981583793,-0.0405156537753222,-0.0607734806629833,-0.0460405156537753,2026-07-15T12:41:01+00:00
2026-07-14,2026-07-15,2026-07-15,settled,win,85,4572,駐龍,twse,電機機械,中性觀察,50.34648083758947,151.0,0.0033222591362125,11535200.0,量破5日高、收在高檔、MACD動能擴大、RSI健康、流動性不足扣分,150.5,153.5,150.0,153.0,-0.0033112582781457,0.0165562913907284,-0.0066225165562914,0.0132450331125828,2026-07-15T12:41:01+00:00
2026-07-14,2026-07-15,2026-07-15,settled,win,86,2915,潤泰全,twse,貿易百貨,中性觀察,50.32582842599893,51.1,0.0138888888888888,221564973.0,量破5日高、收在高檔,51.2,52.5,51.2,52.2,0.0019569471624265,0.0273972602739724,0.0019569471624265,0.0215264187866928,2026-07-15T12:41:01+00:00
2026-07-14,2026-07-15,2026-07-15,settled,win,87,2376,技嘉,twse,電腦及週邊設備業,中性觀察,50.25362903225806,334.0,-0.0044709388971684,1613168224.0,RSI健康,337.0,345.5,335.0,344.0,0.0089820359281436,0.0344311377245509,0.0029940119760478,0.0299401197604789,2026-07-15T12:41:01+00:00
2026-07-14,2026-07-15,2026-07-15,settled,loss,88,2516,新建,twse,建材營造,中性觀察,50.24983981711469,14.5,0.0583941605839417,39165941.0,量破5日高、接近20日突破、MACD動能擴大、RSI健康、收低於VWAP扣分、流動性不足扣分,14.5,14.5,13.8,13.85,0.0,0.0,-0.0482758620689655,-0.0448275862068965,2026-07-15T12:41:01+00:00
2026-07-14,2026-07-15,2026-07-15,settled,win,89,3685,元創精密,tpex,電機機械,中性觀察,49.99078341013825,36.85,0.1,73028618.0,量破5日高、接近20日突破、收在高檔、MACD動能擴大、近漲停過熱扣分、流動性不足扣分,37.6,40.5,37.2,40.0,0.0203527815468114,0.0990502035278153,0.0094979647218453,0.0854816824966078,2026-07-15T12:41:01+00:00
2026-07-14,2026-07-15,2026-07-15,settled,win,90,2337,旺宏,twse,電子工業,中性觀察,49.971509216589865,139.5,0.0108695652173913,9305083086.0,量破5日高,144.5,150.5,144.0,148.5,0.0358422939068099,0.0788530465949821,0.032258064516129,0.064516129032258,2026-07-15T12:41:01+00:00
2026-07-14,2026-07-15,2026-07-15,settled,loss,91,4950,金耘國際,tpex,鋼鐵工業,中性觀察,49.77732877357685,16.5,0.0030395136778116,1161748.0,量破5日高、收在高檔、MACD動能擴大、RSI健康、流動性不足扣分,16.0,16.35,16.0,16.0,-0.0303030303030302,-0.009090909090909,-0.0303030303030302,-0.0303030303030302,2026-07-15T12:41:01+00:00
2026-07-14,2026-07-15,2026-07-15,settled,win,92,5880,合庫金,twse,金融保險,中性觀察,49.75405421691463,25.2,0.0,511200523.0,接近20日突破、RSI健康,25.25,25.7,25.25,25.35,0.0019841269841269,0.0198412698412697,0.0019841269841269,0.0059523809523809,2026-07-15T12:41:01+00:00
2026-07-14,2026-07-15,2026-07-15,settled,win,93,6196,帆宣,twse,其他電子業,中性觀察,49.72971535215533,539.0,-0.0217785843920145,932382877.0,RSI健康,544.0,590.0,540.0,585.0,0.0092764378478664,0.0946196660482374,0.0018552875695732,0.0853432282003709,2026-07-15T12:41:01+00:00
2026-07-14,2026-07-15,2026-07-15,settled,win,94,9958,世紀鋼,twse,鋼鐵工業,中性觀察,49.55614290585691,116.5,0.0,250321690.0,收在高檔、RSI健康,116.5,120.5,115.0,119.0,0.0,0.0343347639484978,-0.0128755364806867,0.0214592274678111,2026-07-15T12:41:01+00:00
2026-07-14,2026-07-15,2026-07-15,settled,win,95,2883,凱基金,twse,金融保險,中性觀察,49.4455187409854,29.5,-0.0100671140939597,1442744418.0,RSI健康,30.2,31.0,30.05,30.15,0.0237288135593221,0.0508474576271187,0.0186440677966102,0.0220338983050847,2026-07-15T12:41:01+00:00
2026-07-14,2026-07-15,2026-07-15,settled,win,96,6958,日盛台駿,twse,其他,中性觀察,49.4211867135541,17.15,0.0029239766081869,1116782.0,量破5日高、收在高檔、MACD動能擴大、RSI健康、流動性不足扣分,17.2,18.6,17.15,18.5,0.0029154518950438,0.0845481049562684,0.0,0.0787172011661807,2026-07-15T12:41:01+00:00
2026-07-14,2026-07-15,2026-07-15,settled,win,97,2887,台新新光金,twse,金融保險,中性觀察,49.3783602150538,35.45,-0.0083916083916083,3037993098.0,,36.0,36.8,35.5,36.15,0.0155148095909731,0.0380818053596614,0.001410437235543,0.0197461212976022,2026-07-15T12:41:01+00:00
2026-07-14,2026-07-15,2026-07-15,settled,win,98,5388,中磊,twse,電子工業,中性觀察,49.07823930543647,85.7,0.0035128805620607,375262876.0,收在高檔、MACD動能擴大、RSI健康,86.5,91.1,86.4,89.4,0.0093348891481912,0.0630105017502915,0.0081680280046674,0.043173862310385,2026-07-15T12:41:01+00:00
2026-07-14,2026-07-15,2026-07-15,settled,win,99,2103,台橡,twse,橡膠工業,中性觀察,49.05852534562212,25.0,0.0729613733905578,388960841.0,量比>1.8、收在高檔、MACD動能擴大、流動性不足扣分,24.0,25.7,23.8,25.6,-0.04,0.028,-0.0479999999999999,0.024,2026-07-15T12:41:01+00:00
2026-07-14,2026-07-15,2026-07-15,settled,loss,100,8069,元太,tpex,光電業,中性觀察,49.013074581902,193.5,-0.0127551020408163,1392356694.0,RSI健康,194.0,195.0,188.5,188.5,0.0025839793281654,0.0077519379844961,-0.0258397932816537,-0.0258397932816537,2026-07-15T12:41:01+00:00
2026-07-15,2026-07-16,2026-07-16,settled,loss,1,1303,南亞,twse,塑膠工業,偏多,86.68918884339816,227.5,0.0833333333333332,35268981858.0,量破5日高、接近20日突破、收在高檔、MACD動能擴大,223.0,229.0,215.0,221.0,-0.0197802197802198,0.0065934065934065,-0.0549450549450549,-0.0285714285714285,2026-07-16T12:47:54+00:00
2026-07-15,2026-07-16,2026-07-16,settled,loss,2,1326,台化,twse,塑膠工業,偏多,83.28008366968578,70.8,0.0567164179104477,8713105836.0,量破5日高、MACD動能擴大、RSI健康,71.0,73.0,68.4,68.9,0.0028248587570622,0.0310734463276836,-0.0338983050847456,-0.0268361581920902,2026-07-16T12:47:54+00:00
2026-07-15,2026-07-16,2026-07-16,settled,loss,3,1301,台塑,twse,塑膠工業,偏多,83.246875940755,65.7,0.0330188679245282,9561434341.0,量破5日高、收在高檔、MACD動能擴大、RSI健康,66.8,68.6,65.0,65.6,0.0167427701674276,0.0441400304414001,-0.0106544901065449,-0.0015220700152208,2026-07-16T12:47:54+00:00
2026-07-15,2026-07-16,2026-07-16,settled,loss,4,4764,雙鍵,twse,化學生技醫療,偏多,79.19563269233853,364.5,0.0995475113122172,2353839550.0,量破5日高、接近20日突破、收在高檔、MACD動能擴大、RSI健康、近漲停過熱扣分,355.0,374.0,328.5,328.5,-0.0260631001371741,0.0260631001371742,-0.0987654320987654,-0.0987654320987654,2026-07-16T12:47:54+00:00
2026-07-15,2026-07-16,2026-07-16,settled,win,5,6196,帆宣,twse,其他電子業,偏多,76.60506477174347,585.0,0.0853432282003709,1285184155.0,量破5日高、收在高檔、RSI健康、產業相對強,580.0,607.0,569.0,590.0,-0.0085470085470085,0.0376068376068376,-0.0273504273504273,0.0085470085470085,2026-07-16T12:47:54+00:00
2026-07-15,2026-07-16,2026-07-16,settled,loss,6,8383,千附,tpex,半導體業,偏多,75.56487922054579,89.8,0.0665083135391924,1400008857.0,量破5日高、接近20日突破、收在高檔、MACD動能擴大、產業相對強,89.8,95.0,85.8,87.1,0.0,0.0579064587973274,-0.0445434298440979,-0.0300668151447661,2026-07-16T12:47:54+00:00
2026-07-15,2026-07-16,2026-07-16,settled,loss,7,2408,南亞科,twse,電子工業,偏多,75.13851927669737,481.0,0.0736607142857141,75108795845.0,量破5日高、RSI健康,463.0,463.0,435.5,439.0,-0.0374220374220374,-0.0374220374220374,-0.0945945945945946,-0.0873180873180873,2026-07-16T12:47:54+00:00
2026-07-15,2026-07-16,2026-07-16,settled,loss,8,2615,萬海,twse,航運業,偏多,73.89086624788088,81.7,0.0289672544080603,871111077.0,量破5日高、收在高檔、MACD動能擴大、RSI健康,81.7,82.0,80.4,80.7,0.0,0.0036719706242349,-0.0159118727050183,-0.0122399020807834,2026-07-16T12:47:54+00:00
2026-07-15,2026-07-16,2026-07-16,settled,loss,9,3680,家登,tpex,半導體業,偏多,72.90010842833068,531.0,0.0651955867602809,1918186297.0,量破5日高、RSI健康、產業相對強,520.0,534.0,490.5,516.0,-0.0207156308851224,0.0056497175141243,-0.0762711864406779,-0.0282485875706214,2026-07-16T12:47:54+00:00
2026-07-15,2026-07-16,2026-07-16,settled,loss,10,2404,漢唐,twse,電子工業,觀察偏多,70.96923449873404,1285.0,0.0843881856540085,4670687510.0,量破5日高、收在高檔、RSI健康,1230.0,1270.0,1200.0,1250.0,-0.0428015564202334,-0.0116731517509727,-0.0661478599221789,-0.0272373540856031,2026-07-16T12:47:54+00:00
2026-07-15,2026-07-16,2026-07-16,settled,loss,11,3376,新日興,twse,電子零組件業,觀察偏多,70.74329675938763,199.5,0.010126582278481,710143598.0,量破5日高、收在高檔、MACD動能擴大、RSI健康、產業相對強,199.0,199.0,194.5,194.5,-0.0025062656641604,-0.0025062656641604,-0.025062656641604,-0.025062656641604,2026-07-16T12:47:54+00:00
2026-07-15,2026-07-16,2026-07-16,settled,loss,12,1590,亞德客-KY,twse,電機機械,觀察偏多,70.4017206775461,1365.0,0.058139534883721,1373193355.0,量破5日高、收在高檔、RSI健康,1350.0,1375.0,1280.0,1350.0,-0.0109890109890109,0.0073260073260073,-0.0622710622710622,-0.0109890109890109,2026-07-16T12:47:54+00:00
2026-07-15,2026-07-16,2026-07-16,settled,win,13,6505,台塑化,twse,油電燃氣業,觀察偏多,69.47674002047083,72.8,0.0996978851963745,4165392557.0,量破5日高、收在高檔、MACD動能擴大、近漲停過熱扣分,74.5,80.0,73.2,80.0,0.0233516483516484,0.098901098901099,0.0054945054945054,0.098901098901099,2026-07-16T12:47:54+00:00
2026-07-15,2026-07-16,2026-07-16,settled,loss,14,5351,鈺創,tpex,半導體業,觀察偏多,69.23022006141248,104.5,0.0976890756302519,3616525588.0,接近20日突破、收在高檔、MACD動能擴大、RSI健康、產業相對強、近漲停過熱扣分,103.0,105.5,96.6,97.7,-0.0143540669856458,0.0095693779904306,-0.075598086124402,-0.0650717703349281,2026-07-16T12:47:54+00:00
2026-07-15,2026-07-16,2026-07-16,settled,win,15,5347,世界,tpex,半導體業,觀察偏多,69.060542918152,186.5,0.0718390804597701,6674521424.0,量破5日高、收在高檔、產業相對強,185.0,192.0,183.0,187.5,-0.0080428954423592,0.0294906166219839,-0.0187667560321715,0.0053619302949061,2026-07-16T12:47:54+00:00
2026-07-15,2026-07-16,2026-07-16,settled,win,16,2912,統一超,twse,貿易百貨,觀察偏多,68.9087019902816,244.5,0.0103305785123966,908045359.0,量破5日高、收在高檔、MACD動能擴大,244.5,249.0,243.0,245.5,0.0,0.01840490797546,-0.0061349693251533,0.0040899795501021,2026-07-16T12:47:54+00:00
2026-07-15,2026-07-16,2026-07-16,settled,loss,17,8131,福懋科,twse,半導體業,觀察偏多,68.46484889748297,81.2,0.0841121495327101,987969909.0,收在高檔、MACD動能擴大、RSI健康、產業相對強,81.2,83.9,76.5,76.6,0.0,0.0332512315270936,-0.0578817733990147,-0.0566502463054188,2026-07-16T12:47:54+00:00
2026-07-15,2026-07-16,2026-07-16,settled,loss,18,5388,中磊,twse,電子工業,觀察偏多,68.40017491864202,89.4,0.043173862310385,1179777674.0,量破5日高、接近20日突破、MACD動能擴大,88.8,89.2,86.5,86.6,-0.0067114093959732,-0.0022371364653244,-0.0324384787472036,-0.0313199105145415,2026-07-16T12:47:54+00:00
2026-07-15,2026-07-16,2026-07-16,settled,win,19,2059,川湖,twse,電子工業,觀察偏多,67.80718744872527,8500.0,0.0631644777986242,5836820670.0,MACD動能擴大、RSI健康,8410.0,8900.0,8295.0,8655.0,-0.0105882352941176,0.0470588235294118,-0.0241176470588235,0.0182352941176471,2026-07-16T12:47:54+00:00
2026-07-15,2026-07-16,2026-07-16,settled,win,20,2006,東和鋼鐵,twse,鋼鐵工業,觀察偏多,67.32812293340409,71.8,0.0227920227920226,241841952.0,量破5日高、接近20日突破、MACD動能擴大、RSI健康,72.0,72.6,71.9,72.4,0.0027855153203342,0.0111420612813371,0.0013927576601673,0.0083565459610028,2026-07-16T12:47:54+00:00
2026-07-15,2026-07-16,2026-07-16,settled,loss,21,6903,巨漢,tpex,其他電子類,觀察偏多,67.20336315809759,406.0,0.0740740740740741,708636756.0,量破5日高、收在高檔、MACD動能擴大、RSI健康,401.0,404.5,388.5,395.0,-0.0123152709359606,-0.0036945812807881,-0.0431034482758621,-0.0270935960591133,2026-07-16T12:47:54+00:00
2026-07-15,2026-07-16,2026-07-16,settled,loss,22,2388,威盛,twse,電子工業,觀察偏多,66.98751976243774,75.8,0.0498614958448753,767580929.0,MACD動能擴大、RSI健康,75.0,77.7,72.6,72.6,-0.0105540897097624,0.0250659630606862,-0.0422163588390501,-0.0422163588390501,2026-07-16T12:47:54+00:00
2026-07-15,2026-07-16,2026-07-16,settled,loss,23,2313,華通,twse,電子零組件業,觀察偏多,66.61994626407369,248.0,0.0997782705099779,14935045270.0,收在高檔、MACD動能擴大、RSI健康、產業相對強、近漲停過熱扣分,245.0,248.0,235.0,235.5,-0.0120967741935483,0.0,-0.0524193548387096,-0.0504032258064516,2026-07-16T12:47:54+00:00
2026-07-15,2026-07-16,2026-07-16,settled,win,24,2603,長榮,twse,航運業,觀察偏多,66.29146622313203,199.5,0.025706940874036,3079502364.0,收在高檔、MACD動能擴大、RSI健康,199.5,201.0,198.0,200.0,0.0,0.0075187969924812,-0.0075187969924812,0.0025062656641603,2026-07-16T12:47:54+00:00
2026-07-15,2026-07-16,2026-07-16,settled,loss,25,2303,聯電,twse,電子工業,觀察偏多,65.7403275332651,166.0,0.0993377483443709,18082151942.0,量破5日高、收在高檔、近漲停過熱扣分,161.5,168.0,159.0,160.0,-0.0271084337349397,0.0120481927710842,-0.0421686746987951,-0.036144578313253,2026-07-16T12:47:54+00:00
2026-07-15,2026-07-16,2026-07-16,settled,win,26,3665,貿聯-KY,twse,電子工業,觀察偏多,65.666417604913,1910.0,0.0760563380281689,6085037980.0,收在高檔、MACD動能擴大,1890.0,1985.0,1815.0,1955.0,-0.0104712041884816,0.0392670157068062,-0.0497382198952879,0.0235602094240838,2026-07-16T12:47:54+00:00
2026-07-15,2026-07-16,2026-07-16,settled,win,27,8150,南茂,twse,半導體業,觀察偏多,65.14337256908904,114.0,0.0961538461538462,6382875917.0,收在高檔、MACD動能擴大、RSI健康、產業相對強、近漲停過熱扣分,114.0,125.0,114.0,122.5,0.0,0.0964912280701755,0.0,0.0745614035087718,2026-07-16T12:47:54+00:00
2026-07-15,2026-07-16,2026-07-16,settled,loss,28,6285,啟碁,twse,通信網路業,觀察偏多,65.08348259979529,267.0,0.0787878787878788,3389743838.0,收在高檔、MACD動能擴大、RSI健康,264.0,264.0,253.5,257.0,-0.0112359550561798,-0.0112359550561798,-0.050561797752809,-0.0374531835205992,2026-07-16T12:47:54+00:00
2026-07-15,2026-07-16,2026-07-16,settled,win,29,6949,沛爾生醫-創,twse,生技醫療業,觀察偏多,64.80324787793462,1025.0,0.0962566844919785,853162944.0,量破5日高、接近20日突破、收在高檔、MACD動能擴大、近漲停過熱扣分,1020.0,1115.0,1020.0,1105.0,-0.0048780487804878,0.0878048780487805,-0.0048780487804878,0.0780487804878049,2026-07-16T12:47:54+00:00
2026-07-15,2026-07-16,2026-07-16,settled,loss,30,3532,台勝科,twse,電子工業,觀察偏多,64.47997196386454,523.0,0.0254901960784312,8042951330.0,接近20日突破、MACD動能擴大、收低於VWAP扣分,504.0,519.0,471.0,471.0,-0.0363288718929254,-0.0076481835564053,-0.0994263862332696,-0.0994263862332696,2026-07-16T12:47:54+00:00
2026-07-15,2026-07-16,2026-07-16,settled,loss,31,6139,亞翔,twse,其他電子業,觀察偏多,64.15957011258956,895.0,0.0731414868105515,3342228179.0,收在高檔、RSI健康、產業相對強,878.0,886.0,838.0,868.0,-0.0189944134078212,-0.0100558659217877,-0.0636871508379888,-0.0301675977653631,2026-07-16T12:47:54+00:00
2026-07-15,2026-07-16,2026-07-16,settled,loss,32,3583,辛耘,twse,電子工業,觀察偏多,64.10962128966223,842.0,0.0992167101827676,1587511444.0,量破5日高、收在高檔、RSI健康、近漲停過熱扣分,835.0,864.0,811.0,830.0,-0.008313539192399,0.0261282660332542,-0.0368171021377672,-0.0142517814726841,2026-07-16T12:47:54+00:00
2026-07-15,2026-07-16,2026-07-16,settled,loss,33,2376,技嘉,twse,電腦及週邊設備業,觀察偏多,63.96981101038163,344.0,0.0299401197604789,1666966093.0,收在高檔、MACD動能擴大、RSI健康,342.5,342.5,335.5,337.0,-0.004360465116279,-0.004360465116279,-0.0247093023255814,-0.0203488372093023,2026-07-16T12:47:54+00:00
2026-07-15,2026-07-16,2026-07-16,settled,loss,34,2027,大成鋼,twse,鋼鐵工業,觀察偏多,63.63786888237424,41.3,0.0562659846547313,972243673.0,量破5日高、收在高檔、RSI健康,41.2,41.4,40.35,41.0,-0.0024213075060531,0.0024213075060532,-0.0230024213075059,-0.0072639225181597,2026-07-16T12:47:54+00:00
2026-07-15,2026-07-16,2026-07-16,settled,win,35,6669,緯穎,twse,電腦及週邊設備業,觀察偏多,63.62699017047259,5095.0,0.0387359836901122,4693955730.0,MACD動能擴大、RSI健康,5090.0,5130.0,5000.0,5115.0,-0.0009813542688911,0.0068694798822375,-0.0186457311089303,0.0039254170755642,2026-07-16T12:47:54+00:00
2026-07-15,2026-07-16,2026-07-16,settled,loss,36,1810,和成,twse,玻璃陶瓷,觀察偏多,63.53203126491208,31.1,0.0798611111111111,1905437925.0,量破5日高、接近20日突破、收在高檔、MACD動能擴大、RSI過熱扣分,30.25,30.9,28.85,28.9,-0.0273311897106109,-0.0064308681672026,-0.0723472668810288,-0.0707395498392283,2026-07-16T12:47:54+00:00
2026-07-15,2026-07-16,2026-07-16,settled,loss,37,8046,南電,twse,電子工業,觀察偏多,63.43679631525076,1415.0,0.0968992248062015,26685897425.0,接近20日突破、收在高檔、MACD動能擴大、近漲停過熱扣分,1405.0,1415.0,1275.0,1275.0,-0.0070671378091873,0.0,-0.0989399293286219,-0.0989399293286219,2026-07-16T12:47:54+00:00
2026-07-15,2026-07-16,2026-07-16,settled,loss,38,3033,威健,twse,電子通路業,觀察偏多,63.16787256542413,55.6,0.0988142292490119,2064694278.0,量破5日高、接近20日突破、收在高檔、MACD動能擴大、近漲停過熱扣分,56.0,59.4,53.3,54.2,0.0071942446043165,0.0683453237410072,-0.0413669064748202,-0.0251798561151078,2026-07-16T12:47:54+00:00
2026-07-15,2026-07-16,2026-07-16,settled,loss,39,2377,微星,twse,電腦及週邊設備業,觀察偏多,63.158434355232686,148.5,0.0102040816326529,1787488247.0,收在高檔、MACD動能擴大、RSI健康,148.0,148.0,145.0,145.0,-0.0033670033670033,-0.0033670033670033,-0.0235690235690235,-0.0235690235690235,2026-07-16T12:47:54+00:00
2026-07-15,2026-07-16,2026-07-16,settled,win,40,2845,遠東銀,twse,金融保險,觀察偏多,62.91679481780408,13.45,0.0112781954887217,201561838.0,量破5日高、接近20日突破、收在高檔、MACD動能擴大、RSI健康,13.4,13.55,13.4,13.55,-0.003717472118959,0.0074349442379182,-0.003717472118959,0.0074349442379182,2026-07-16T12:47:54+00:00
2026-07-15,2026-07-16,2026-07-16,settled,loss,41,3374,精材,tpex,半導體業,觀察偏多,62.66972876151483,402.0,0.0998632010943911,2451644170.0,接近20日突破、收在高檔、MACD動能擴大、產業相對強、近漲停過熱扣分,413.0,418.0,383.0,395.0,0.027363184079602,0.0398009950248756,-0.0472636815920397,-0.017412935323383,2026-07-16T12:47:54+00:00
2026-07-15,2026-07-16,2026-07-16,settled,loss,42,6829,千附精密,tpex,半導體業,觀察偏多,62.5559584572358,257.0,0.0019493177387914,1364155230.0,接近20日突破、MACD動能擴大、RSI健康、產業相對強,248.5,256.5,231.5,231.5,-0.0330739299610894,-0.0019455252918287,-0.0992217898832684,-0.0992217898832684,2026-07-16T12:47:54+00:00
2026-07-15,2026-07-16,2026-07-16,settled,loss,43,5483,中美晶,tpex,半導體業,觀察偏多,62.47013817809621,278.0,0.0988142292490119,19443379158.0,接近20日突破、收在高檔、MACD動能擴大、RSI過熱扣分、產業相對強、近漲停過熱扣分,272.5,279.5,257.0,259.0,-0.0197841726618704,0.0053956834532373,-0.0755395683453237,-0.0683453237410072,2026-07-16T12:47:54+00:00
2026-07-15,2026-07-16,2026-07-16,settled,loss,44,1560,中砂,twse,電機機械,觀察偏多,61.79749463008123,742.0,0.0992592592592591,1738982388.0,量破5日高、收在高檔、RSI健康、近漲停過熱扣分,740.0,765.0,715.0,728.0,-0.0026954177897574,0.0309973045822102,-0.036388140161725,-0.0188679245283018,2026-07-16T12:47:54+00:00
2026-07-15,2026-07-16,2026-07-16,settled,win,45,8932,智通*,tpex,數位雲端類,觀察偏多,61.75585508733828,126.5,0.1,1182647059.0,接近20日突破、收在高檔、MACD動能擴大、近漲停過熱扣分,124.5,130.0,124.5,129.5,-0.0158102766798419,0.0276679841897233,-0.0158102766798419,0.0237154150197629,2026-07-16T12:47:54+00:00
2026-07-15,2026-07-16,2026-07-16,settled,loss,46,8027,鈦昇,tpex,電機機械,觀察偏多,61.42882441510676,244.0,0.0405117270788912,217142865.0,收在高檔、MACD動能擴大、RSI健康,238.5,244.0,238.5,239.0,-0.0225409836065574,0.0,-0.0225409836065574,-0.0204918032786884,2026-07-16T12:47:54+00:00
2026-07-15,2026-07-16,2026-07-16,settled,loss,47,3006,晶豪科,twse,電子工業,觀察偏多,60.74948729515086,239.0,0.0988505747126435,3005006329.0,收在高檔、MACD動能擴大、RSI健康、近漲停過熱扣分,233.5,236.0,219.0,220.0,-0.0230125523012552,-0.0125523012552301,-0.0836820083682008,-0.0794979079497908,2026-07-16T12:47:54+00:00
2026-07-15,2026-07-16,2026-07-16,settled,tie,48,6944,兆聯實業,twse,綠能環保,觀察偏多,60.65139261689342,1035.0,0.0507614213197968,595614593.0,收在高檔、MACD動能擴大、RSI健康,1025.0,1055.0,1005.0,1035.0,-0.0096618357487923,0.0193236714975846,-0.0289855072463768,0.0,2026-07-16T12:47:54+00:00
2026-07-15,2026-07-16,2026-07-16,settled,loss,49,2881,富邦金,twse,金融保險,觀察偏多,60.4419499139071,128.5,0.028,3539998258.0,量破5日高,128.5,129.5,123.5,125.0,0.0,0.0077821011673151,-0.0389105058365758,-0.0272373540856031,2026-07-16T12:47:54+00:00
2026-07-15,2026-07-16,2026-07-16,settled,win,50,5434,崇越,twse,電子工業,觀察偏多,60.428817344375176,556.0,0.0109090909090909,1116438857.0,MACD動能擴大、RSI健康,543.0,596.0,542.0,596.0,-0.0233812949640287,0.0719424460431654,-0.0251798561151078,0.0719424460431654,2026-07-16T12:47:54+00:00
2026-07-15,2026-07-16,2026-07-16,settled,win,51,6525,捷敏-KY,twse,半導體業,觀察偏多,60.314568131541584,188.5,0.0385674931129476,1038457831.0,RSI健康、產業相對強,182.5,199.5,176.5,191.5,-0.0318302387267904,0.0583554376657824,-0.0636604774535809,0.0159151193633952,2026-07-16T12:47:54+00:00
2026-07-15,2026-07-16,2026-07-16,settled,win,52,3413,京鼎,twse,電子工業,觀察偏多,60.27361194260443,348.0,0.031111111111111,1567212610.0,MACD動能擴大、長上影扣分,346.5,382.5,341.5,382.0,-0.0043103448275861,0.0991379310344826,-0.0186781609195402,0.0977011494252872,2026-07-16T12:47:54+00:00
2026-07-15,2026-07-16,2026-07-16,settled,loss,53,2634,漢翔,twse,航運業,觀察偏多,59.91265818367916,68.3,0.0178837555886737,4706906326.0,收在高檔、MACD動能擴大,67.5,68.3,63.9,64.5,-0.0117130307467057,0.0,-0.0644216691068814,-0.055636896046852,2026-07-16T12:47:54+00:00
2026-07-15,2026-07-16,2026-07-16,settled,loss,54,6508,惠光,tpex,農業科技業,觀察偏多,59.40723091345403,26.0,0.0297029702970297,2936786.0,量破5日高、接近20日突破、收在高檔、MACD動能擴大、流動性不足扣分,26.0,26.0,25.4,25.8,0.0,0.0,-0.0230769230769231,-0.0076923076923076,2026-07-16T12:47:54+00:00
2026-07-15,2026-07-16,2026-07-16,settled,loss,55,6122,擎邦,tpex,電機機械,觀察偏多,59.12975215674805,53.1,0.037109375,56037142.0,量破5日高、接近20日突破、收在高檔、MACD動能擴大、流動性不足扣分,53.0,53.0,51.8,51.9,-0.0018832391713747,-0.0018832391713747,-0.0244821092278719,-0.0225988700564971,2026-07-16T12:47:54+00:00
2026-07-15,2026-07-16,2026-07-16,settled,loss,56,6958,日盛台駿,twse,其他,觀察偏多,58.961299280183766,18.5,0.0787172011661807,2500337.0,量破5日高、接近20日突破、收在高檔、MACD動能擴大、RSI健康、流動性不足扣分,18.75,18.75,17.6,17.95,0.0135135135135135,0.0135135135135135,-0.0486486486486485,-0.0297297297297297,2026-07-16T12:47:54+00:00
2026-07-15,2026-07-16,2026-07-16,settled,win,57,6691,洋基工程,twse,電子工業,觀察偏多,58.77972371549095,753.0,0.0680851063829788,555649967.0,收在高檔、RSI健康,753.0,767.0,738.0,754.0,0.0,0.0185922974767596,-0.0199203187250995,0.0013280212483399,2026-07-16T12:47:54+00:00
2026-07-15,2026-07-16,2026-07-16,settled,win,58,2441,超豐,twse,電子工業,觀察偏多,58.66171954964176,136.5,0.058139534883721,728308243.0,RSI健康,135.0,142.0,131.0,139.0,-0.0109890109890109,0.0402930402930403,-0.0402930402930402,0.0183150183150182,2026-07-16T12:47:54+00:00
2026-07-15,2026-07-16,2026-07-16,settled,loss,59,3026,禾伸堂,twse,電子零組件業,觀察偏多,58.38852956228551,838.0,0.0282208588957055,12154017348.0,RSI健康、產業相對強,816.0,854.0,755.0,766.0,-0.026252983293556,0.0190930787589498,-0.0990453460620525,-0.0859188544152744,2026-07-16T12:47:54+00:00
2026-07-15,2026-07-16,2026-07-16,settled,win,60,5328,華容,tpex,電子零組件業,觀察偏多,58.19686540429888,66.2,0.034375,1185625470.0,收在高檔、RSI健康、產業相對強,65.5,72.5,65.2,67.0,-0.0105740181268882,0.095166163141994,-0.0151057401812688,0.012084592145015,2026-07-16T12:47:54+00:00
2026-07-15,2026-07-16,2026-07-16,settled,win,61,6414,樺漢,twse,電子工業,觀察偏多,58.11816650469554,394.5,0.0450331125827814,696673797.0,收在高檔、MACD動能擴大、RSI健康,388.0,405.0,387.5,400.0,-0.0164765525982255,0.0266159695817489,-0.017743979721166,0.0139416983523448,2026-07-16T12:47:54+00:00
2026-07-15,2026-07-16,2026-07-16,settled,loss,62,3711,日月光投控,twse,電子工業,觀察偏多,58.07332943412779,683.0,0.0655226209048362,17955193595.0,RSI健康,679.0,694.0,668.0,682.0,-0.0058565153733528,0.0161054172767203,-0.0219619326500731,-0.0014641288433382,2026-07-16T12:47:54+00:00
2026-07-15,2026-07-16,2026-07-16,settled,win,63,6257,矽格,twse,電子工業,中性觀察,57.99723643807574,237.5,0.0555555555555555,1606881519.0,RSI健康,235.5,242.5,230.0,238.0,-0.0084210526315789,0.0210526315789474,-0.031578947368421,0.0021052631578948,2026-07-16T12:47:54+00:00
2026-07-15,2026-07-16,2026-07-16,settled,loss,64,6578,達邦蛋白,tpex,農業科技業,中性觀察,57.745118897510366,17.3,0.0778816199376946,3928296.0,量破5日高、接近20日突破、MACD動能擴大、RSI健康、流動性不足扣分,17.25,17.25,16.4,16.45,-0.0028901734104046,-0.0028901734104046,-0.0520231213872833,-0.0491329479768787,2026-07-16T12:47:54+00:00
2026-07-15,2026-07-16,2026-07-16,settled,loss,65,2337,旺宏,twse,電子工業,中性觀察,57.62074246122352,148.5,0.064516129032258,16320493793.0,量破5日高,143.5,144.0,136.0,136.5,-0.0336700336700336,-0.0303030303030302,-0.0841750841750841,-0.0808080808080807,2026-07-16T12:47:54+00:00
2026-07-15,2026-07-16,2026-07-16,settled,loss,66,2231,為升,twse,汽車工業,中性觀察,57.3828671575966,126.5,0.0858369098712446,425452998.0,收在高檔、MACD動能擴大,124.5,126.0,118.0,118.0,-0.0158102766798419,-0.0039525691699604,-0.067193675889328,-0.067193675889328,2026-07-16T12:47:54+00:00
2026-07-15,2026-07-16,2026-07-16,settled,loss,67,4722,國精化,twse,化學生技醫療,中性觀察,57.29045225541196,274.5,0.0537428023032628,613687673.0,收在高檔,266.5,274.5,252.0,253.0,-0.0291438979963569,0.0,-0.081967213114754,-0.0783242258652094,2026-07-16T12:47:54+00:00
2026-07-15,2026-07-16,2026-07-16,settled,loss,68,4916,事欣科,twse,電腦及週邊設備業,中性觀察,57.13667589362504,113.0,0.0272727272727273,732140484.0,收在高檔、RSI健康,111.0,113.0,109.0,110.5,-0.0176991150442478,0.0,-0.0353982300884956,-0.0221238938053097,2026-07-16T12:47:54+00:00
2026-07-15,2026-07-16,2026-07-16,settled,loss,69,6672,騰輝電子-KY,twse,電子零組件業,中性觀察,57.13442937563971,268.0,0.0248565965583174,642831325.0,收在高檔、RSI健康、產業相對強,263.5,273.0,262.5,267.5,-0.0167910447761193,0.0186567164179105,-0.0205223880597015,-0.001865671641791,2026-07-16T12:47:54+00:00
2026-07-15,2026-07-16,2026-07-16,settled,win,70,2486,一詮,twse,電子工業,中性觀察,57.01750255885364,257.0,0.0982905982905983,2756416364.0,收在高檔、MACD動能擴大、RSI健康、近漲停過熱扣分,257.0,273.5,251.5,261.5,0.0,0.0642023346303501,-0.0214007782101167,0.017509727626459,2026-07-16T12:47:54+00:00
2026-07-15,2026-07-16,2026-07-16,settled,win,71,2221,大甲,tpex,其他,中性觀察,56.93476202661208,53.1,0.0651955867602809,62174643.0,量破5日高、收在高檔、MACD動能擴大、RSI健康、流動性不足扣分,55.1,58.4,52.0,58.4,0.0376647834274952,0.0998116760828624,-0.0207156308851224,0.0998116760828624,2026-07-16T12:47:54+00:00
2026-07-15,2026-07-16,2026-07-16,settled,loss,72,2369,菱生,twse,電子工業,中性觀察,56.77238398048736,40.9,0.0692810457516339,828535008.0,收在高檔,40.45,41.0,39.3,39.85,-0.0110024449877749,0.0024449877750611,-0.039119804400978,-0.0256723716381417,2026-07-16T12:47:54+00:00
2026-07-15,2026-07-16,2026-07-16,settled,loss,73,3189,景碩,twse,電子工業,中性觀察,56.77089730467417,845.0,0.0496894409937889,3453342278.0,RSI健康,820.0,820.0,764.0,770.0,-0.029585798816568,-0.029585798816568,-0.0958579881656804,-0.0887573964497041,2026-07-16T12:47:54+00:00
2026-07-15,2026-07-16,2026-07-16,settled,loss,74,6187,萬潤,tpex,半導體業,中性觀察,56.70565506653018,1080.0,0.0964467005076141,1829677375.0,收在高檔、MACD動能擴大、RSI健康、產業相對強、近漲停過熱扣分,1055.0,1110.0,1045.0,1075.0,-0.0231481481481481,0.0277777777777776,-0.0324074074074074,-0.0046296296296296,2026-07-16T12:47:54+00:00
2026-07-15,2026-07-16,2026-07-16,settled,win,75,2484,希華,twse,電子零組件業,中性觀察,56.573559365404286,81.5,0.0124223602484472,1844910042.0,收在高檔、RSI健康、產業相對強,80.0,89.6,80.0,89.6,-0.0184049079754601,0.0993865030674845,-0.0184049079754601,0.0993865030674845,2026-07-16T12:47:54+00:00
2026-07-15,2026-07-16,2026-07-16,settled,win,76,6907,雅特力-KY,tpex,半導體業,中性觀察,56.01937493079453,232.5,0.0992907801418438,378909680.0,接近20日突破、收在高檔、MACD動能擴大、產業相對強、近漲停過熱扣分,236.0,246.0,227.5,239.0,0.0150537634408602,0.0580645161290322,-0.021505376344086,0.0279569892473119,2026-07-16T12:47:54+00:00
2026-07-15,2026-07-16,2026-07-16,settled,tie,77,2609,陽明,twse,航運業,中性觀察,56.01495649948823,50.2,0.0458333333333333,995447899.0,收在高檔、RSI健康,49.9,50.6,49.8,50.2,-0.0059760956175299,0.0079681274900398,-0.0079681274900399,0.0,2026-07-16T12:47:54+00:00
2026-07-15,2026-07-16,2026-07-16,settled,win,78,6967,汎瑋材料,tpex,電子零組件業,中性觀察,56.01216824862368,78.8,0.0990237099023709,26033208.0,量破5日高、接近20日突破、收在高檔、MACD動能擴大、RSI健康、產業相對強、近漲停過熱扣分、流動性不足扣分,80.0,81.5,77.6,79.6,0.015228426395939,0.0342639593908629,-0.0152284263959391,0.0101522842639594,2026-07-16T12:47:54+00:00
2026-07-15,2026-07-16,2026-07-16,settled,loss,79,9958,世紀鋼,twse,鋼鐵工業,中性觀察,55.51010233348157,119.0,0.0214592274678111,266214769.0,量破5日高、RSI健康,119.0,119.5,117.0,118.5,0.0,0.0042016806722688,-0.0168067226890756,-0.0042016806722688,2026-07-16T12:47:54+00:00
2026-07-15,2026-07-16,2026-07-16,settled,loss,80,1102,亞泥,twse,水泥工業,中性觀察,55.39840373755207,34.8,0.0175438596491226,875979777.0,量破5日高、收在高檔,32.5,33.2,32.0,33.0,-0.0660919540229884,-0.0459770114942527,-0.0804597701149424,-0.0517241379310343,2026-07-16T12:47:54+00:00
2026-07-15,2026-07-16,2026-07-16,settled,loss,81,3167,大量,twse,電機機械,中性觀察,55.34224600885296,892.0,0.0252873563218389,5192957058.0,MACD動能擴大、RSI健康、長上影扣分,879.0,905.0,846.0,851.0,-0.0145739910313901,0.0145739910313902,-0.0515695067264574,-0.045964125560538,2026-07-16T12:47:54+00:00
2026-07-15,2026-07-16,2026-07-16,settled,win,82,6770,力積電,twse,電子工業,中性觀察,55.23415097146814,76.1,0.0997109826589595,14989053274.0,量破5日高、收在高檔、近漲停過熱扣分,74.9,79.5,74.8,76.5,-0.0157687253613664,0.0446780551905388,-0.0170827858081471,0.0052562417871222,2026-07-16T12:47:54+00:00
2026-07-15,2026-07-16,2026-07-16,settled,loss,83,3402,漢科,tpex,其他電子類,中性觀察,55.1330970117302,158.0,0.0859106529209621,392156906.0,量破5日高、收在高檔、MACD動能擴大、RSI健康、流動性不足扣分,154.5,160.5,153.0,156.5,-0.0221518987341772,0.0158227848101266,-0.0316455696202531,-0.009493670886076,2026-07-16T12:47:54+00:00
2026-07-15,2026-07-16,2026-07-16,settled,loss,84,1434,福懋,twse,紡織纖維,中性觀察,55.02359263050154,19.55,0.0683060109289617,288977027.0,量破5日高、收在高檔、MACD動能擴大、流動性不足扣分,19.1,20.45,19.0,19.45,-0.0230179028132991,0.0460358056265983,-0.0281329923273657,-0.0051150895140665,2026-07-16T12:47:54+00:00
2026-07-15,2026-07-16,2026-07-16,settled,loss,85,2233,宇隆,twse,汽車工業,中性觀察,55.0098227267976,236.5,0.0418502202643171,190295598.0,量破5日高、MACD動能擴大、RSI健康,232.0,239.0,228.0,229.5,-0.0190274841437632,0.0105708245243127,-0.0359408033826638,-0.0295983086680761,2026-07-16T12:47:54+00:00
2026-07-15,2026-07-16,2026-07-16,settled,loss,86,6161,捷波,tpex,電腦及週邊設備業,中性觀察,54.99352668793858,55.0,0.0476190476190476,30348955.0,量破5日高、收在高檔、MACD動能擴大、RSI健康、流動性不足扣分,51.6,52.3,51.6,51.7,-0.0618181818181817,-0.0490909090909091,-0.0618181818181817,-0.0599999999999999,2026-07-16T12:47:54+00:00
2026-07-15,2026-07-16,2026-07-16,settled,loss,87,1718,中纖,twse,化學生技醫療,中性觀察,54.78431698827341,14.9,0.0719424460431654,202875093.0,收在高檔,14.6,14.95,14.6,14.65,-0.0201342281879195,0.0033557046979864,-0.0201342281879195,-0.0167785234899329,2026-07-16T12:47:54+00:00
2026-07-15,2026-07-16,2026-07-16,settled,win,88,5871,中租-KY,twse,其他,中性觀察,54.5710025585911,119.0,0.0084745762711864,1001429172.0,收在高檔、MACD動能擴大、RSI健康,118.5,121.0,118.5,120.5,-0.0042016806722688,0.0168067226890755,-0.0042016806722688,0.0126050420168066,2026-07-16T12:47:54+00:00
2026-07-15,2026-07-16,2026-07-16,settled,loss,89,2328,廣宇,twse,電子零組件業,中性觀察,54.54649555844405,50.1,0.0558482613277133,213778842.0,量破5日高、RSI健康、產業相對強,49.95,50.1,48.85,49.35,-0.0029940119760478,0.0,-0.0249500998003991,-0.0149700598802394,2026-07-16T12:47:54+00:00
2026-07-15,2026-07-16,2026-07-16,settled,loss,90,2618,長榮航,twse,航運業,中性觀察,54.40861638937923,42.15,0.0330882352941177,2176431964.0,收在高檔,42.15,42.65,41.65,41.9,0.0,0.0118623962040331,-0.0118623962040331,-0.0059311981020165,2026-07-16T12:47:54+00:00
2026-07-15,2026-07-16,2026-07-16,settled,tie,91,3450,聯鈞,twse,半導體業,中性觀察,54.40444215601472,480.0,0.0084033613445377,3700878809.0,量破5日高、產業相對強,470.5,494.5,452.0,480.0,-0.0197916666666666,0.0302083333333333,-0.0583333333333333,0.0,2026-07-16T12:47:54+00:00
2026-07-15,2026-07-16,2026-07-16,settled,win,92,8028,昇陽半導體,twse,電子工業,中性觀察,54.1764982349132,318.5,0.0926243567753002,2356325487.0,收在高檔、RSI健康、近漲停過熱扣分,317.5,350.0,316.0,350.0,-0.0031397174254317,0.098901098901099,-0.0078492935635793,0.098901098901099,2026-07-16T12:47:54+00:00
2026-07-15,2026-07-16,2026-07-16,settled,loss,93,2472,立隆電,twse,電子零組件業,中性觀察,54.16984390992835,341.0,0.0623052959501557,2551868731.0,收在高檔、RSI健康、產業相對強,330.0,339.0,318.5,320.0,-0.032258064516129,-0.0058651026392961,-0.0659824046920821,-0.0615835777126099,2026-07-16T12:47:54+00:00
2026-07-15,2026-07-16,2026-07-16,settled,win,94,2915,潤泰全,twse,貿易百貨,中性觀察,53.99216931590369,52.2,0.0215264187866928,473017132.0,量破5日高、RSI健康,52.2,53.2,52.1,52.8,0.0,0.0191570881226053,-0.0019157088122605,0.011494252873563,2026-07-16T12:47:54+00:00
2026-07-15,2026-07-16,2026-07-16,settled,loss,95,2482,連宇,twse,其他電子業,中性觀察,53.95420722006386,20.0,0.098901098901099,40143479.0,量破5日高、接近20日突破、收在高檔、MACD動能擴大、產業相對強、近漲停過熱扣分、流動性不足扣分,19.85,20.95,19.15,19.2,-0.0074999999999999,0.0474999999999998,-0.0425,-0.04,2026-07-16T12:47:54+00:00
2026-07-15,2026-07-16,2026-07-16,settled,tie,96,1470,大統新創,twse,紡織纖維,中性觀察,53.95349185103535,23.0,0.069767441860465,363090.0,量破5日高、接近20日突破、MACD動能擴大、RSI健康、流動性不足扣分,23.25,23.25,22.45,23.0,0.0108695652173913,0.0108695652173913,-0.0239130434782609,0.0,2026-07-16T12:47:54+00:00
2026-07-15,2026-07-16,2026-07-16,settled,loss,97,1315,達新,twse,塑膠工業,中性觀察,53.91357127735658,65.0,0.0188087774294671,4521811.0,量破5日高、接近20日突破、收在高檔、MACD動能擴大、流動性不足扣分,64.9,65.0,63.6,64.8,-0.0015384615384614,0.0,-0.0215384615384615,-0.003076923076923,2026-07-16T12:47:54+00:00
2026-07-15,2026-07-16,2026-07-16,settled,loss,98,2352,佳世達,twse,電腦及週邊設備業,中性觀察,53.79566285592551,31.5,0.0294117647058822,306256730.0,收在高檔、RSI健康,31.15,32.25,30.9,31.35,-0.0111111111111111,0.0238095238095237,-0.019047619047619,-0.0047619047619047,2026-07-16T12:47:54+00:00
2026-07-15,2026-07-16,2026-07-16,settled,win,99,8091,翔名,tpex,半導體業,中性觀察,53.78598409328888,283.5,0.0309090909090909,368323337.0,收在高檔、RSI健康、產業相對強,278.0,294.0,268.0,288.0,-0.0194003527336861,0.0370370370370369,-0.054673721340388,0.0158730158730158,2026-07-16T12:47:54+00:00
2026-07-15,2026-07-16,2026-07-16,settled,win,100,2449,京元電子,twse,電子工業,中性觀察,53.76413358846042,307.0,0.053173241852487,7318327705.0,,307.0,324.0,302.5,318.0,0.0,0.0553745928338762,-0.014657980456026,0.0358306188925081,2026-07-16T12:47:54+00:00
2026-07-16,2026-07-17,2026-07-17,settled,loss,1,8150,南茂,twse,半導體業,偏多,88.40772727272727,122.5,0.0745614035087718,22031484879.0,量破5日高、接近20日突破、MACD動能擴大、RSI健康,116.0,119.0,110.5,110.5,-0.0530612244897958,-0.0285714285714285,-0.0979591836734693,-0.0979591836734693,2026-07-17T12:20:44+00:00
2026-07-16,2026-07-17,2026-07-17,settled,loss,2,5434,崇越,twse,電子工業,偏多,85.33538461538461,596.0,0.0719424460431654,2491331836.0,量破5日高、接近20日突破、收在高檔、MACD動能擴大,579.0,602.0,562.0,562.0,-0.0285234899328858,0.0100671140939596,-0.0570469798657717,-0.0570469798657717,2026-07-17T12:20:44+00:00
2026-07-16,2026-07-17,2026-07-17,settled,loss,3,8932,智通*,tpex,數位雲端類,偏多,83.99348079937937,129.5,0.0237154150197629,1599941588.0,量破5日高、接近20日突破、收在高檔、MACD動能擴大、RSI健康,125.0,128.5,117.0,117.0,-0.0347490347490347,-0.0077220077220077,-0.0965250965250965,-0.0965250965250965,2026-07-17T12:20:44+00:00
2026-07-16,2026-07-17,2026-07-17,settled,loss,4,2059,川湖,twse,電子工業,偏多,79.54049586776858,8655.0,0.0182352941176471,6291721965.0,量破5日高、接近20日突破、MACD動能擴大,8575.0,8575.0,7835.0,7890.0,-0.0092432120161756,-0.0092432120161756,-0.0947429231658001,-0.0883882149046794,2026-07-17T12:20:44+00:00
2026-07-16,2026-07-17,2026-07-17,settled,loss,5,2207,和泰車,twse,汽車工業,偏多,74.58134788380609,493.0,0.0270833333333333,320918270.0,量破5日高、接近20日突破、收在高檔、MACD動能擴大、RSI健康,493.0,507.0,486.0,486.0,0.0,0.0283975659229209,-0.0141987829614604,-0.0141987829614604,2026-07-17T12:20:44+00:00
2026-07-16,2026-07-17,2026-07-17,settled,loss,6,3413,京鼎,twse,電子工業,偏多,73.49365853658536,382.0,0.0977011494252872,3381924345.0,量破5日高、接近20日突破、收在高檔、MACD動能擴大、近漲停過熱扣分,355.5,383.5,352.0,371.0,-0.069371727748691,0.0039267015706805,-0.0785340314136125,-0.0287958115183245,2026-07-17T12:20:44+00:00
2026-07-16,2026-07-17,2026-07-17,settled,loss,7,4938,和碩,twse,電腦及週邊設備業,偏多,72.53939560439565,83.2,0.0060459492140265,770856384.0,量破5日高、收在高檔、MACD動能擴大,82.3,83.7,82.1,82.2,-0.0108173076923077,0.0060096153846154,-0.0132211538461539,-0.0120192307692307,2026-07-17T12:20:44+00:00
2026-07-16,2026-07-17,2026-07-17,settled,loss,8,2467,志聖,twse,電子零組件業,偏多,72.4816465401015,620.0,0.0526315789473683,2772746174.0,量破5日高、RSI健康,595.0,604.0,558.0,558.0,-0.0403225806451612,-0.0258064516129031,-0.0999999999999999,-0.0999999999999999,2026-07-17T12:20:44+00:00
2026-07-16,2026-07-17,2026-07-17,settled,win,9,2880,華南金,twse,金融保險,偏多,72.11529297598995,39.4,0.0141570141570139,1169986162.0,量破5日高、RSI健康,39.3,40.25,39.05,40.15,-0.0025380710659899,0.0215736040609137,-0.0088832487309644,0.0190355329949238,2026-07-17T12:20:44+00:00
2026-07-16,2026-07-17,2026-07-17,settled,loss,10,3264,欣銓,tpex,半導體業,觀察偏多,71.48792356351251,237.5,0.0579064587973274,2294319412.0,量破5日高、RSI健康,228.5,228.5,214.0,214.0,-0.0378947368421053,-0.0378947368421053,-0.0989473684210526,-0.0989473684210526,2026-07-17T12:20:44+00:00
2026-07-16,2026-07-17,2026-07-17,settled,loss,11,2449,京元電子,twse,電子工業,觀察偏多,71.31865878592336,318.0,0.0358306188925081,9572869537.0,量破5日高、RSI健康,306.0,306.0,286.5,286.5,-0.0377358490566037,-0.0377358490566037,-0.0990566037735849,-0.0990566037735849,2026-07-17T12:20:44+00:00
2026-07-16,2026-07-17,2026-07-17,settled,loss,12,6907,雅特力-KY,tpex,半導體業,觀察偏多,71.16451859969985,239.0,0.0279569892473119,1529291716.0,量破5日高、接近20日突破、MACD動能擴大,225.0,242.5,225.0,236.0,-0.0585774058577406,0.0146443514644352,-0.0585774058577406,-0.0125523012552301,2026-07-17T12:20:44+00:00
2026-07-16,2026-07-17,2026-07-17,settled,loss,13,8028,昇陽半導體,twse,電子工業,觀察偏多,70.49707835431869,350.0,0.098901098901099,6014662810.0,量破5日高、收在高檔、MACD動能擴大、RSI健康、近漲停過熱扣分,331.0,351.5,315.0,315.0,-0.0542857142857142,0.0042857142857142,-0.0999999999999999,-0.0999999999999999,2026-07-17T12:20:44+00:00
2026-07-16,2026-07-17,2026-07-17,settled,loss,14,2006,東和鋼鐵,twse,鋼鐵工業,觀察偏多,70.34405915716574,72.4,0.0083565459610028,329297647.0,量破5日高、接近20日突破、MACD動能擴大、RSI健康,72.3,72.3,70.0,70.2,-0.0013812154696133,-0.0013812154696133,-0.0331491712707182,-0.0303867403314918,2026-07-17T12:20:44+00:00
2026-07-16,2026-07-17,2026-07-17,settled,loss,15,6949,沛爾生醫-創,twse,生技醫療業,觀察偏多,65.73933672837855,1105.0,0.0780487804878049,858922765.0,接近20日突破、收在高檔、MACD動能擴大,1100.0,1120.0,1025.0,1030.0,-0.004524886877828,0.0135746606334841,-0.0723981900452488,-0.0678733031674208,2026-07-17T12:20:44+00:00
2026-07-16,2026-07-17,2026-07-17,settled,loss,16,5871,中租-KY,twse,其他,觀察偏多,64.96299649292308,120.5,0.0126050420168066,1119388155.0,接近20日突破、收在高檔、MACD動能擴大、RSI健康,120.0,121.5,119.0,119.5,-0.0041493775933609,0.0082987551867219,-0.0124481327800829,-0.0082987551867219,2026-07-17T12:20:44+00:00
2026-07-16,2026-07-17,2026-07-17,settled,loss,17,7734,印能科技,tpex,半導體業,觀察偏多,64.78065886311126,3160.0,0.0377668308702792,2157084850.0,量破5日高、MACD動能擴大,3095.0,3190.0,2850.0,2850.0,-0.0205696202531645,0.009493670886076,-0.0981012658227847,-0.0981012658227847,2026-07-17T12:20:44+00:00
2026-07-16,2026-07-17,2026-07-17,settled,win,18,6505,台塑化,twse,油電燃氣業,觀察偏多,63.81125,80.0,0.098901098901099,7894483748.0,量破5日高、收在高檔、MACD動能擴大、RSI過熱扣分、近漲停過熱扣分,79.6,84.0,78.2,81.3,-0.0050000000000001,0.05,-0.0224999999999999,0.0162499999999998,2026-07-17T12:20:44+00:00
2026-07-16,2026-07-17,2026-07-17,settled,loss,19,3374,精材,tpex,半導體業,觀察偏多,63.06697802197803,395.0,-0.017412935323383,12771441049.0,量破5日高、MACD動能擴大、收低於VWAP扣分,369.0,390.5,355.5,358.5,-0.0658227848101266,-0.011392405063291,-0.0999999999999999,-0.0924050632911392,2026-07-17T12:20:44+00:00
2026-07-16,2026-07-17,2026-07-17,settled,loss,20,6669,緯穎,twse,電腦及週邊設備業,觀察偏多,62.57614047506684,5115.0,0.0039254170755642,3237520130.0,收在高檔、MACD動能擴大、RSI健康,4900.0,4995.0,4620.0,4620.0,-0.0420332355816226,-0.0234604105571847,-0.0967741935483871,-0.0967741935483871,2026-07-17T12:20:44+00:00
2026-07-16,2026-07-17,2026-07-17,settled,loss,21,6196,帆宣,twse,其他電子業,觀察偏多,62.08077245079983,590.0,0.0085470085470085,1564040234.0,量破5日高、RSI健康、長上影扣分,557.0,580.0,535.0,542.0,-0.0559322033898305,-0.0169491525423728,-0.0932203389830508,-0.0813559322033898,2026-07-17T12:20:44+00:00
2026-07-16,2026-07-17,2026-07-17,settled,loss,22,4205,中華食,tpex,食品工業,觀察偏多,62.06819408627473,74.7,0.021887824897401,11510819.0,量破5日高、接近20日突破、收在高檔、MACD動能擴大、RSI健康、流動性不足扣分,71.0,72.0,70.6,71.2,-0.0495314591700134,-0.036144578313253,-0.0548862115127176,-0.0468540829986613,2026-07-17T12:20:44+00:00
2026-07-16,2026-07-17,2026-07-17,settled,loss,23,6175,立敦,tpex,電子零組件業,觀察偏多,61.957605815237415,110.0,0.0679611650485436,1967583733.0,量破5日高、收低於VWAP扣分,105.5,107.0,99.0,99.0,-0.0409090909090908,-0.0272727272727272,-0.0999999999999999,-0.0999999999999999,2026-07-17T12:20:44+00:00
2026-07-16,2026-07-17,2026-07-17,settled,loss,24,8039,台虹,twse,電子零組件業,觀察偏多,61.0326923076923,199.5,0.0991735537190081,2799595872.0,接近20日突破、收在高檔、MACD動能擴大、近漲停過熱扣分,194.0,201.0,188.0,192.5,-0.0275689223057644,0.0075187969924812,-0.0576441102756892,-0.0350877192982456,2026-07-17T12:20:44+00:00
2026-07-16,2026-07-17,2026-07-17,settled,loss,25,6919,康霈*,twse,生技醫療業,觀察偏多,60.75894230769231,113.5,0.0365296803652968,1038923809.0,MACD動能擴大、長上影扣分,115.0,116.5,102.5,103.5,0.0132158590308371,0.0264317180616739,-0.0969162995594713,-0.0881057268722467,2026-07-17T12:20:44+00:00
2026-07-16,2026-07-17,2026-07-17,settled,win,26,2886,兆豐金,twse,金融保險,觀察偏多,60.3162396750936,46.6,0.0130434782608694,1752126326.0,量破5日高、RSI健康、長上影扣分,46.6,47.6,46.3,47.6,0.0,0.0214592274678111,-0.0064377682403434,0.0214592274678111,2026-07-17T12:20:44+00:00
2026-07-16,2026-07-17,2026-07-17,settled,loss,27,2357,華碩,twse,電腦及週邊設備業,觀察偏多,60.22192307692308,715.0,0.0042134831460673,1918623998.0,收在高檔、MACD動能擴大,705.0,719.0,700.0,700.0,-0.0139860139860139,0.0055944055944054,-0.0209790209790209,-0.0209790209790209,2026-07-17T12:20:44+00:00
2026-07-16,2026-07-17,2026-07-17,settled,loss,28,2486,一詮,twse,電子工業,觀察偏多,59.52964188694517,261.5,0.017509727626459,4996143014.0,量破5日高、MACD動能擴大、RSI健康、長上影扣分、收低於VWAP扣分,250.0,251.5,235.5,235.5,-0.0439770554493308,-0.0382409177820267,-0.0994263862332696,-0.0994263862332696,2026-07-17T12:20:44+00:00
2026-07-16,2026-07-17,2026-07-17,settled,loss,29,2359,所羅門,twse,電子工業,觀察偏多,59.34418896553812,147.0,0.0208333333333332,792365665.0,收在高檔、MACD動能擴大、RSI健康,139.0,145.0,138.5,141.0,-0.0544217687074829,-0.0136054421768707,-0.0578231292517006,-0.0408163265306122,2026-07-17T12:20:44+00:00
2026-07-16,2026-07-17,2026-07-17,settled,loss,30,2883,凱基金,twse,金融保險,觀察偏多,58.976385000727184,30.55,0.0132669983416253,1365429418.0,收在高檔、RSI健康,30.0,30.45,29.7,30.0,-0.0180032733224222,-0.0032733224222586,-0.027823240589198,-0.0180032733224222,2026-07-17T12:20:44+00:00
2026-07-16,2026-07-17,2026-07-17,settled,loss,31,3653,健策,twse,電子零組件業,觀察偏多,58.87807692307692,3395.0,0.0350609756097561,3554375960.0,MACD動能擴大、RSI健康,3260.0,3350.0,3150.0,3210.0,-0.0397643593519881,-0.0132547864506626,-0.0721649484536082,-0.0544918998527246,2026-07-17T12:20:44+00:00
2026-07-16,2026-07-17,2026-07-17,settled,loss,32,7610,聯友金屬-創,twse,創新板股票,觀察偏多,58.691730769230766,2600.0,0.0699588477366255,1948485960.0,收在高檔、RSI健康,2565.0,2570.0,2365.0,2410.0,-0.0134615384615384,-0.0115384615384614,-0.0903846153846154,-0.073076923076923,2026-07-17T12:20:44+00:00
2026-07-16,2026-07-17,2026-07-17,settled,win,33,2892,第一金,twse,金融保險,觀察偏多,58.5983614622924,33.95,0.0256797583081571,1258886384.0,收在高檔、RSI健康,33.8,34.3,33.55,34.1,-0.0044182621502211,0.0103092783505152,-0.0117820324005892,0.0044182621502208,2026-07-17T12:20:44+00:00
2026-07-16,2026-07-17,2026-07-17,settled,loss,34,6789,采鈺,twse,半導體業,觀察偏多,58.57789991995399,526.0,-0.0018975332068311,1125570547.0,MACD動能擴大、RSI健康,506.0,507.0,473.5,473.5,-0.0380228136882129,-0.0361216730038023,-0.0998098859315589,-0.0998098859315589,2026-07-17T12:20:44+00:00
2026-07-16,2026-07-17,2026-07-17,settled,loss,35,6187,萬潤,tpex,半導體業,觀察偏多,58.57038461538461,1075.0,-0.0046296296296296,3418922670.0,量破5日高、MACD動能擴大、RSI健康、長上影扣分,1020.0,1035.0,971.0,975.0,-0.0511627906976743,-0.0372093023255813,-0.0967441860465115,-0.0930232558139535,2026-07-17T12:20:44+00:00
2026-07-16,2026-07-17,2026-07-17,settled,loss,36,2912,統一超,twse,貿易百貨,中性觀察,57.92398631886779,245.5,0.0040899795501021,1248314640.0,量破5日高、MACD動能擴大、長上影扣分,245.0,246.5,240.5,243.0,-0.0020366598778004,0.0040733197556008,-0.020366598778004,-0.010183299389002,2026-07-17T12:20:44+00:00
2026-07-16,2026-07-17,2026-07-17,settled,loss,37,2539,櫻花建,twse,建材營造,中性觀察,57.8740869029875,41.2,0.0274314214463839,61133198.0,量破5日高、接近20日突破、收在高檔、MACD動能擴大、RSI健康、流動性不足扣分,40.8,41.6,40.8,40.8,-0.0097087378640777,0.0097087378640776,-0.0097087378640777,-0.0097087378640777,2026-07-17T12:20:44+00:00
2026-07-16,2026-07-17,2026-07-17,settled,loss,38,1439,雋揚,twse,建材營造,中性觀察,57.84846153846152,26.45,0.066532258064516,3236863.0,量破5日高、接近20日突破、收在高檔、MACD動能擴大、RSI健康、流動性不足扣分,26.3,26.45,25.55,25.55,-0.0056710775047258,0.0,-0.0340264650283553,-0.0340264650283553,2026-07-17T12:20:44+00:00
2026-07-16,2026-07-17,2026-07-17,settled,win,39,3491,昇達科,tpex,通信網路業,中性觀察,57.809038461538464,1310.0,0.096234309623431,3976900080.0,量破5日高、收在高檔、MACD動能擴大、近漲停過熱扣分,1295.0,1430.0,1180.0,1355.0,-0.0114503816793892,0.0916030534351144,-0.0992366412213741,0.0343511450381679,2026-07-17T12:20:44+00:00
2026-07-16,2026-07-17,2026-07-17,settled,loss,40,1231,聯華食,twse,食品工業,中性觀察,57.78833404367892,91.9,0.0419501133786848,93841580.0,量破5日高、接近20日突破、收在高檔、MACD動能擴大、RSI健康、流動性不足扣分,92.4,93.0,90.1,90.6,0.0054406964091404,0.0119695321001087,-0.0195865070729054,-0.014145810663765,2026-07-17T12:20:44+00:00
2026-07-16,2026-07-17,2026-07-17,settled,loss,41,6870,騰雲,tpex,數位雲端類,中性觀察,57.57627000385288,330.0,0.083743842364532,138109158.0,量破5日高、接近20日突破、收在高檔、MACD動能擴大、RSI健康、流動性不足扣分,327.0,336.0,311.0,320.0,-0.009090909090909,0.018181818181818,-0.0575757575757576,-0.0303030303030302,2026-07-17T12:20:44+00:00
2026-07-16,2026-07-17,2026-07-17,settled,loss,42,5880,合庫金,twse,金融保險,中性觀察,57.48895700275845,25.5,0.0059171597633136,450128521.0,收在高檔、MACD動能擴大、RSI健康,25.5,25.55,25.25,25.35,0.0,0.0019607843137254,-0.0098039215686274,-0.0058823529411764,2026-07-17T12:20:44+00:00
2026-07-16,2026-07-17,2026-07-17,settled,loss,43,3665,貿聯-KY,twse,電子工業,中性觀察,56.87158371040724,1955.0,0.0235602094240838,5396634875.0,收在高檔、MACD動能擴大、RSI健康,1855.0,1915.0,1765.0,1765.0,-0.0511508951406649,-0.020460358056266,-0.0971867007672634,-0.0971867007672634,2026-07-17T12:20:44+00:00
2026-07-16,2026-07-17,2026-07-17,settled,win,44,2105,正新,twse,橡膠工業,中性觀察,56.85036255663592,33.55,0.0213089802130896,619846606.0,量破5日高、收在高檔、MACD動能擴大、RSI過熱扣分,33.25,34.6,33.2,33.6,-0.0089418777943367,0.031296572280179,-0.0104321907600594,0.0014903129657228,2026-07-17T12:20:44+00:00
2026-07-16,2026-07-17,2026-07-17,settled,loss,45,7828,創新服務,tpex,半導體業,中性觀察,56.83215630307831,2160.0,0.0719602977667492,1192459540.0,收在高檔、RSI健康,2050.0,2100.0,1945.0,1945.0,-0.0509259259259259,-0.0277777777777777,-0.099537037037037,-0.099537037037037,2026-07-17T12:20:44+00:00
2026-07-16,2026-07-17,2026-07-17,settled,loss,46,6525,捷敏-KY,twse,半導體業,中性觀察,56.80339464882944,191.5,0.0159151193633952,937131601.0,RSI健康,183.0,186.0,172.5,172.5,-0.0443864229765013,-0.0287206266318538,-0.0992167101827676,-0.0992167101827676,2026-07-17T12:20:44+00:00
2026-07-16,2026-07-17,2026-07-17,settled,loss,47,9945,潤泰新,twse,其他,中性觀察,56.70899171958658,26.85,0.0170454545454545,179824244.0,量破5日高、收在高檔、RSI健康,26.7,26.9,26.0,26.25,-0.0055865921787709,0.0018621973929235,-0.031657355679702,-0.0223463687150838,2026-07-17T12:20:44+00:00
2026-07-16,2026-07-17,2026-07-17,settled,loss,48,2834,臺企銀,twse,金融保險,中性觀察,56.51819426456486,18.15,0.0168067226890755,836174756.0,收在高檔、RSI健康,18.0,18.2,17.95,18.05,-0.0082644628099173,0.0027548209366392,-0.0110192837465564,-0.005509641873278,2026-07-17T12:20:44+00:00
2026-07-16,2026-07-17,2026-07-17,settled,loss,49,2603,長榮,twse,航運業,中性觀察,56.37307692307692,200.0,0.0025062656641603,1296164838.0,MACD動能擴大、RSI健康,200.0,202.5,198.0,198.0,0.0,0.0124999999999999,-0.01,-0.01,2026-07-17T12:20:44+00:00
2026-07-16,2026-07-17,2026-07-17,settled,loss,50,6914,阜爾運通,twse,其他,中性觀察,56.21386149383679,146.5,0.0068728522336769,23793898.0,量破5日高、接近20日突破、MACD動能擴大、RSI健康、流動性不足扣分,145.5,146.0,144.0,144.0,-0.0068259385665528,-0.0034129692832765,-0.0170648464163822,-0.0170648464163822,2026-07-17T12:20:44+00:00
2026-07-16,2026-07-17,2026-07-17,settled,loss,51,6967,汎瑋材料,tpex,電子零組件業,中性觀察,55.74779724759544,79.6,0.0101522842639594,32110845.0,量破5日高、接近20日突破、MACD動能擴大、RSI健康、流動性不足扣分,77.0,79.2,76.5,77.7,-0.0326633165829145,-0.0050251256281406,-0.0389447236180904,-0.0238693467336682,2026-07-17T12:20:44+00:00
2026-07-16,2026-07-17,2026-07-17,settled,loss,52,2376,技嘉,twse,電腦及週邊設備業,中性觀察,55.40565934065933,337.0,-0.0203488372093023,1831451298.0,量破5日高、RSI健康,330.0,332.0,323.5,325.0,-0.0207715133531157,-0.0148367952522254,-0.0400593471810089,-0.0356083086053412,2026-07-17T12:20:44+00:00
2026-07-16,2026-07-17,2026-07-17,settled,loss,53,2330,台積電,twse,電子工業,中性觀察,55.15973131297221,2470.0,0.0122950819672131,74750491934.0,收在高檔、RSI健康,2375.0,2395.0,2290.0,2290.0,-0.0384615384615384,-0.0303643724696356,-0.0728744939271255,-0.0728744939271255,2026-07-17T12:20:44+00:00
2026-07-16,2026-07-17,2026-07-17,settled,loss,54,5269,祥碩,twse,電子工業,中性觀察,54.996153846153845,1515.0,0.0,637204195.0,收在高檔、RSI健康,1480.0,1495.0,1395.0,1435.0,-0.023102310231023,-0.0132013201320132,-0.0792079207920791,-0.0528052805280527,2026-07-17T12:20:44+00:00
2026-07-16,2026-07-17,2026-07-17,settled,win,55,8342,益張,tpex,其他,中性觀察,54.989515578455496,91.3,0.0032967032967032,839019.0,量破5日高、接近20日突破、收在高檔、MACD動能擴大、RSI健康、流動性不足扣分,91.5,91.5,91.5,91.5,0.0021905805038335,0.0021905805038335,0.0021905805038335,0.0021905805038335,2026-07-17T12:20:44+00:00
2026-07-16,2026-07-17,2026-07-17,settled,loss,56,2441,超豐,twse,電子工業,中性觀察,54.88958041958042,139.0,0.0183150183150182,996034323.0,RSI健康,135.0,136.0,125.5,126.5,-0.0287769784172662,-0.0215827338129496,-0.0971223021582733,-0.0899280575539568,2026-07-17T12:20:44+00:00
2026-07-16,2026-07-17,2026-07-17,settled,loss,57,1710,東聯,twse,化學生技醫療,中性觀察,54.70203717881731,17.5,0.0971786833855798,348408258.0,量破5日高、收在高檔、RSI健康、近漲停過熱扣分,17.2,17.55,16.05,16.4,-0.0171428571428572,0.0028571428571428,-0.0828571428571428,-0.0628571428571429,2026-07-17T12:20:44+00:00
2026-07-16,2026-07-17,2026-07-17,settled,loss,58,4939,亞電,tpex,電子零組件業,中性觀察,54.66346766739423,66.8,0.0986842105263157,2039733819.0,量破5日高、收在高檔、RSI健康、近漲停過熱扣分,65.0,67.6,60.2,60.2,-0.026946107784431,0.0119760479041914,-0.0988023952095807,-0.0988023952095807,2026-07-17T12:20:44+00:00
2026-07-16,2026-07-17,2026-07-17,settled,loss,59,6141,柏承,twse,電子零組件業,中性觀察,54.65730769230768,43.75,0.0992462311557789,314961641.0,量破5日高、接近20日突破、收在高檔、MACD動能擴大、RSI健康、近漲停過熱扣分、流動性不足扣分,42.0,44.0,40.6,40.7,-0.04,0.0057142857142857,-0.0719999999999999,-0.0697142857142856,2026-07-17T12:20:44+00:00
2026-07-16,2026-07-17,2026-07-17,settled,loss,60,9927,泰銘,twse,其他,中性觀察,54.52283587616655,70.4,0.0085959885386821,15984410.0,量破5日高、接近20日突破、收在高檔、MACD動能擴大、RSI健康、流動性不足扣分,70.3,70.3,68.4,68.9,-0.0014204545454546,-0.0014204545454546,-0.0284090909090909,-0.0213068181818182,2026-07-17T12:20:44+00:00
2026-07-16,2026-07-17,2026-07-17,settled,loss,61,4736,泰博,twse,生技醫療業,中性觀察,54.51856037573555,130.0,0.015625,50959111.0,量破5日高、接近20日突破、MACD動能擴大、流動性不足扣分,130.0,130.0,126.5,129.0,0.0,0.0,-0.0269230769230769,-0.0076923076923076,2026-07-17T12:20:44+00:00
2026-07-16,2026-07-17,2026-07-17,settled,loss,62,2524,京城,twse,建材營造,中性觀察,53.86884615384616,38.45,0.0505464480874318,11770358.0,量破5日高、收在高檔、MACD動能擴大、RSI健康、流動性不足扣分,37.95,38.45,37.2,37.2,-0.0130039011703511,0.0,-0.0325097529258777,-0.0325097529258777,2026-07-17T12:20:44+00:00
2026-07-16,2026-07-17,2026-07-17,settled,loss,63,2845,遠東銀,twse,金融保險,中性觀察,53.66739698086968,13.55,0.0074349442379182,128667702.0,接近20日突破、收在高檔、MACD動能擴大,13.45,13.6,13.3,13.4,-0.0073800738007381,0.0036900369003689,-0.0184501845018449,-0.011070110701107,2026-07-17T12:20:44+00:00
2026-07-16,2026-07-17,2026-07-17,settled,loss,64,6680,鑫創電子,tpex,電腦及週邊設備業,中性觀察,53.627818920210245,57.6,0.053016453382084,5023754.0,量破5日高、接近20日突破、MACD動能擴大、流動性不足扣分,57.5,57.6,56.2,56.6,-0.0017361111111111,0.0,-0.0243055555555555,-0.0173611111111111,2026-07-17T12:20:44+00:00
2026-07-16,2026-07-17,2026-07-17,settled,loss,65,2484,希華,twse,電子零組件業,中性觀察,53.619615384615386,89.6,0.0993865030674845,3848769489.0,收在高檔、RSI健康、近漲停過熱扣分,86.5,87.4,80.7,80.7,-0.0345982142857141,-0.0245535714285712,-0.0993303571428571,-0.0993303571428571,2026-07-17T12:20:44+00:00
2026-07-16,2026-07-17,2026-07-17,settled,loss,66,4119,旭富,twse,生技醫療業,中性觀察,53.377181596493415,47.0,0.0217391304347827,9814044.0,量破5日高、MACD動能擴大、RSI健康、流動性不足扣分,46.8,47.45,45.8,46.35,-0.0042553191489361,0.0095744680851064,-0.025531914893617,-0.0138297872340424,2026-07-17T12:20:44+00:00
2026-07-16,2026-07-17,2026-07-17,settled,loss,67,4707,磐亞,tpex,化學工業,中性觀察,53.24782056397115,45.0,0.072705601907032,125797019.0,接近20日突破、收在高檔、MACD動能擴大、RSI過熱扣分,41.35,42.0,40.5,40.5,-0.0811111111111111,-0.0666666666666666,-0.0999999999999999,-0.0999999999999999,2026-07-17T12:20:44+00:00
2026-07-16,2026-07-17,2026-07-17,settled,win,68,1808,潤隆,twse,建材營造,中性觀察,52.59192307692305,32.1,0.0288461538461539,65538176.0,量破5日高、收在高檔、MACD動能擴大、RSI健康、流動性不足扣分,32.0,32.3,31.7,32.2,-0.0031152647975077,0.0062305295950153,-0.0124610591900312,0.0031152647975078,2026-07-17T12:20:44+00:00
2026-07-16,2026-07-17,2026-07-17,missing,missing,69,6662,樂斯科,tpex,生技醫療業,中性觀察,52.43586538461538,30.5,0.0166666666666666,473059.0,量破5日高、收在高檔、MACD動能擴大、RSI健康、流動性不足扣分,,,,,,,,,2026-07-17T12:20:44+00:00
2026-07-16,2026-07-17,2026-07-17,settled,loss,70,6414,樺漢,twse,電子工業,中性觀察,52.41240650127183,400.0,0.0139416983523448,667263551.0,MACD動能擴大、RSI健康,392.0,415.0,392.0,395.0,-0.02,0.0375,-0.02,-0.0124999999999999,2026-07-17T12:20:44+00:00
2026-07-16,2026-07-17,2026-07-17,settled,loss,71,6944,兆聯實業,twse,綠能環保,中性觀察,52.27138995178687,1035.0,0.0,448779910.0,MACD動能擴大、RSI健康,1000.0,1035.0,971.0,976.0,-0.0338164251207729,0.0,-0.0618357487922704,-0.0570048309178744,2026-07-17T12:20:44+00:00
2026-07-16,2026-07-17,2026-07-17,settled,loss,72,2348,海悅,twse,其他,中性觀察,52.14353420091034,79.9,0.0485564304461942,148628926.0,量破5日高、接近20日突破、MACD動能擴大、流動性不足扣分,79.9,79.9,77.2,78.0,0.0,0.0,-0.0337922403003755,-0.0237797246558197,2026-07-17T12:20:44+00:00
2026-07-16,2026-07-17,2026-07-17,settled,loss,73,2395,研華,twse,電子工業,中性觀察,52.08678321678322,530.0,-0.0056285178236398,1206486959.0,收在高檔、RSI健康,518.0,519.0,502.0,513.0,-0.0226415094339622,-0.020754716981132,-0.0528301886792452,-0.0320754716981132,2026-07-17T12:20:44+00:00
2026-07-16,2026-07-17,2026-07-17,settled,tie,74,6240,松崗,tpex,資訊服務業,中性觀察,52.02060083904529,18.55,0.0220385674931131,2092590.0,量破5日高、收在高檔、MACD動能擴大、RSI健康、流動性不足扣分,18.45,18.8,18.35,18.55,-0.0053908355795149,0.0134770889487869,-0.0107816711590296,0.0,2026-07-17T12:20:44+00:00
2026-07-16,2026-07-17,2026-07-17,settled,loss,75,3680,家登,tpex,半導體業,中性觀察,51.97882392912765,516.0,-0.0282485875706214,1950094887.0,量破5日高、RSI健康,495.0,498.5,464.5,464.5,-0.0406976744186046,-0.0339147286821704,-0.0998062015503875,-0.0998062015503875,2026-07-17T12:20:44+00:00
2026-07-16,2026-07-17,2026-07-17,settled,loss,76,2527,宏璟,twse,建材營造,中性觀察,51.90653846153846,49.55,0.099889012208657,260862231.0,量破5日高、接近20日突破、收在高檔、MACD動能擴大、近漲停過熱扣分、流動性不足扣分,49.05,49.95,47.45,48.1,-0.0100908173562058,0.0080726538849646,-0.0423814328960644,-0.0292633703329968,2026-07-17T12:20:44+00:00
2026-07-16,2026-07-17,2026-07-17,settled,loss,77,6177,達麗,twse,建材營造,中性觀察,51.77414529914528,48.0,0.023454157782516,82695641.0,量破5日高、收在高檔、MACD動能擴大、RSI健康、流動性不足扣分,47.5,48.95,47.3,47.5,-0.0104166666666666,0.0197916666666666,-0.0145833333333333,-0.0104166666666666,2026-07-17T12:20:44+00:00
2026-07-16,2026-07-17,2026-07-17,settled,win,78,2884,玉山金,twse,金融保險,中性觀察,51.73350518846019,34.9,0.0130624092888242,1252467803.0,收在高檔,34.6,35.5,34.5,35.1,-0.0085959885386818,0.0171919770773638,-0.0114613180515759,0.0057306590257879,2026-07-17T12:20:44+00:00
2026-07-16,2026-07-17,2026-07-17,settled,tie,79,3178,公準,tpex,半導體業,中性觀察,51.71298234569144,70.7,0.099533437013997,49415673.0,量破5日高、接近20日突破、收在高檔、MACD動能擴大、RSI健康、近漲停過熱扣分、流動性不足扣分,71.0,74.2,65.5,70.7,0.0042432814710042,0.0495049504950495,-0.0735502121640735,0.0,2026-07-17T12:20:44+00:00
2026-07-16,2026-07-17,2026-07-17,settled,loss,80,2221,大甲,tpex,其他,中性觀察,51.550384615384615,58.4,0.0998116760828624,140263178.0,量破5日高、接近20日突破、收在高檔、MACD動能擴大、近漲停過熱扣分、流動性不足扣分,58.4,59.3,52.6,52.6,0.0,0.0154109589041095,-0.0993150684931506,-0.0993150684931506,2026-07-17T12:20:44+00:00
2026-07-16,2026-07-17,2026-07-17,settled,loss,81,9942,茂順,twse,其他,中性觀察,51.503728918140666,125.5,0.0244897959183674,59814131.0,量破5日高、接近20日突破、收在高檔、MACD動能擴大、流動性不足扣分,124.5,125.5,123.0,123.0,-0.0079681274900398,0.0,-0.0199203187250995,-0.0199203187250995,2026-07-17T12:20:44+00:00
2026-07-16,2026-07-17,2026-07-17,settled,loss,82,6257,矽格,twse,電子工業,中性觀察,51.43615384615385,238.0,0.0021052631578948,1015266168.0,RSI健康,230.5,230.5,214.5,214.5,-0.0315126050420168,-0.0315126050420168,-0.0987394957983193,-0.0987394957983193,2026-07-17T12:20:44+00:00
2026-07-16,2026-07-17,2026-07-17,settled,loss,83,2887,台新新光金,twse,金融保險,中性觀察,50.69100678733032,36.15,0.0,2355911707.0,收在高檔,36.0,36.0,35.05,35.55,-0.0041493775933609,-0.0041493775933609,-0.0304287690179806,-0.016597510373444,2026-07-17T12:20:44+00:00
2026-07-16,2026-07-17,2026-07-17,settled,loss,84,3498,陽程,tpex,其他電子類,中性觀察,50.67953592699569,129.5,0.0528455284552844,284645999.0,收在高檔、MACD動能擴大、RSI健康,124.5,125.5,117.0,117.0,-0.0386100386100386,-0.0308880308880309,-0.0965250965250965,-0.0965250965250965,2026-07-17T12:20:44+00:00
2026-07-16,2026-07-17,2026-07-17,settled,loss,85,2534,宏盛,twse,建材營造,中性觀察,50.57884615384614,17.4,0.032640949554896,15818843.0,量破5日高、收在高檔、MACD動能擴大、RSI健康、流動性不足扣分,17.15,17.35,16.8,17.05,-0.014367816091954,-0.0028735632183906,-0.0344827586206895,-0.0201149425287354,2026-07-17T12:20:44+00:00
2026-07-16,2026-07-17,2026-07-17,settled,loss,86,8091,翔名,tpex,半導體業,中性觀察,50.56538663704808,288.0,0.0158730158730158,541524275.0,RSI健康,278.0,283.0,266.0,268.0,-0.0347222222222222,-0.0173611111111111,-0.0763888888888888,-0.0694444444444444,2026-07-17T12:20:44+00:00
2026-07-16,2026-07-17,2026-07-17,settled,loss,87,7642,昶瑞機電,tpex,電機機械,中性觀察,50.544541455010105,84.2,0.0255785627283802,16723962.0,量破5日高、接近20日突破、MACD動能擴大、流動性不足扣分,82.0,84.1,81.3,83.0,-0.0261282660332542,-0.0011876484560571,-0.0344418052256533,-0.0142517814726841,2026-07-17T12:20:44+00:00
2026-07-16,2026-07-17,2026-07-17,settled,loss,88,5534,長虹,twse,建材營造,中性觀察,50.51192307692308,81.7,0.0187032418952617,64548998.0,量破5日高、收在高檔、MACD動能擴大、流動性不足扣分,81.7,82.6,80.9,81.2,0.0,0.0110159118727048,-0.0097919216646266,-0.0061199510403916,2026-07-17T12:20:44+00:00
2026-07-16,2026-07-17,2026-07-17,settled,win,89,1216,統一,twse,食品工業,中性觀察,50.50506058065232,79.0,0.0050890585241731,1813985338.0,,78.5,80.0,78.5,80.0,-0.0063291139240506,0.0126582278481013,-0.0063291139240506,0.0126582278481013,2026-07-17T12:20:44+00:00
2026-07-16,2026-07-17,2026-07-17,settled,win,90,4744,皇將,tpex,生技醫療業,中性觀察,50.463208041958026,31.9,0.0868824531516183,15175708.0,量破5日高、接近20日突破、收在高檔、MACD動能擴大、流動性不足扣分,31.9,33.0,31.4,32.25,0.0,0.0344827586206897,-0.0156739811912225,0.0109717868338559,2026-07-17T12:20:44+00:00
2026-07-16,2026-07-17,2026-07-17,settled,loss,91,5328,華容,tpex,電子零組件業,中性觀察,50.37621180189672,67.0,0.012084592145015,2693345467.0,量破5日高、RSI健康、長上影扣分、收低於VWAP扣分,64.1,65.2,60.3,60.3,-0.0432835820895523,-0.0268656716417909,-0.1,-0.1,2026-07-17T12:20:44+00:00
2026-07-16,2026-07-17,2026-07-17,settled,win,92,6243,迅杰,twse,半導體業,中性觀察,50.338076923076926,47.95,0.0997706422018349,201674724.0,量破5日高、接近20日突破、收在高檔、MACD動能擴大、RSI健康、近漲停過熱扣分、流動性不足扣分,48.0,52.5,47.5,51.6,0.0010427528675702,0.0948905109489051,-0.0093847758081335,0.0761209593326381,2026-07-17T12:20:44+00:00
2026-07-16,2026-07-17,2026-07-17,settled,loss,93,7743,金利食安,tpex,食品工業,中性觀察,50.16271475985944,21.0,0.0,394575.0,量破5日高、MACD動能擴大、RSI健康、流動性不足扣分,20.0,20.0,20.0,20.0,-0.0476190476190476,-0.0476190476190476,-0.0476190476190476,-0.0476190476190476,2026-07-17T12:20:44+00:00
2026-07-16,2026-07-17,2026-07-17,settled,loss,94,2885,元大金,twse,金融保險,中性觀察,50.023519613516186,66.7,-0.0044776119402984,1442151578.0,RSI健康,66.4,66.5,64.0,65.0,-0.0044977511244377,-0.0029985007496252,-0.04047976011994,-0.0254872563718141,2026-07-17T12:20:44+00:00
2026-07-16,2026-07-17,2026-07-17,settled,loss,95,2201,裕隆,twse,汽車工業,中性觀察,49.9102881648212,28.9,0.0212014134275617,96164877.0,量破5日高、MACD動能擴大、RSI健康、流動性不足扣分,28.9,29.1,28.65,28.8,0.0,0.0069204152249136,-0.0086505190311418,-0.0034602076124566,2026-07-17T12:20:44+00:00
2026-07-16,2026-07-17,2026-07-17,settled,loss,96,3705,永信,twse,生技醫療業,中性觀察,49.852788461538445,55.5,0.0072595281306715,21808214.0,量破5日高、收在高檔、MACD動能擴大、RSI健康、流動性不足扣分,55.6,55.6,54.2,54.2,0.0018018018018017,0.0018018018018017,-0.0234234234234234,-0.0234234234234234,2026-07-17T12:20:44+00:00
2026-07-16,2026-07-17,2026-07-17,settled,loss,97,9941,裕融,twse,其他,中性觀察,49.58551282051282,84.2,0.0181378476420797,172481484.0,量破5日高、MACD動能擴大、RSI健康、流動性不足扣分,83.9,84.6,82.1,82.4,-0.003562945368171,0.0047505938242278,-0.0249406175771972,-0.021377672209026,2026-07-17T12:20:44+00:00
2026-07-16,2026-07-17,2026-07-17,settled,loss,98,6657,華安,twse,生技醫療業,中性觀察,49.37101915701751,35.95,0.0271428571428571,6816091.0,量破5日高、收在高檔、MACD動能擴大、RSI健康、流動性不足扣分,35.3,35.8,33.8,33.95,-0.0180806675938804,-0.0041724617524341,-0.0598052851182199,-0.0556328233657857,2026-07-17T12:20:44+00:00
2026-07-16,2026-07-17,2026-07-17,settled,loss,99,2801,彰銀,twse,金融保險,中性觀察,49.25068341625947,23.95,0.0084210526315788,361685122.0,RSI健康,23.75,24.05,23.75,23.9,-0.0083507306889352,0.0041753653444676,-0.0083507306889352,-0.0020876826722338,2026-07-17T12:20:44+00:00
2026-07-16,2026-07-17,2026-07-17,settled,loss,100,2301,光寶科,twse,電子工業,中性觀察,49.13558343597281,218.0,0.0092592592592593,3893924613.0,RSI健康,209.0,210.0,196.5,196.5,-0.0412844036697247,-0.036697247706422,-0.0986238532110092,-0.0986238532110092,2026-07-17T12:20:44+00:00
2026-07-17,2026-07-20,2026-07-20,settled,loss,1,2880,華南金,twse,金融保險,偏多,87.5231221257026,40.15,0.0190355329949238,1605478473.0,量破5日高、接近20日突破、收在高檔、MACD動能擴大,40.25,40.5,39.65,39.9,0.0024906600249066,0.0087173100871731,-0.012453300124533,-0.0062266500622665,2026-07-20T13:16:03+00:00
2026-07-17,2026-07-20,2026-07-20,settled,win,2,2886,兆豐金,twse,金融保險,偏多,82.34764946346449,47.6,0.0214592274678111,2488424758.0,量破5日高、接近20日突破、收在高檔、RSI健康,47.8,48.35,47.35,48.2,0.0042016806722688,0.0157563025210083,-0.0052521008403361,0.0126050420168066,2026-07-20T13:16:03+00:00
2026-07-17,2026-07-20,2026-07-20,settled,loss,3,3491,昇達科,tpex,通信網路業,偏多,75.56533597342872,1355.0,0.0343511450381679,10155300450.0,量破5日高、MACD動能擴大、RSI健康,1380.0,1405.0,1220.0,1220.0,0.0184501845018449,0.0369003690036899,-0.099630996309963,-0.099630996309963,2026-07-20T13:16:03+00:00
2026-07-17,2026-07-20,2026-07-20,settled,win,4,1216,統一,twse,食品工業,偏多,75.44849983146132,80.0,0.0126582278481013,2451170466.0,量破5日高、接近20日突破、收在高檔、MACD動能擴大、RSI過熱扣分,80.1,80.7,78.9,80.3,0.0012499999999999,0.00875,-0.0137499999999999,0.0037499999999999,2026-07-20T13:16:03+00:00
2026-07-17,2026-07-20,2026-07-20,settled,win,5,2884,玉山金,twse,金融保險,偏多,73.11307830875842,35.1,0.0057306590257879,3437953911.0,量破5日高、RSI健康,35.3,36.0,35.1,35.85,0.0056980056980056,0.0256410256410255,0.0,0.0213675213675212,2026-07-20T13:16:03+00:00
2026-07-17,2026-07-20,2026-07-20,settled,loss,6,2890,永豐金,twse,金融保險,偏多,72.35242128847142,40.0,0.0037641154328731,1962588217.0,量破5日高、收在高檔、RSI健康,40.2,40.3,39.2,39.7,0.0050000000000001,0.0074999999999998,-0.0199999999999999,-0.0074999999999999,2026-07-20T13:16:03+00:00
2026-07-17,2026-07-20,2026-07-20,settled,win,7,3576,聯合再生,twse,電子工業,觀察偏多,66.83859246354804,17.85,0.0084745762711866,1047483800.0,量破5日高、收在高檔、MACD動能擴大、RSI健康,18.0,19.0,17.9,18.45,0.0084033613445377,0.0644257703081232,0.002801120448179,0.0336134453781511,2026-07-20T13:16:03+00:00
2026-07-17,2026-07-20,2026-07-20,settled,loss,8,2812,台中銀,twse,金融保險,觀察偏多,62.96561072530385,20.55,0.0148148148148148,636011186.0,量破5日高、收在高檔,20.55,20.65,20.1,20.35,0.0,0.0048661800486617,-0.021897810218978,-0.0097323600973235,2026-07-20T13:16:03+00:00
2026-07-17,2026-07-20,2026-07-20,settled,loss,9,2892,第一金,twse,金融保險,觀察偏多,62.749080224834,34.1,0.0044182621502208,1532986125.0,接近20日突破、RSI健康,34.15,34.25,33.5,33.95,0.001466275659824,0.0043988269794721,-0.0175953079178886,-0.0043988269794721,2026-07-20T13:16:03+00:00
2026-07-17,2026-07-20,2026-07-20,settled,loss,10,2885,元大金,twse,金融保險,觀察偏多,61.8690597853858,65.0,-0.0254872563718141,3488748922.0,量破5日高、RSI健康,65.9,66.2,62.8,62.9,0.0138461538461538,0.0184615384615385,-0.0338461538461538,-0.0323076923076923,2026-07-20T13:16:03+00:00
2026-07-17,2026-07-20,2026-07-20,settled,loss,11,6243,迅杰,twse,半導體業,觀察偏多,61.05391798671435,51.6,0.0761209593326381,791495279.0,量破5日高、接近20日突破、收在高檔、MACD動能擴大、RSI健康、流動性不足扣分,50.0,50.0,46.45,46.45,-0.0310077519379845,-0.0310077519379845,-0.0998062015503875,-0.0998062015503875,2026-07-20T13:16:03+00:00
2026-07-17,2026-07-20,2026-07-20,settled,loss,12,6505,台塑化,twse,油電燃氣業,觀察偏多,59.99399238806758,81.3,0.0162499999999998,13356058442.0,量破5日高、MACD動能擴大、RSI過熱扣分、長上影扣分,84.0,84.3,75.8,77.7,0.033210332103321,0.0369003690036899,-0.067650676506765,-0.044280442804428,2026-07-20T13:16:03+00:00
2026-07-17,2026-07-20,2026-07-20,settled,loss,13,2881,富邦金,twse,金融保險,觀察偏多,59.55572304547778,124.5,-0.004,4147340201.0,量破5日高,125.0,125.5,122.0,123.5,0.0040160642570281,0.0080321285140563,-0.0200803212851405,-0.0080321285140562,2026-07-20T13:16:03+00:00
2026-07-17,2026-07-20,2026-07-20,settled,win,14,5871,中租-KY,twse,其他,觀察偏多,58.95240342677016,119.5,-0.0082987551867219,1273394946.0,量破5日高、MACD動能擴大、RSI健康、長上影扣分、收低於VWAP扣分,120.5,122.5,118.0,122.5,0.0083682008368199,0.0251046025104602,-0.0125523012552301,0.0251046025104602,2026-07-20T13:16:03+00:00
2026-07-17,2026-07-20,2026-07-20,settled,win,15,5876,上海商銀,twse,金融保險,觀察偏多,58.73778126015965,45.2,0.0055617352614014,1114690703.0,接近20日突破、MACD動能擴大、長上影扣分,45.7,46.05,45.25,45.55,0.0110619469026549,0.0188053097345131,0.0011061946902655,0.0077433628318583,2026-07-20T13:16:03+00:00
2026-07-17,2026-07-20,2026-07-20,settled,win,16,1468,昶和,twse,紡織纖維,觀察偏多,58.40261373848078,13.6,0.075098814229249,1039782.0,量破5日高、接近20日突破、收在高檔、MACD動能擴大、流動性不足扣分,14.25,14.95,14.25,14.95,0.0477941176470588,0.0992647058823528,0.0477941176470588,0.0992647058823528,2026-07-20T13:16:03+00:00
2026-07-17,2026-07-20,2026-07-20,settled,tie,17,9926,新海,twse,油電燃氣業,觀察偏多,58.18050638394354,50.8,0.0139720558882234,3609509.0,量破5日高、接近20日突破、收在高檔、MACD動能擴大、流動性不足扣分,51.5,51.5,50.2,50.8,0.013779527559055,0.013779527559055,-0.0118110236220471,0.0,2026-07-20T13:16:03+00:00
2026-07-17,2026-07-20,2026-07-20,settled,win,18,2008,高興昌,twse,鋼鐵工業,觀察偏多,58.14107051609605,31.05,0.0016129032258065,2028523.0,量破5日高、收在高檔、MACD動能擴大、RSI健康、流動性不足扣分,30.95,31.9,30.95,31.3,-0.0032206119162641,0.0273752012882446,-0.0032206119162641,0.0080515297906602,2026-07-20T13:16:03+00:00
2026-07-17,2026-07-20,2026-07-20,settled,loss,19,2801,彰銀,twse,金融保險,觀察偏多,58.05999724598338,23.9,-0.0020876826722338,623948315.0,量破5日高、RSI健康、長上影扣分,24.15,24.2,23.55,23.85,0.0104602510460252,0.0125523012552302,-0.0146443514644351,-0.0020920502092048,2026-07-20T13:16:03+00:00
2026-07-17,2026-07-20,2026-07-20,settled,win,20,5880,合庫金,twse,金融保險,中性觀察,57.42992309669825,25.35,-0.0058823529411764,695167643.0,量破5日高,25.65,25.7,25.25,25.5,0.011834319526627,0.0138067061143982,-0.0039447731755424,0.0059171597633136,2026-07-20T13:16:03+00:00
2026-07-17,2026-07-20,2026-07-20,settled,loss,21,2324,仁寶,twse,電腦及週邊設備業,中性觀察,56.741456912312,36.0,0.0013908205841446,3632792142.0,量破5日高、RSI健康、長上影扣分、收低於VWAP扣分,36.05,36.2,33.7,34.4,0.0013888888888888,0.0055555555555555,-0.0638888888888887,-0.0444444444444445,2026-07-20T13:16:03+00:00
2026-07-17,2026-07-20,2026-07-20,settled,loss,22,2379,瑞昱,twse,電子工業,中性觀察,56.62453855874271,718.0,0.0084269662921347,5047330129.0,RSI健康,721.0,732.0,689.0,709.0,0.0041782729805013,0.0194986072423397,-0.0403899721448467,-0.0125348189415042,2026-07-20T13:16:03+00:00
2026-07-17,2026-07-20,2026-07-20,settled,win,23,1259,安心,tpex,觀光餐旅,中性觀察,56.284140672529816,59.5,0.0067681895093061,3036727.0,量破5日高、接近20日突破、MACD動能擴大、RSI健康、流動性不足扣分,59.5,59.9,57.6,59.9,0.0,0.0067226890756302,-0.0319327731092436,0.0067226890756302,2026-07-20T13:16:03+00:00
2026-07-17,2026-07-20,2026-07-20,settled,win,24,2546,根基,twse,建材營造,中性觀察,55.95101032492704,96.1,0.0041797283176592,30646773.0,量破5日高、收在高檔、MACD動能擴大、RSI健康、流動性不足扣分,97.7,97.7,94.9,96.9,0.0166493236212279,0.0166493236212279,-0.0124869927159207,0.008324661810614,2026-07-20T13:16:03+00:00
2026-07-17,2026-07-20,2026-07-20,settled,loss,25,3413,京鼎,twse,電子工業,中性觀察,55.86400862593377,371.0,-0.0287958115183245,2617300802.0,MACD動能擴大,371.5,372.0,345.0,359.0,0.0013477088948787,0.0026954177897573,-0.0700808625336927,-0.0323450134770889,2026-07-20T13:16:03+00:00
2026-07-17,2026-07-20,2026-07-20,settled,loss,26,1726,永記,twse,化學生技醫療,中性觀察,55.2873372278664,80.5,0.0125786163522012,18143921.0,量破5日高、接近20日突破、收在高檔、MACD動能擴大、流動性不足扣分,81.1,81.1,79.9,80.2,0.0074534161490682,0.0074534161490682,-0.0074534161490682,-0.0037267080745341,2026-07-20T13:16:03+00:00
2026-07-17,2026-07-20,2026-07-20,settled,loss,27,3324,雙鴻,tpex,其他電子類,中性觀察,55.08075047957312,913.0,0.0121951219512195,3554861368.0,量破5日高,913.0,918.0,831.0,858.0,0.0,0.0054764512595837,-0.0898138006571741,-0.0602409638554216,2026-07-20T13:16:03+00:00
2026-07-17,2026-07-20,2026-07-20,settled,loss,28,1443,立益物流,twse,其他,中性觀察,54.928097853857935,27.05,0.0018518518518517,978309.0,量破5日高、收在高檔、MACD動能擴大、流動性不足扣分,27.05,27.4,26.45,26.65,0.0,0.0129390018484287,-0.022181146025878,-0.0147874306839187,2026-07-20T13:16:03+00:00
2026-07-17,2026-07-20,2026-07-20,settled,loss,29,6225,天瀚,twse,光電業,中性觀察,54.23042514434921,26.0,0.0176125244618394,2039952.0,量破5日高、收在高檔、MACD動能擴大、流動性不足扣分,26.5,26.6,25.55,25.55,0.0192307692307691,0.0230769230769232,-0.0173076923076922,-0.0173076923076922,2026-07-20T13:16:03+00:00
2026-07-17,2026-07-20,2026-07-20,settled,loss,30,7610,聯友金屬-創,twse,創新板股票,中性觀察,53.7335842566397,2410.0,-0.073076923076923,2220125965.0,量破5日高、RSI健康、收低於VWAP扣分,2410.0,2410.0,2170.0,2170.0,0.0,0.0,-0.0995850622406638,-0.0995850622406638,2026-07-20T13:16:03+00:00
2026-07-17,2026-07-20,2026-07-20,settled,tie,31,2542,興富發,twse,建材營造,中性觀察,53.602152708953575,43.3,-0.0011534025374856,571852774.0,量破5日高、RSI健康,43.4,43.55,42.6,43.3,0.0023094688221709,0.0057736720554273,-0.0161662817551961,0.0,2026-07-20T13:16:03+00:00
2026-07-17,2026-07-20,2026-07-20,settled,win,32,3706,神達,twse,電腦及週邊設備業,中性觀察,53.5889716402657,88.3,-0.017797552836485,1259621258.0,收在高檔、RSI健康,87.8,88.5,85.4,88.4,-0.0056625141562853,0.0022650056625141,-0.0328425821064551,0.0011325028312572,2026-07-20T13:16:03+00:00
2026-07-17,2026-07-20,2026-07-20,settled,win,33,3266,昇陽,twse,建材營造,中性觀察,53.52528043216773,14.05,0.0035714285714285,1493827.0,量破5日高、MACD動能擴大、RSI健康、流動性不足扣分,14.2,14.2,13.95,14.1,0.0106761565836297,0.0106761565836297,-0.00711743772242,0.0035587188612098,2026-07-20T13:16:03+00:00
2026-07-17,2026-07-20,2026-07-20,settled,win,34,2376,技嘉,twse,電腦及週邊設備業,中性觀察,53.47755380384142,325.0,-0.0356083086053412,2792358800.0,量破5日高、RSI健康、收低於VWAP扣分,328.0,336.0,317.5,331.0,0.0092307692307691,0.0338461538461538,-0.0230769230769231,0.0184615384615385,2026-07-20T13:16:03+00:00
2026-07-17,2026-07-20,2026-07-20,settled,win,35,4904,遠傳,twse,電子工業,中性觀察,53.09889681728593,103.0,0.0198019801980198,2149379073.0,量破5日高、長上影扣分,103.5,105.5,103.5,104.5,0.0048543689320388,0.0242718446601941,0.0048543689320388,0.0145631067961164,2026-07-20T13:16:03+00:00
2026-07-17,2026-07-20,2026-07-20,settled,loss,36,3178,公準,tpex,半導體業,中性觀察,52.79767465324373,70.7,0.0,109203301.0,量破5日高、接近20日突破、MACD動能擴大、流動性不足扣分,69.6,69.6,64.0,67.6,-0.0155586987270156,-0.0155586987270156,-0.0947666195190948,-0.0438472418670439,2026-07-20T13:16:03+00:00
2026-07-17,2026-07-20,2026-07-20,settled,win,37,4171,瑞基,tpex,農業科技業,中性觀察,52.59910348877003,18.4,0.0985074626865671,9608465.0,量破5日高、接近20日突破、收在高檔、MACD動能擴大、RSI健康、近漲停過熱扣分、流動性不足扣分,20.2,20.2,18.4,19.6,0.0978260869565217,0.0978260869565217,0.0,0.0652173913043479,2026-07-20T13:16:03+00:00
2026-07-17,2026-07-20,2026-07-20,settled,loss,38,8383,千附,tpex,半導體業,中性觀察,52.47032815167419,89.0,0.0218140068886338,1347886781.0,MACD動能擴大,86.4,88.0,80.2,80.2,-0.0292134831460673,-0.0112359550561798,-0.0988764044943819,-0.0988764044943819,2026-07-20T13:16:03+00:00
2026-07-17,2026-07-20,2026-07-20,settled,loss,39,9103,美德醫療-DR,twse,存託憑證,中性觀察,52.1952258768639,5.28,0.0414201183431952,22219265.0,量破5日高、MACD動能擴大、RSI健康、流動性不足扣分,5.4,5.59,5.17,5.18,0.0227272727272727,0.0587121212121211,-0.0208333333333333,-0.018939393939394,2026-07-20T13:16:03+00:00
2026-07-17,2026-07-20,2026-07-20,settled,loss,40,1470,大統新創,twse,紡織纖維,中性觀察,51.97727563060344,23.1,0.0043478260869564,782378.0,量破5日高、收在高檔、MACD動能擴大、RSI健康、流動性不足扣分,23.05,23.05,23.0,23.0,-0.0021645021645021,-0.0021645021645021,-0.0043290043290044,-0.0043290043290044,2026-07-20T13:16:03+00:00
2026-07-17,2026-07-20,2026-07-20,settled,loss,41,3313,斐成,tpex,建材營造,中性觀察,51.86890508160822,12.0,0.0,1678264.0,量破5日高、收在高檔、MACD動能擴大、RSI健康、流動性不足扣分,12.0,12.05,11.65,11.85,0.0,0.0041666666666666,-0.0291666666666666,-0.0125,2026-07-20T13:16:03+00:00
2026-07-17,2026-07-20,2026-07-20,settled,loss,42,1808,潤隆,twse,建材營造,中性觀察,50.78894353602463,32.2,0.0031152647975078,81131803.0,量破5日高、收在高檔、MACD動能擴大、RSI健康、流動性不足扣分,32.55,32.6,31.8,31.8,0.0108695652173911,0.0124223602484472,-0.0124223602484472,-0.0124223602484472,2026-07-20T13:16:03+00:00
2026-07-17,2026-07-20,2026-07-20,settled,win,43,6195,詩肯,tpex,居家生活類,中性觀察,50.56913004598876,26.5,0.0037878787878788,1584476.0,量破5日高、收在高檔、MACD動能擴大、流動性不足扣分,26.5,26.7,26.5,26.65,0.0,0.0075471698113207,0.0,0.0056603773584904,2026-07-20T13:16:03+00:00
2026-07-17,2026-07-20,2026-07-20,settled,loss,44,2887,台新新光金,twse,金融保險,中性觀察,50.41946857434847,35.55,-0.016597510373444,3410368655.0,,35.8,35.8,34.3,35.15,0.0070323488045007,0.0070323488045007,-0.0351617440225034,-0.0112517580872011,2026-07-20T13:16:03+00:00
2026-07-17,2026-07-20,2026-07-20,settled,win,45,9939,宏全,twse,其他,中性觀察,50.33672741694082,125.5,0.0,357396678.0,量破5日高、收在高檔,125.5,129.0,124.0,128.5,0.0,0.0278884462151394,-0.0119521912350597,0.0239043824701195,2026-07-20T13:16:03+00:00
2026-07-17,2026-07-20,2026-07-20,settled,win,46,6807,峰源-KY,twse,居家生活,中性觀察,50.14531170158405,33.55,0.0029895366218235,1029379.0,量破5日高、收在高檔、MACD動能擴大、RSI健康、流動性不足扣分,34.35,34.35,33.45,33.8,0.023845007451565,0.023845007451565,-0.0029806259314454,0.0074515648286139,2026-07-20T13:16:03+00:00
2026-07-17,2026-07-20,2026-07-20,settled,loss,47,1525,江申,twse,汽車工業,中性觀察,50.01746295350026,68.0,0.0164424514200298,2268888.0,量破5日高、收在高檔、MACD動能擴大、流動性不足扣分,68.8,68.9,66.4,67.4,0.0117647058823529,0.0132352941176472,-0.0235294117647058,-0.0088235294117646,2026-07-20T13:16:03+00:00
2026-07-17,2026-07-20,2026-07-20,settled,loss,48,2069,運錩,twse,鋼鐵工業,中性觀察,49.77078436382218,18.65,0.0026881720430105,9207727.0,量破5日高、收在高檔、MACD動能擴大、RSI健康、流動性不足扣分,18.8,18.95,18.6,18.6,0.0080428954423592,0.0160857908847185,-0.0026809651474529,-0.0026809651474529,2026-07-20T13:16:03+00:00
2026-07-17,2026-07-20,2026-07-20,settled,win,49,6201,亞弘電,twse,其他電子業,中性觀察,49.475307083054894,49.05,0.0010204081632652,3358695.0,量破5日高、收在高檔、RSI健康、流動性不足扣分,49.8,49.8,48.35,49.2,0.0152905198776758,0.0152905198776758,-0.0142711518858307,0.0030581039755352,2026-07-20T13:16:03+00:00
2026-07-17,2026-07-20,2026-07-20,settled,win,50,2395,研華,twse,電子工業,中性觀察,49.34912719047762,513.0,-0.0320754716981132,1312083866.0,RSI健康,519.0,521.0,493.5,516.0,0.0116959064327486,0.0155945419103313,-0.0380116959064327,0.0058479532163742,2026-07-20T13:16:03+00:00
2026-07-17,2026-07-20,2026-07-20,settled,loss,51,6581,鋼聯,twse,綠能環保,中性觀察,48.91086484414921,109.0,0.0092592592592593,4865435.0,量破5日高、收在高檔、MACD動能擴大、流動性不足扣分,110.0,110.0,106.5,107.0,0.0091743119266054,0.0091743119266054,-0.0229357798165137,-0.018348623853211,2026-07-20T13:16:03+00:00
2026-07-17,2026-07-20,2026-07-20,settled,win,52,5450,南良,tpex,其他,中性觀察,48.837741732289714,17.05,0.1,22970299.0,量破5日高、接近20日突破、收在高檔、MACD動能擴大、近漲停過熱扣分、流動性不足扣分,17.75,18.75,17.25,18.75,0.0410557184750732,0.0997067448680351,0.0117302052785923,0.0997067448680351,2026-07-20T13:16:03+00:00
2026-07-17,2026-07-20,2026-07-20,settled,win,53,8039,台虹,twse,電子零組件業,中性觀察,48.706439408828274,192.5,-0.0350877192982456,11263134818.0,量破5日高、長上影扣分、收低於VWAP扣分,199.5,202.0,178.0,193.0,0.0363636363636363,0.0493506493506492,-0.0753246753246753,0.0025974025974024,2026-07-20T13:16:03+00:00
2026-07-17,2026-07-20,2026-07-20,settled,loss,54,2059,川湖,twse,電子工業,中性觀察,48.50339546879532,7890.0,-0.0883882149046794,6978750095.0,量破5日高、RSI健康、收低於VWAP扣分,7970.0,8090.0,7610.0,7750.0,0.0101394169835233,0.0253485424588086,-0.035487959442332,-0.017743979721166,2026-07-20T13:16:03+00:00
2026-07-17,2026-07-20,2026-07-20,settled,loss,55,9918,欣天然,twse,油電燃氣業,中性觀察,47.95523973980959,44.2,0.0045454545454546,2304929.0,收在高檔、MACD動能擴大、RSI健康、流動性不足扣分,46.5,46.5,43.6,43.8,0.0520361990950226,0.0520361990950226,-0.0135746606334842,-0.0090497737556561,2026-07-20T13:16:03+00:00
2026-07-17,2026-07-20,2026-07-20,settled,loss,56,6598,ABC-KY,twse,生技醫療業,中性觀察,47.908616758238125,27.65,0.0972222222222221,48763220.0,量破5日高、接近20日突破、收在高檔、MACD動能擴大、近漲停過熱扣分、流動性不足扣分,26.9,27.4,26.35,26.7,-0.0271247739602169,-0.0090415913200723,-0.0470162748643759,-0.0343580470162748,2026-07-20T13:16:03+00:00
2026-07-17,2026-07-20,2026-07-20,settled,tie,57,9917,中保科,twse,其他,中性觀察,47.28586484414921,109.0,0.0092592592592593,136862960.0,量破5日高、收在高檔、MACD動能擴大、RSI健康、流動性不足扣分,109.5,111.5,109.0,109.0,0.0045871559633028,0.0229357798165137,0.0,0.0,2026-07-20T13:16:03+00:00
2026-07-17,2026-07-20,2026-07-20,settled,win,58,8093,保銳,tpex,電子零組件業,中性觀察,46.96366737129754,19.95,0.0230769230769229,528465.0,量破5日高、收在高檔、RSI健康、流動性不足扣分,19.95,20.25,19.5,20.25,0.0,0.0150375939849625,-0.0225563909774435,0.0150375939849625,2026-07-20T13:16:03+00:00
2026-07-17,2026-07-20,2026-07-20,settled,tie,59,1702,南僑,twse,食品工業,中性觀察,46.94034874808376,33.9,0.0074294205052005,18936278.0,量破5日高、MACD動能擴大、流動性不足扣分,34.15,34.15,33.35,33.9,0.0073746312684366,0.0073746312684366,-0.0162241887905604,0.0,2026-07-20T13:16:03+00:00
2026-07-17,2026-07-20,2026-07-20,settled,loss,60,3023,信邦,twse,電子零組件業,中性觀察,46.5576677860479,303.0,-0.038095238095238,566228106.0,量破5日高、RSI健康、收低於VWAP扣分,307.0,307.0,292.5,301.0,0.0132013201320131,0.0132013201320131,-0.0346534653465346,-0.0066006600660065,2026-07-20T13:16:03+00:00
2026-07-17,2026-07-20,2026-07-20,settled,loss,61,1506,正道,twse,電機機械,中性觀察,46.488011898678735,11.25,0.0273972602739727,13196624.0,量破5日高、收在高檔、MACD動能擴大、流動性不足扣分,11.25,11.3,10.75,10.8,0.0,0.0044444444444444,-0.0444444444444444,-0.0399999999999999,2026-07-20T13:16:03+00:00
2026-07-17,2026-07-20,2026-07-20,settled,tie,62,2849,安泰銀,twse,金融保險,中性觀察,46.2597669298321,14.95,0.0033557046979864,4502166.0,接近20日突破、收在高檔、MACD動能擴大、RSI健康、流動性不足扣分,14.95,15.45,14.95,14.95,0.0,0.0334448160535116,0.0,0.0,2026-07-20T13:16:03+00:00
2026-07-17,2026-07-20,2026-07-20,settled,loss,63,4541,晟田,tpex,其他,中性觀察,45.95104893596682,72.6,0.0182328190743337,1289581471.0,,71.8,79.7,68.4,68.9,-0.0110192837465564,0.0977961432506888,-0.0578512396694212,-0.0509641873278234,2026-07-20T13:16:03+00:00
2026-07-17,2026-07-20,2026-07-20,settled,win,64,6919,康霈*,twse,生技醫療業,中性觀察,45.84977826848675,103.5,-0.0881057268722467,1388224454.0,量破5日高、RSI健康、收低於VWAP扣分,106.0,111.0,104.5,106.5,0.0241545893719807,0.0724637681159421,0.0096618357487923,0.0289855072463767,2026-07-20T13:16:03+00:00
2026-07-17,2026-07-20,2026-07-20,settled,loss,65,3297,杭特,tpex,光電業,中性觀察,45.78207715891671,32.35,0.098471986417657,23142824.0,量破5日高、收在高檔、MACD動能擴大、RSI健康、近漲停過熱扣分、流動性不足扣分,33.0,33.9,29.15,29.15,0.0200927357032456,0.0479134466769706,-0.098918083462133,-0.098918083462133,2026-07-20T13:16:03+00:00
2026-07-17,2026-07-20,2026-07-20,settled,loss,66,6655,科定,twse,其他,中性觀察,45.32288579458355,121.0,0.021097046413502,2759283.0,量破5日高、收在高檔、MACD動能擴大、RSI健康、流動性不足扣分,120.0,120.0,117.5,119.0,-0.0082644628099173,-0.0082644628099173,-0.0289256198347107,-0.0165289256198346,2026-07-20T13:16:03+00:00
2026-07-17,2026-07-20,2026-07-20,settled,loss,67,4178,永笙-KY,twse,化學生技醫療,中性觀察,45.04591861285695,20.0,0.0810810810810811,43264628.0,量破5日高、接近20日突破、MACD動能擴大、收低於VWAP扣分、流動性不足扣分,18.3,19.6,18.3,19.3,-0.0849999999999999,-0.0199999999999999,-0.0849999999999999,-0.0349999999999999,2026-07-20T13:16:03+00:00
2026-07-17,2026-07-20,2026-07-20,settled,win,68,2706,第一店,twse,觀光餐旅,低優先,44.907588145120044,12.75,0.0,4239791.0,量破5日高、收在高檔、MACD動能擴大、流動性不足扣分,12.9,13.35,12.7,12.8,0.0117647058823529,0.0470588235294118,-0.003921568627451,0.0039215686274509,2026-07-20T13:16:03+00:00
2026-07-17,2026-07-20,2026-07-20,settled,loss,69,4166,友霖,tpex,生技醫療業,低優先,44.44690587955657,26.85,0.0267686424474189,9138866.0,收在高檔、MACD動能擴大、RSI健康、流動性不足扣分,27.1,27.5,26.65,26.65,0.0093109869646181,0.0242085661080073,-0.0074487895716947,-0.0074487895716947,2026-07-20T13:16:03+00:00
2026-07-17,2026-07-20,2026-07-20,settled,loss,70,2732,六角,tpex,觀光餐旅,低優先,44.37973939703628,65.3,0.0046153846153844,3486812.0,量破5日高、收在高檔、RSI健康、流動性不足扣分,64.3,64.9,63.9,64.9,-0.0153139356814701,-0.0061255742725879,-0.0214395099540581,-0.0061255742725879,2026-07-20T13:16:03+00:00
2026-07-17,2026-07-20,2026-07-20,settled,loss,71,9914,美利達,twse,運動休閒,低優先,44.04717811419558,84.0,-0.002375296912114,2213106010.0,量破5日高、MACD動能擴大、長上影扣分、收低於VWAP扣分,83.8,88.0,76.8,79.8,-0.0023809523809523,0.0476190476190476,-0.0857142857142857,-0.05,2026-07-20T13:16:03+00:00
2026-07-17,2026-07-20,2026-07-20,settled,win,72,2330,台積電,twse,電子工業,低優先,44.042597087378645,2290.0,-0.0728744939271255,229051751965.0,量破5日高、RSI健康、收低於VWAP扣分,2300.0,2345.0,2300.0,2320.0,0.0043668122270741,0.0240174672489081,0.0043668122270741,0.0131004366812226,2026-07-20T13:16:03+00:00
2026-07-17,2026-07-20,2026-07-20,settled,loss,73,6443,元晶,twse,光電業,低優先,44.032891221495085,29.85,0.0,283842615.0,量破5日高、收在高檔,30.3,30.45,27.85,27.85,0.015075376884422,0.0201005025125626,-0.067001675041876,-0.067001675041876,2026-07-20T13:16:03+00:00
2026-07-17,2026-07-20,2026-07-20,settled,loss,74,8271,宇瞻,twse,半導體業,低優先,43.76536169475032,190.0,0.0133333333333334,2078712278.0,量破5日高、MACD動能擴大、長上影扣分、收低於VWAP扣分,191.0,192.5,175.5,184.0,0.0052631578947368,0.013157894736842,-0.0763157894736842,-0.031578947368421,2026-07-20T13:16:03+00:00
2026-07-17,2026-07-20,2026-07-20,settled,tie,75,2377,微星,twse,電腦及週邊設備業,低優先,43.543188979730886,141.5,-0.0241379310344828,2252846582.0,RSI健康、長上影扣分,142.0,142.5,131.5,141.5,0.0035335689045936,0.0070671378091873,-0.0706713780918727,0.0,2026-07-20T13:16:03+00:00
2026-07-17,2026-07-20,2026-07-20,settled,loss,76,2883,凱基金,twse,金融保險,低優先,43.40628513030149,30.0,-0.0180032733224222,1583370086.0,RSI健康、長上影扣分,30.45,30.6,29.55,29.55,0.0149999999999999,0.02,-0.015,-0.015,2026-07-20T13:16:03+00:00
2026-07-17,2026-07-20,2026-07-20,settled,win,77,2912,統一超,twse,貿易百貨,低優先,43.40475243560356,243.0,-0.010183299389002,1371165275.0,量破5日高、RSI過熱扣分、收低於VWAP扣分,244.5,246.5,238.0,243.5,0.0061728395061728,0.0144032921810699,-0.0205761316872428,0.0020576131687242,2026-07-20T13:16:03+00:00
2026-07-17,2026-07-20,2026-07-20,settled,loss,78,9921,巨大,twse,運動休閒,低優先,43.38551924223552,86.6,-0.0159090909090909,1164572791.0,量破5日高、MACD動能擴大、RSI健康、長上影扣分、收低於VWAP扣分,86.0,92.0,82.2,83.9,-0.0069284064665126,0.0623556581986144,-0.0508083140877597,-0.0311778290993069,2026-07-20T13:16:03+00:00
2026-07-17,2026-07-20,2026-07-20,settled,loss,79,3017,奇鋐,twse,電子工業,低優先,43.38227516607052,2200.0,-0.0112359550561798,12498608770.0,量破5日高、RSI健康、長上影扣分、收低於VWAP扣分,2210.0,2240.0,2015.0,2135.0,0.0045454545454546,0.018181818181818,-0.0840909090909091,-0.0295454545454545,2026-07-20T13:16:03+00:00
2026-07-17,2026-07-20,2026-07-20,settled,loss,80,2640,大車隊,tpex,數位雲端類,低優先,43.30782785546748,161.0,0.0254777070063694,9840247.0,量比>1.8、收在高檔、MACD動能擴大、RSI健康、流動性不足扣分,152.0,153.0,138.0,145.5,-0.0559006211180124,-0.0496894409937888,-0.1428571428571429,-0.0962732919254658,2026-07-20T13:16:03+00:00
2026-07-17,2026-07-20,2026-07-20,settled,win,81,8426,紅木-KY,tpex,其他,低優先,42.821480582524245,20.15,0.0074999999999998,2253361.0,量破5日高、收在高檔、MACD動能擴大、RSI健康、流動性不足扣分,19.9,21.3,19.9,20.3,-0.0124069478908188,0.0570719602977669,-0.0124069478908188,0.0074441687344914,2026-07-20T13:16:03+00:00
2026-07-17,2026-07-20,2026-07-20,settled,win,82,2610,華航,twse,航運業,低優先,42.607360580581485,20.75,-0.0071770334928229,784080128.0,,20.75,21.0,20.5,20.95,0.0,0.0120481927710842,-0.0120481927710843,0.0096385542168675,2026-07-20T13:16:03+00:00
2026-07-17,2026-07-20,2026-07-20,settled,loss,83,2603,長榮,twse,航運業,低優先,42.263195108602815,198.0,-0.01,3443689371.0,量破5日高、長上影扣分、收低於VWAP扣分,201.0,202.5,196.0,196.0,0.0151515151515151,0.0227272727272727,-0.01010101010101,-0.01010101010101,2026-07-20T13:16:03+00:00
2026-07-17,2026-07-20,2026-07-20,settled,loss,84,3376,新日興,twse,電子零組件業,低優先,41.89490747119252,187.0,-0.038560411311054,766178076.0,量破5日高、收低於VWAP扣分,189.5,191.5,185.0,186.5,0.0133689839572193,0.0240641711229947,-0.0106951871657754,-0.0026737967914438,2026-07-20T13:16:03+00:00
2026-07-17,2026-07-20,2026-07-20,settled,loss,85,6811,宏碁資訊,tpex,數位雲端類,低優先,41.85085943661954,239.5,0.048140043763676,391540362.0,量破5日高、接近20日突破、MACD動能擴大、收低於VWAP扣分、流動性不足扣分,245.0,246.0,227.5,230.5,0.022964509394572,0.0271398747390396,-0.0501043841336117,-0.0375782881002088,2026-07-20T13:16:03+00:00
2026-07-17,2026-07-20,2026-07-20,settled,win,86,1203,味王,twse,食品工業,低優先,41.65401762902401,45.95,0.021111111111111,1753002.0,接近20日突破、收在高檔、MACD動能擴大、流動性不足扣分,47.5,47.5,46.0,47.1,0.0337323177366701,0.0337323177366701,0.001088139281828,0.0250272034820455,2026-07-20T13:16:03+00:00
2026-07-17,2026-07-20,2026-07-20,missing,missing,87,5906,台南-KY,twse,貿易百貨,低優先,41.55427950945324,38.0,0.0013175230566533,115354.0,收在高檔、MACD動能擴大、RSI健康、流動性不足扣分,,,,,,,,,2026-07-20T13:16:03+00:00
2026-07-17,2026-07-20,2026-07-20,settled,loss,88,9911,櫻花,twse,居家生活,低優先,41.43261369443015,83.8,-0.004750593824228,25149166.0,量破5日高、RSI健康、流動性不足扣分,84.5,84.5,82.6,83.2,0.0083532219570405,0.0083532219570405,-0.0143198090692124,-0.0071599045346061,2026-07-20T13:16:03+00:00
2026-07-17,2026-07-20,2026-07-20,settled,win,89,4133,亞諾法,twse,生技醫療業,低優先,41.13844532447624,22.35,0.0982800982800982,33705140.0,量破5日高、收在高檔、MACD動能擴大、近漲停過熱扣分、流動性不足扣分,24.55,24.55,22.4,22.4,0.0984340044742728,0.0984340044742728,0.0022371364653241,0.0022371364653241,2026-07-20T13:16:03+00:00
2026-07-17,2026-07-20,2026-07-20,settled,loss,90,2756,聯發國際,tpex,觀光餐旅,低優先,40.65758814512008,59.7,0.0,2345854.0,量破5日高、收在高檔、RSI健康、流動性不足扣分,59.0,60.1,59.0,59.6,-0.0117252931323283,0.0067001675041875,-0.0117252931323283,-0.0016750418760469,2026-07-20T13:16:03+00:00
2026-07-17,2026-07-20,2026-07-20,settled,win,91,4148,全宇生技-KY,twse,化學生技醫療,低優先,40.31449375866854,30.05,-0.0066115702479339,1334291.0,量破5日高、收在高檔、MACD動能擴大、RSI健康、流動性不足扣分,30.9,30.9,30.0,30.35,0.0282861896838602,0.0282861896838602,-0.0016638935108153,0.0099833610648918,2026-07-20T13:16:03+00:00
2026-07-17,2026-07-20,2026-07-20,settled,win,92,1463,強盛新,twse,紡織纖維,低優先,40.245573582013286,17.65,-0.0028248587570621,1872301.0,收在高檔、MACD動能擴大、RSI健康、流動性不足扣分,17.95,18.0,17.55,18.0,0.0169971671388102,0.0198300283286119,-0.0056657223796032,0.0198300283286119,2026-07-20T13:16:03+00:00
2026-07-17,2026-07-20,2026-07-20,settled,loss,93,2308,台達電,twse,電子零組件業,低優先,40.20270026787223,1740.0,-0.0866141732283464,25316884160.0,量破5日高、RSI健康、收低於VWAP扣分,1695.0,1785.0,1665.0,1705.0,-0.0258620689655172,0.0258620689655173,-0.0431034482758621,-0.0201149425287355,2026-07-20T13:16:03+00:00
2026-07-17,2026-07-20,2026-07-20,settled,loss,94,1416,廣豐,twse,其他,低優先,40.04508814512008,11.1,0.0,8380984.0,量破5日高、收在高檔、RSI健康、流動性不足扣分,11.1,11.1,10.8,11.0,0.0,0.0,-0.0270270270270269,-0.009009009009009,2026-07-20T13:16:03+00:00
2026-07-17,2026-07-20,2026-07-20,settled,win,95,1414,東和,twse,紡織纖維,低優先,40.01874680633628,18.3,-0.013477088948787,7578086.0,量破5日高、收在高檔、RSI健康、流動性不足扣分,18.35,18.7,18.15,18.7,0.0027322404371585,0.0218579234972677,-0.0081967213114755,0.0218579234972677,2026-07-20T13:16:03+00:00
2026-07-17,2026-07-20,2026-07-20,settled,win,96,2520,冠德,twse,建材營造,低優先,39.663366711214245,35.7,-0.0055710306406684,114342323.0,量破5日高、RSI健康、流動性不足扣分,35.7,36.0,35.0,35.75,0.0,0.0084033613445377,-0.0196078431372549,0.0014005602240896,2026-07-20T13:16:03+00:00
2026-07-17,2026-07-20,2026-07-20,settled,loss,97,2882,國泰金,twse,金融保險,低優先,39.57876597341848,94.3,-0.0308324768756423,2720768652.0,量破5日高、收低於VWAP扣分,96.0,96.5,93.4,94.0,0.0180275715800637,0.0233297985153764,-0.0095440084835629,-0.0031813361611876,2026-07-20T13:16:03+00:00
2026-07-17,2026-07-20,2026-07-20,settled,loss,98,2834,臺企銀,twse,金融保險,低優先,39.54911425572203,18.05,-0.005509641873278,657598093.0,RSI健康、長上影扣分,18.15,18.2,17.7,18.0,0.005540166204986,0.0083102493074791,-0.0193905817174515,-0.0027700831024931,2026-07-20T13:16:03+00:00
2026-07-17,2026-07-20,2026-07-20,settled,win,99,4530,宏易,tpex,觀光餐旅,低優先,39.45836929630622,26.0,-0.0151515151515151,238761.0,量破5日高、收在高檔、RSI健康、流動性不足扣分,25.3,26.95,25.3,26.95,-0.0269230769230769,0.0365384615384614,-0.0269230769230769,0.0365384615384614,2026-07-20T13:16:03+00:00
2026-07-17,2026-07-20,2026-07-20,settled,win,100,4994,傳奇,twse,電子工業,低優先,39.38992137780459,92.3,0.0065430752453652,1752310.0,收在高檔、MACD動能擴大、RSI健康、流動性不足扣分,92.2,93.0,90.7,92.6,-0.0010834236186347,0.0075839653304441,-0.017334777898158,0.0032502708559045,2026-07-20T13:16:03+00:00
2026-07-20,2026-07-21,2026-07-21,settled,win,1,5871,中租-KY,twse,其他,偏多,92.06238640772337,122.5,0.0251046025104602,2019448865.0,量破5日高、接近20日突破、收在高檔、MACD動能擴大、RSI健康,121.5,123.5,120.0,123.5,-0.0081632653061224,0.0081632653061225,-0.0204081632653061,0.0081632653061225,2026-07-21T12:42:59+00:00
2026-07-20,2026-07-21,2026-07-21,settled,win,2,2884,玉山金,twse,金融保險,偏多,74.28784301044125,35.85,0.0213675213675212,2859648480.0,收在高檔、MACD動能擴大、RSI健康,35.85,37.2,35.85,36.95,0.0,0.0376569037656904,0.0,0.0306834030683402,2026-07-21T12:42:59+00:00
2026-07-20,2026-07-21,2026-07-21,settled,loss,3,5269,祥碩,twse,電子工業,觀察偏多,66.85572250639387,1470.0,0.024390243902439,1881008640.0,量破5日高、RSI健康,1430.0,1445.0,1400.0,1410.0,-0.0272108843537415,-0.0170068027210884,-0.0476190476190476,-0.0408163265306122,2026-07-21T12:42:59+00:00
2026-07-20,2026-07-21,2026-07-21,settled,loss,4,1216,統一,twse,食品工業,觀察偏多,65.11467210113692,80.3,0.0037499999999999,2436736700.0,接近20日突破、MACD動能擴大,79.9,80.3,79.2,79.6,-0.0049813200498131,0.0,-0.0136986301369862,-0.0087173100871731,2026-07-21T12:42:59+00:00
2026-07-20,2026-07-21,2026-07-21,settled,win,5,6414,樺漢,twse,電子工業,觀察偏多,65.08081373642366,405.0,0.0253164556962024,1438860018.0,量破5日高、MACD動能擴大,405.5,445.5,403.5,445.5,0.0012345679012346,0.1,-0.0037037037037036,0.1,2026-07-21T12:42:59+00:00
2026-07-20,2026-07-21,2026-07-21,settled,win,6,2886,兆豐金,twse,金融保險,觀察偏多,65.04486766293525,48.2,0.0126050420168066,2183275344.0,接近20日突破、收在高檔、RSI健康,48.2,48.9,48.05,48.6,0.0,0.0145228215767634,-0.0031120331950208,0.0082987551867219,2026-07-21T12:42:59+00:00
2026-07-20,2026-07-21,2026-07-21,settled,loss,7,2887,台新新光金,twse,金融保險,觀察偏多,64.71070971867009,35.15,-0.0112517580872011,5116259375.0,量破5日高、RSI健康,34.0,34.7,33.45,34.7,-0.0327169274537695,-0.0128022759601705,-0.0483641536273113,-0.0128022759601705,2026-07-21T12:42:59+00:00
2026-07-20,2026-07-21,2026-07-21,settled,win,8,1590,亞德客-KY,twse,電機機械,觀察偏多,64.33109630139681,1335.0,0.0553359683794465,1790879125.0,量破5日高、RSI健康,1305.0,1370.0,1305.0,1360.0,-0.0224719101123596,0.0262172284644195,-0.0224719101123596,0.0187265917602996,2026-07-21T12:42:59+00:00
2026-07-20,2026-07-21,2026-07-21,settled,loss,9,2206,三陽工業,twse,汽車工業,觀察偏多,62.09559991843048,64.8,0.0204724409448817,272980337.0,量破5日高、接近20日突破、收在高檔、MACD動能擴大、RSI健康、流動性不足扣分,64.8,65.0,63.9,63.9,0.0,0.0030864197530864,-0.0138888888888888,-0.0138888888888888,2026-07-21T12:42:59+00:00
2026-07-20,2026-07-21,2026-07-21,settled,win,10,2395,研華,twse,電子工業,觀察偏多,61.84698616600791,516.0,0.0058479532163742,1966262917.0,收在高檔、RSI健康,525.0,567.0,519.0,567.0,0.0174418604651163,0.0988372093023255,0.0058139534883721,0.0988372093023255,2026-07-21T12:42:59+00:00
2026-07-20,2026-07-21,2026-07-21,settled,win,11,4763,材料*-KY,twse,化學生技醫療,觀察偏多,61.35759637567136,48.6,0.0716648291069459,607199763.0,量破5日高、收在高檔、RSI健康,49.25,51.4,48.6,50.6,0.0133744855967077,0.0576131687242797,0.0,0.0411522633744856,2026-07-21T12:42:59+00:00
2026-07-20,2026-07-21,2026-07-21,settled,win,12,1736,喬山,twse,運動休閒,觀察偏多,61.32268367821436,135.0,0.0714285714285714,191715341.0,量破5日高、接近20日突破、收在高檔、MACD動能擴大、RSI健康、流動性不足扣分,132.5,142.5,132.5,141.5,-0.0185185185185184,0.0555555555555555,-0.0185185185185184,0.048148148148148,2026-07-21T12:42:59+00:00
2026-07-20,2026-07-21,2026-07-21,settled,tie,13,2834,臺企銀,twse,金融保險,觀察偏多,61.02768177432227,18.0,-0.0027700831024931,847235543.0,量破5日高、RSI健康,17.9,18.1,17.85,18.0,-0.0055555555555556,0.0055555555555555,-0.0083333333333333,0.0,2026-07-21T12:42:59+00:00
2026-07-20,2026-07-21,2026-07-21,settled,win,14,9939,宏全,twse,其他,觀察偏多,60.80189303472154,128.5,0.0239043824701195,326547594.0,收在高檔、MACD動能擴大、RSI健康,128.5,133.0,127.5,132.5,0.0,0.0350194552529183,-0.0077821011673151,0.0311284046692605,2026-07-21T12:42:59+00:00
2026-07-20,2026-07-21,2026-07-21,settled,win,15,2801,彰銀,twse,金融保險,觀察偏多,60.49298906179021,23.85,-0.0020920502092048,874766385.0,量破5日高、RSI健康,23.85,24.3,23.85,24.3,0.0,0.0188679245283018,0.0,0.0188679245283018,2026-07-21T12:42:59+00:00
2026-07-20,2026-07-21,2026-07-21,settled,win,16,3665,貿聯-KY,twse,電子工業,觀察偏多,59.99764092199184,1820.0,0.0311614730878186,6081515040.0,量破5日高、RSI健康,1850.0,2000.0,1825.0,2000.0,0.0164835164835164,0.098901098901099,0.0027472527472527,0.098901098901099,2026-07-21T12:42:59+00:00
2026-07-20,2026-07-21,2026-07-21,settled,win,17,2890,永豐金,twse,金融保險,觀察偏多,59.68686642641249,39.7,-0.0074999999999999,2175086446.0,量破5日高、RSI健康,39.8,40.2,39.2,40.2,0.0025188916876572,0.0125944584382871,-0.0125944584382871,0.0125944584382871,2026-07-21T12:42:59+00:00
2026-07-20,2026-07-21,2026-07-21,settled,win,18,1476,儒鴻,twse,紡織纖維,觀察偏多,59.26104761629911,336.5,0.0089955022488754,931738176.0,量破5日高、RSI健康,338.0,347.5,335.5,343.5,0.0044576523031203,0.0326894502228827,-0.0029717682020802,0.0208023774145615,2026-07-21T12:42:59+00:00
2026-07-20,2026-07-21,2026-07-21,settled,win,19,5880,合庫金,twse,金融保險,中性觀察,57.77178527149341,25.5,0.0059171597633136,787027592.0,量破5日高,25.55,25.9,25.5,25.7,0.0019607843137254,0.0156862745098038,0.0,0.0078431372549019,2026-07-21T12:42:59+00:00
2026-07-20,2026-07-21,2026-07-21,settled,win,20,2377,微星,twse,電腦及週邊設備業,中性觀察,57.58981341548477,141.5,0.0,1856441170.0,收在高檔、RSI健康,143.0,146.0,141.5,146.0,0.0106007067137809,0.0318021201413427,0.0,0.0318021201413427,2026-07-21T12:42:59+00:00
2026-07-20,2026-07-21,2026-07-21,settled,win,21,2880,華南金,twse,金融保險,中性觀察,57.58794757033248,39.9,-0.0062266500622665,1828205009.0,量破5日高、RSI健康、收低於VWAP扣分,39.9,40.8,39.8,40.8,0.0,0.0225563909774435,-0.0025062656641604,0.0225563909774435,2026-07-21T12:42:59+00:00
2026-07-20,2026-07-21,2026-07-21,settled,win,22,5515,建國,twse,建材營造,中性觀察,57.31406980333362,42.75,0.0276442307692308,33264625.0,量破5日高、收在高檔、MACD動能擴大、RSI健康、流動性不足扣分,42.9,44.35,42.9,44.25,0.0035087719298245,0.0374269005847953,0.0035087719298245,0.0350877192982457,2026-07-21T12:42:59+00:00
2026-07-20,2026-07-21,2026-07-21,settled,loss,23,6488,環球晶,tpex,半導體業,中性觀察,57.00271739130434,1265.0,0.0201612903225807,15176727960.0,RSI健康,1270.0,1280.0,1165.0,1205.0,0.0039525691699604,0.0118577075098813,-0.0790513833992094,-0.0474308300395256,2026-07-21T12:42:59+00:00
2026-07-20,2026-07-21,2026-07-21,settled,win,24,2474,可成,twse,其他電子業,中性觀察,56.852388564121306,190.0,0.0187667560321715,1069493456.0,量破5日高、收在高檔、產業相對強,191.0,191.5,188.0,191.0,0.0052631578947368,0.0078947368421051,-0.0105263157894737,0.0052631578947368,2026-07-21T12:42:59+00:00
2026-07-20,2026-07-21,2026-07-21,settled,win,25,3363,上詮,tpex,通信網路業,中性觀察,56.56320500740342,503.0,-0.0019841269841269,1610861371.0,量破5日高、收在高檔,512.0,528.0,504.0,523.0,0.0178926441351887,0.0497017892644136,0.0019880715705764,0.0397614314115308,2026-07-21T12:42:59+00:00
2026-07-20,2026-07-21,2026-07-21,settled,loss,26,4530,宏易,tpex,觀光餐旅,中性觀察,55.323080477930176,26.95,0.0365384615384614,406727.0,量破5日高、收在高檔、MACD動能擴大、RSI健康、流動性不足扣分,25.6,25.9,25.3,25.45,-0.0500927643784785,-0.0389610389610389,-0.0612244897959183,-0.0556586270871984,2026-07-21T12:42:59+00:00
2026-07-20,2026-07-21,2026-07-21,settled,win,27,2345,智邦,twse,電子工業,中性觀察,54.98072250639387,2090.0,0.0,8248378455.0,量破5日高,2150.0,2220.0,2140.0,2220.0,0.0287081339712917,0.062200956937799,0.0239234449760765,0.062200956937799,2026-07-21T12:42:59+00:00
2026-07-20,2026-07-21,2026-07-21,settled,win,28,3653,健策,twse,電子零組件業,中性觀察,54.67398182832409,3200.0,-0.0031152647975077,4772558810.0,量破5日高,3205.0,3520.0,3205.0,3520.0,0.0015624999999999,0.1,0.0015624999999999,0.1,2026-07-21T12:42:59+00:00
2026-07-20,2026-07-21,2026-07-21,settled,win,29,3706,神達,twse,電腦及週邊設備業,中性觀察,54.20705284217476,88.4,0.0011325028312572,866934819.0,收在高檔、RSI健康,89.4,91.3,88.8,91.3,0.01131221719457,0.0328054298642532,0.004524886877828,0.0328054298642532,2026-07-21T12:42:59+00:00
2026-07-20,2026-07-21,2026-07-21,settled,win,30,2376,技嘉,twse,電腦及週邊設備業,中性觀察,54.16215957005599,331.0,0.0184615384615385,2443968446.0,RSI健康,331.0,341.0,330.5,341.0,0.0,0.0302114803625377,-0.0015105740181269,0.0302114803625377,2026-07-21T12:42:59+00:00
2026-07-20,2026-07-21,2026-07-21,settled,win,31,2701,萬企,twse,觀光餐旅,中性觀察,53.900334448160535,10.95,0.0092165898617511,1884248.0,量破5日高、接近20日突破、收在高檔、MACD動能擴大、流動性不足扣分,10.9,11.0,10.85,11.0,-0.004566210045662,0.0045662100456622,-0.0091324200913242,0.0045662100456622,2026-07-21T12:42:59+00:00
2026-07-20,2026-07-21,2026-07-21,settled,loss,32,2530,華建,twse,建材營造,中性觀察,53.77820470951934,20.05,0.0282051282051283,28661918.0,量破5日高、收在高檔、MACD動能擴大、RSI健康、流動性不足扣分,20.0,20.0,19.45,19.45,-0.0024937655860349,-0.0024937655860349,-0.0299251870324189,-0.0299251870324189,2026-07-21T12:42:59+00:00
2026-07-20,2026-07-21,2026-07-21,settled,win,33,6213,聯茂,twse,電子工業,中性觀察,52.68245091164096,322.5,0.0109717868338556,11849413356.0,量破5日高、收低於VWAP扣分,334.0,354.5,334.0,354.5,0.0356589147286821,0.0992248062015503,0.0356589147286821,0.0992248062015503,2026-07-21T12:42:59+00:00
2026-07-20,2026-07-21,2026-07-21,settled,win,34,2634,漢翔,twse,航運業,中性觀察,52.47881306672868,65.0,0.0620915032679738,5716906372.0,RSI健康、收低於VWAP扣分,63.8,71.5,62.6,71.5,-0.0184615384615385,0.1,-0.0369230769230769,0.1,2026-07-21T12:42:59+00:00
2026-07-20,2026-07-21,2026-07-21,settled,win,35,5525,順天,twse,建材營造,中性觀察,51.86381010259901,22.65,0.0389908256880733,5792035.0,量破5日高、收在高檔、MACD動能擴大、流動性不足扣分,22.8,23.9,22.8,23.3,0.0066225165562914,0.0551876379690949,0.0066225165562914,0.0286975717439295,2026-07-21T12:42:59+00:00
2026-07-20,2026-07-21,2026-07-21,settled,win,36,1101,台泥,twse,水泥工業,中性觀察,51.439688285115096,23.8,0.0127659574468086,1038948080.0,量破5日高、MACD動能擴大、RSI健康、長上影扣分、收低於VWAP扣分,24.0,24.2,23.75,24.05,0.0084033613445377,0.0168067226890755,-0.0021008403361344,0.0105042016806722,2026-07-21T12:42:59+00:00
2026-07-20,2026-07-21,2026-07-21,settled,win,37,1712,興農,twse,化學生技醫療,中性觀察,51.43871026671539,39.85,0.0088607594936709,41495623.0,量破5日高、MACD動能擴大、RSI健康、流動性不足扣分,39.85,40.3,39.6,40.05,0.0,0.0112923462986196,-0.0062735257214554,0.0050188205771641,2026-07-21T12:42:59+00:00
2026-07-20,2026-07-21,2026-07-21,settled,tie,38,5546,永固-KY,twse,建材營造,中性觀察,51.123022469857546,17.1,0.0239520958083834,820764.0,量破5日高、收在高檔、MACD動能擴大、RSI健康、流動性不足扣分,17.1,17.1,17.1,17.1,0.0,0.0,0.0,0.0,2026-07-21T12:42:59+00:00
2026-07-20,2026-07-21,2026-07-21,settled,win,39,4994,傳奇,twse,電子工業,中性觀察,51.11576086956518,92.6,0.0032502708559045,2197647.0,量破5日高、收在高檔、MACD動能擴大、RSI健康、流動性不足扣分,91.1,93.6,91.1,93.0,-0.0161987041036717,0.0107991360691144,-0.0161987041036717,0.0043196544276458,2026-07-21T12:42:59+00:00
2026-07-20,2026-07-21,2026-07-21,settled,win,40,3577,泓格,tpex,電腦及週邊設備業,中性觀察,50.7851771536273,143.0,0.1,298406905.0,量破5日高、收在高檔、MACD動能擴大、RSI健康、近漲停過熱扣分、流動性不足扣分,146.5,157.0,138.0,157.0,0.0244755244755243,0.0979020979020979,-0.034965034965035,0.0979020979020979,2026-07-21T12:42:59+00:00
2026-07-20,2026-07-21,2026-07-21,settled,win,41,2892,第一金,twse,金融保險,中性觀察,50.65751278772383,33.95,-0.0043988269794721,1291023305.0,RSI健康,33.9,34.5,33.75,34.45,-0.0014727540500737,0.0162002945508099,-0.0058910162002946,0.0147275405007363,2026-07-21T12:42:59+00:00
2026-07-20,2026-07-21,2026-07-21,settled,win,42,8932,智通*,tpex,數位雲端類,中性觀察,50.61387400059985,116.5,-0.0042735042735042,748824294.0,收在高檔、RSI健康,118.0,119.5,116.0,118.5,0.0128755364806867,0.0257510729613734,-0.0042918454935622,0.0171673819742488,2026-07-21T12:42:59+00:00
2026-07-20,2026-07-21,2026-07-21,settled,win,43,3625,西勝,tpex,電腦及週邊設備業,中性觀察,50.5549885493956,18.35,0.0988023952095809,20974842.0,量破5日高、收在高檔、MACD動能擴大、RSI健康、近漲停過熱扣分、流動性不足扣分,18.25,20.15,18.25,19.0,-0.005449591280654,0.098092643051771,-0.005449591280654,0.0354223433242506,2026-07-21T12:42:59+00:00
2026-07-20,2026-07-21,2026-07-21,settled,loss,44,3532,台勝科,twse,電子工業,中性觀察,50.363842710997446,466.0,0.0990566037735849,5634281076.0,收在高檔、RSI健康、近漲停過熱扣分,470.0,470.0,432.0,433.5,0.0085836909871244,0.0085836909871244,-0.0729613733905579,-0.0697424892703862,2026-07-21T12:42:59+00:00
2026-07-20,2026-07-21,2026-07-21,settled,win,45,2542,興富發,twse,建材營造,中性觀察,50.01730072405174,43.3,0.0,621088687.0,量破5日高、RSI健康,43.6,44.1,43.25,44.1,0.0069284064665127,0.0184757505773673,-0.0011547344110853,0.0184757505773673,2026-07-21T12:42:59+00:00
2026-07-20,2026-07-21,2026-07-21,settled,loss,46,1410,南染,twse,紡織纖維,中性觀察,49.82891819247344,27.6,0.037593984962406,4907112.0,量破5日高、接近20日突破、MACD動能擴大、RSI健康、長上影扣分、流動性不足扣分,27.5,28.25,26.5,26.95,-0.0036231884057971,0.0235507246376811,-0.0398550724637681,-0.0235507246376812,2026-07-21T12:42:59+00:00
2026-07-20,2026-07-21,2026-07-21,settled,win,47,6409,旭隼,twse,電子工業,中性觀察,49.82305825751541,988.0,0.0217166494312306,537394462.0,RSI健康,1000.0,1005.0,973.0,989.0,0.0121457489878542,0.0172064777327936,-0.0151821862348178,0.0010121457489877,2026-07-21T12:42:59+00:00
2026-07-20,2026-07-21,2026-07-21,settled,win,48,6670,復盛應用,twse,運動休閒,中性觀察,49.77221309545844,260.0,0.0019267822736031,146667367.0,量破5日高、收在高檔、RSI健康,260.0,263.5,258.0,261.0,0.0,0.0134615384615384,-0.0076923076923076,0.0038461538461538,2026-07-21T12:42:59+00:00
2026-07-20,2026-07-21,2026-07-21,settled,win,49,2845,遠東銀,twse,金融保險,中性觀察,49.60369620696056,13.3,-0.0074626865671642,236400025.0,量破5日高、RSI健康,13.3,13.5,13.3,13.4,0.0,0.0150375939849622,0.0,0.0075187969924812,2026-07-21T12:42:59+00:00
2026-07-20,2026-07-21,2026-07-21,settled,win,50,5274,信驊,tpex,半導體業,中性觀察,49.39311323815704,12915.0,-0.0027027027027026,6282955330.0,量破5日高,13010.0,14205.0,13010.0,14100.0,0.0073557878435928,0.099883855981417,0.0073557878435928,0.0917537746806038,2026-07-21T12:42:59+00:00
2026-07-20,2026-07-21,2026-07-21,missing,missing,51,5523,豐謙,tpex,建材營造,中性觀察,49.03184190937893,30.4,0.0,1446576.0,量破5日高、接近20日突破、收在高檔、RSI健康、流動性不足扣分,,,,,,,,,2026-07-21T12:42:59+00:00
2026-07-20,2026-07-21,2026-07-21,settled,loss,52,3266,昇陽,twse,建材營造,中性觀察,49.01273633008518,14.1,0.0035587188612098,1724000.0,量破5日高、MACD動能擴大、RSI健康、流動性不足扣分,14.15,14.15,13.95,13.95,0.00354609929078,0.00354609929078,-0.0106382978723404,-0.0106382978723404,2026-07-21T12:42:59+00:00
2026-07-20,2026-07-21,2026-07-21,settled,win,53,5201,凱衛,tpex,資訊服務業,中性觀察,48.94098465473145,27.0,0.0285714285714284,1548099.0,量破5日高、收在高檔、MACD動能擴大、RSI健康、流動性不足扣分,26.7,27.65,26.7,27.15,-0.0111111111111111,0.0240740740740739,-0.0111111111111111,0.0055555555555555,2026-07-21T12:42:59+00:00
2026-07-20,2026-07-21,2026-07-21,settled,win,54,8464,億豐,twse,居家生活,中性觀察,48.89996320643884,360.0,0.0027855153203342,355249039.0,量破5日高、RSI健康、收低於VWAP扣分,362.5,363.5,358.5,363.0,0.0069444444444444,0.0097222222222221,-0.0041666666666666,0.0083333333333333,2026-07-21T12:42:59+00:00
2026-07-20,2026-07-21,2026-07-21,settled,loss,55,1468,昶和,twse,紡織纖維,中性觀察,48.89262030339288,14.95,0.0992647058823528,2038998.0,量破5日高、接近20日突破、收在高檔、MACD動能擴大、近漲停過熱扣分、流動性不足扣分,14.8,14.95,13.55,14.1,-0.0100334448160533,0.0,-0.0936454849498327,-0.0568561872909698,2026-07-21T12:42:59+00:00
2026-07-20,2026-07-21,2026-07-21,settled,win,56,2615,萬海,twse,航運業,中性觀察,48.87138833915622,80.5,0.0125786163522012,1040331639.0,量破5日高、RSI健康、長上影扣分、收低於VWAP扣分,81.8,85.8,81.6,85.2,0.0161490683229812,0.0658385093167701,0.0136645962732917,0.0583850931677019,2026-07-21T12:42:59+00:00
2026-07-20,2026-07-21,2026-07-21,settled,win,57,8039,台虹,twse,電子零組件業,中性觀察,48.81221227621484,193.0,0.0025974025974024,10408964427.0,,196.0,212.0,194.0,212.0,0.0155440414507772,0.0984455958549221,0.005181347150259,0.0984455958549221,2026-07-21T12:42:59+00:00
2026-07-20,2026-07-21,2026-07-21,settled,win,58,2332,友訊,twse,電子工業,中性觀察,48.80630105776821,20.65,0.0073170731707317,562417051.0,RSI健康,21.0,22.7,20.5,22.3,0.016949152542373,0.0992736077481841,-0.0072639225181597,0.079903147699758,2026-07-21T12:42:59+00:00
2026-07-20,2026-07-21,2026-07-21,settled,loss,59,3288,點晶,tpex,電子零組件業,中性觀察,48.71975703324809,29.3,0.0994371482176361,17137107.0,量破5日高、接近20日突破、收在高檔、MACD動能擴大、近漲停過熱扣分、流動性不足扣分,31.3,31.3,26.4,26.45,0.0682593856655289,0.0682593856655289,-0.0989761092150171,-0.0972696245733788,2026-07-21T12:42:59+00:00
2026-07-20,2026-07-21,2026-07-21,settled,loss,60,5548,安倉,tpex,建材營造,中性觀察,48.57801518761165,24.05,0.0062761506276152,3284044.0,量破5日高、MACD動能擴大、RSI健康、流動性不足扣分,21.0,21.2,20.55,20.9,-0.1268191268191268,-0.1185031185031185,-0.1455301455301455,-0.130977130977131,2026-07-21T12:42:59+00:00
2026-07-20,2026-07-21,2026-07-21,settled,win,61,4190,佐登-KY,twse,生技醫療業,中性觀察,48.41902173913042,25.7,0.0178217821782178,1770889.0,量破5日高、收在高檔、MACD動能擴大、RSI健康、流動性不足扣分,25.7,27.2,25.45,27.1,0.0,0.0583657587548638,-0.0097276264591439,0.0544747081712062,2026-07-21T12:42:59+00:00
2026-07-20,2026-07-21,2026-07-21,settled,win,62,4939,亞電,tpex,電子零組件業,中性觀察,48.36262633670684,66.2,0.0996677740863787,1859393262.0,收在高檔、RSI健康、近漲停過熱扣分,67.7,72.8,67.1,72.8,0.0226586102719033,0.0996978851963745,0.0135951661631419,0.0996978851963745,2026-07-21T12:42:59+00:00
2026-07-20,2026-07-21,2026-07-21,settled,win,63,6739,竹陞科技,tpex,其他電子類,中性觀察,47.84298442051726,1160.0,0.0357142857142858,435144780.0,收在高檔、MACD動能擴大、RSI健康,1165.0,1230.0,1155.0,1200.0,0.0043103448275862,0.0603448275862068,-0.0043103448275861,0.0344827586206897,2026-07-21T12:42:59+00:00
2026-07-20,2026-07-21,2026-07-21,settled,win,64,2883,凱基金,twse,金融保險,中性觀察,47.74076086956522,29.55,-0.015,2107155998.0,量破5日高、RSI健康、收低於VWAP扣分,29.8,30.2,29.5,29.7,0.0084602368866328,0.0219966159052453,-0.0016920473773266,0.0050761421319796,2026-07-21T12:42:59+00:00
2026-07-20,2026-07-21,2026-07-21,settled,loss,65,5450,南良,tpex,其他,中性觀察,47.66085716065439,18.75,0.0997067448680351,84692531.0,量破5日高、接近20日突破、收在高檔、MACD動能擴大、近漲停過熱扣分、流動性不足扣分,17.95,20.6,17.9,17.95,-0.0426666666666667,0.0986666666666666,-0.0453333333333334,-0.0426666666666667,2026-07-21T12:42:59+00:00
2026-07-20,2026-07-21,2026-07-21,settled,win,66,5876,上海商銀,twse,金融保險,中性觀察,47.22993803881091,45.55,0.0077433628318583,951337196.0,接近20日突破、MACD動能擴大、長上影扣分,45.5,46.5,45.5,45.65,-0.0010976948408342,0.0208562019758506,-0.0010976948408342,0.0021953896816684,2026-07-21T12:42:59+00:00
2026-07-20,2026-07-21,2026-07-21,settled,win,67,3711,日月光投控,twse,電子工業,中性觀察,46.9969819308037,597.0,-0.0276872964169381,18333992563.0,量破5日高、RSI健康、長上影扣分,610.0,634.0,609.0,633.0,0.0217755443886096,0.0619765494137354,0.0201005025125629,0.0603015075376884,2026-07-21T12:42:59+00:00
2026-07-20,2026-07-21,2026-07-21,settled,win,68,7799,禾榮科,twse,化學生技醫療,中性觀察,46.820120219362536,420.5,0.0120336943441636,259935027.0,RSI健康,420.5,443.5,420.5,425.0,0.0,0.0546967895362664,0.0,0.0107015457788346,2026-07-21T12:42:59+00:00
2026-07-20,2026-07-21,2026-07-21,settled,win,69,5434,崇越,twse,電子工業,中性觀察,46.53519820971867,544.0,-0.0320284697508896,1090650837.0,RSI健康,542.0,555.0,532.0,547.0,-0.0036764705882352,0.0202205882352941,-0.0220588235294117,0.005514705882353,2026-07-21T12:42:59+00:00
2026-07-20,2026-07-21,2026-07-21,settled,loss,70,6952,大武山,twse,其他,中性觀察,46.04439258312016,35.8,0.0013986013986013,1246409.0,量破5日高、收在高檔、MACD動能擴大、RSI健康、流動性不足扣分,35.1,35.8,34.95,35.75,-0.0195530726256981,0.0,-0.0237430167597764,-0.0013966480446926,2026-07-21T12:42:59+00:00
2026-07-20,2026-07-21,2026-07-21,settled,tie,71,4754,國碳科,tpex,化學工業,中性觀察,46.01272378516624,36.95,0.0068119891008173,2681110.0,量破5日高、收在高檔、MACD動能擴大、RSI健康、流動性不足扣分,37.0,37.1,36.85,36.95,0.0013531799729362,0.0040595399188092,-0.0027063599458728,0.0,2026-07-21T12:42:59+00:00
2026-07-20,2026-07-21,2026-07-21,settled,win,72,2383,台光電,twse,電子工業,中性觀察,45.72313736707498,4395.0,-0.0222469410456062,14161004110.0,量破5日高,4605.0,4830.0,4560.0,4830.0,0.0477815699658703,0.0989761092150169,0.0375426621160408,0.0989761092150169,2026-07-21T12:42:59+00:00
2026-07-20,2026-07-21,2026-07-21,settled,win,73,2610,華航,twse,航運業,中性觀察,45.20114779103923,20.95,0.0096385542168675,765065424.0,收在高檔,21.1,21.6,21.1,21.45,0.0071599045346062,0.0310262529832936,0.0071599045346062,0.0238663484486874,2026-07-21T12:42:59+00:00
2026-07-20,2026-07-21,2026-07-21,settled,win,74,3163,波若威,tpex,通信網路業,中性觀察,45.194217496408925,622.0,-0.0460122699386502,2266866892.0,量破5日高,631.0,664.0,626.0,664.0,0.0144694533762057,0.067524115755627,0.0064308681672025,0.067524115755627,2026-07-21T12:42:59+00:00
2026-07-20,2026-07-21,2026-07-21,settled,win,75,6542,隆中,tpex,文化創意業,中性觀察,45.159271099744245,47.5,0.0674157303370786,879400.0,收在高檔、MACD動能擴大、RSI健康、流動性不足扣分,48.9,48.9,47.2,47.6,0.0294736842105263,0.0294736842105263,-0.0063157894736841,0.0021052631578948,2026-07-21T12:42:59+00:00
2026-07-20,2026-07-21,2026-07-21,settled,tie,76,6191,精成科,twse,電子零組件業,中性觀察,45.09838770996061,90.5,0.01457399103139,632410829.0,收在高檔,91.3,91.4,89.9,90.5,0.0088397790055247,0.0099447513812154,-0.0066298342541435,0.0,2026-07-21T12:42:59+00:00
2026-07-20,2026-07-21,2026-07-21,settled,win,77,3276,宇環,tpex,電子零組件業,中性觀察,45.02230127493722,16.95,0.0593749999999999,16622843.0,量破5日高、RSI健康、流動性不足扣分,17.35,18.35,16.85,18.3,0.0235988200589971,0.0825958702064897,-0.0058997050147491,0.0796460176991151,2026-07-21T12:42:59+00:00
2026-07-20,2026-07-21,2026-07-21,settled,win,78,6285,啟碁,twse,通信網路業,低優先,44.87332077537021,235.0,0.0021321961620468,2087053768.0,RSI健康,238.5,245.0,237.0,245.0,0.0148936170212765,0.0425531914893617,0.0085106382978723,0.0425531914893617,2026-07-21T12:42:59+00:00
2026-07-20,2026-07-21,2026-07-21,settled,win,79,2546,根基,twse,建材營造,低優先,44.81227814358548,96.9,0.008324661810614,22400941.0,接近20日突破、MACD動能擴大、RSI健康、流動性不足扣分,95.8,98.3,95.8,97.8,-0.0113519091847266,0.0144478844169246,-0.0113519091847266,0.0092879256965943,2026-07-21T12:42:59+00:00
2026-07-20,2026-07-21,2026-07-21,settled,win,80,4931,新盛力,tpex,電腦及週邊設備業,低優先,44.73015287142525,202.5,0.0175879396984923,725439523.0,收在高檔,204.0,212.0,200.5,209.0,0.0074074074074073,0.0469135802469136,-0.0098765432098765,0.0320987654320987,2026-07-21T12:42:59+00:00
2026-07-20,2026-07-21,2026-07-21,settled,win,81,3036,文曄,twse,電子工業,低優先,44.65178385757813,187.0,-0.0079575596816976,2975553791.0,量破5日高,188.0,197.0,186.5,196.0,0.0053475935828877,0.053475935828877,-0.0026737967914438,0.0481283422459892,2026-07-21T12:42:59+00:00
2026-07-20,2026-07-21,2026-07-21,settled,win,82,1558,伸興,twse,電機機械,低優先,44.01948757763972,94.3,0.0128893662728248,58427094.0,量破5日高、接近20日突破、MACD動能擴大、收低於VWAP扣分、流動性不足扣分,94.3,96.0,93.9,94.7,0.0,0.0180275715800637,-0.0042417815482501,0.0042417815482502,2026-07-21T12:42:59+00:00
2026-07-20,2026-07-21,2026-07-21,settled,win,83,2645,長榮航太,twse,航運業,低優先,43.57704603580562,208.0,-0.0392609699769053,2667632456.0,量破5日高、RSI健康、長上影扣分、收低於VWAP扣分,205.5,219.0,201.0,215.0,-0.0120192307692307,0.0528846153846154,-0.0336538461538461,0.0336538461538462,2026-07-21T12:42:59+00:00
2026-07-20,2026-07-21,2026-07-21,settled,loss,84,4171,瑞基,tpex,農業科技業,低優先,43.03084334044122,19.6,0.0652173913043479,68357173.0,量破5日高、接近20日突破、MACD動能擴大、收低於VWAP扣分、流動性不足扣分,19.0,19.35,18.4,18.45,-0.0306122448979592,-0.0127551020408163,-0.0612244897959185,-0.0586734693877551,2026-07-21T12:42:59+00:00
2026-07-20,2026-07-21,2026-07-21,settled,win,85,3081,聯亞,tpex,通信網路業,低優先,42.71193405681897,1435.0,-0.0304054054054053,3643972965.0,量破5日高,1495.0,1530.0,1430.0,1515.0,0.0418118466898955,0.0662020905923344,-0.0034843205574912,0.0557491289198606,2026-07-21T12:42:59+00:00
2026-07-20,2026-07-21,2026-07-21,settled,loss,86,2885,元大金,twse,金融保險,低優先,42.41288363171356,62.9,-0.0323076923076923,3495654839.0,量破5日高、收低於VWAP扣分,60.5,61.3,59.9,61.3,-0.0381558028616851,-0.0254372019077901,-0.0476947535771065,-0.0254372019077901,2026-07-21T12:42:59+00:00
2026-07-20,2026-07-21,2026-07-21,settled,win,87,8096,擎亞,tpex,電子通路業,低優先,42.35572250639386,128.0,0.0,247309268.0,收在高檔,133.0,140.0,133.0,140.0,0.0390625,0.09375,0.0390625,0.09375,2026-07-21T12:42:59+00:00
2026-07-20,2026-07-21,2026-07-21,settled,win,88,6166,凌華,twse,電腦及週邊設備業,低優先,42.04689596570992,120.0,0.0041841004184099,245400105.0,量破5日高,120.5,132.0,120.5,132.0,0.0041666666666666,0.1,0.0041666666666666,0.1,2026-07-21T12:42:59+00:00
2026-07-20,2026-07-21,2026-07-21,settled,loss,89,1707,葡萄王,twse,化學生技醫療,低優先,41.96523758244719,92.7,0.0198019801980198,50214537.0,量破5日高、收在高檔、MACD動能擴大、RSI健康、流動性不足扣分,92.7,93.5,91.4,91.4,0.0,0.0086299892125134,-0.0140237324703343,-0.0140237324703343,2026-07-21T12:42:59+00:00
2026-07-20,2026-07-21,2026-07-21,settled,win,90,8033,雷虎,twse,其他,低優先,41.85572250639387,204.5,-0.0662100456621004,5921446203.0,量破5日高、RSI健康、長上影扣分、收低於VWAP扣分,206.5,222.0,201.0,214.0,0.0097799511002445,0.0855745721271392,-0.0171149144254278,0.0464547677261613,2026-07-21T12:42:59+00:00
2026-07-20,2026-07-21,2026-07-21,settled,win,91,4991,環宇-KY,tpex,半導體業,低優先,41.795071678557,348.0,-0.0333333333333333,1615306850.0,量破5日高,365.0,382.5,358.0,382.5,0.0488505747126437,0.0991379310344826,0.028735632183908,0.0991379310344826,2026-07-21T12:42:59+00:00
2026-07-20,2026-07-21,2026-07-21,settled,loss,92,9934,成霖,twse,居家生活,低優先,41.64032243332117,10.85,0.0235849056603774,18647384.0,MACD動能擴大、RSI健康、流動性不足扣分,10.9,10.9,10.75,10.8,0.0046082949308756,0.0046082949308756,-0.0092165898617511,-0.0046082949308754,2026-07-21T12:42:59+00:00
2026-07-20,2026-07-21,2026-07-21,settled,win,93,2382,廣達,twse,電子工業,低優先,41.63570971867008,316.0,-0.0291858678955453,11350929340.0,量破5日高,319.5,324.0,314.0,324.0,0.0110759493670886,0.0253164556962024,-0.0063291139240506,0.0253164556962024,2026-07-21T12:42:59+00:00
2026-07-20,2026-07-21,2026-07-21,settled,win,94,2527,宏璟,twse,建材營造,低優先,41.631638023102205,50.4,0.0478170478170476,166732801.0,接近20日突破、收在高檔、MACD動能擴大、流動性不足扣分,50.4,52.0,49.3,50.5,0.0,0.0317460317460318,-0.0218253968253968,0.0019841269841269,2026-07-21T12:42:59+00:00
2026-07-20,2026-07-21,2026-07-21,settled,win,95,4749,新應材,tpex,半導體業,低優先,41.43846983761569,811.0,0.0175658720200753,738893353.0,收在高檔,820.0,825.0,809.0,816.0,0.0110974106041923,0.0172626387176324,-0.0024660912453761,0.0061652281134401,2026-07-21T12:42:59+00:00
2026-07-20,2026-07-21,2026-07-21,settled,win,96,6214,精誠,twse,資訊服務業,低優先,41.36244914247506,137.5,0.0036496350364962,128370395.0,RSI健康,138.5,141.5,137.0,141.5,0.0072727272727273,0.029090909090909,-0.0036363636363636,0.029090909090909,2026-07-21T12:42:59+00:00
2026-07-20,2026-07-21,2026-07-21,settled,win,97,1708,東鹼,twse,化學工業,低優先,41.32202881844744,52.5,0.0,286141324.0,RSI健康,52.7,53.5,51.9,53.3,0.0038095238095239,0.0190476190476189,-0.0114285714285714,0.0152380952380952,2026-07-21T12:42:59+00:00
2026-07-20,2026-07-21,2026-07-21,settled,win,98,8905,裕國,tpex,其他,低優先,41.05124680306905,29.95,0.032758620689655,312645.0,收在高檔、MACD動能擴大、RSI健康、流動性不足扣分,29.95,31.0,29.95,31.0,0.0,0.0350584307178631,0.0,0.0350584307178631,2026-07-21T12:42:59+00:00
2026-07-20,2026-07-21,2026-07-21,settled,loss,99,3413,京鼎,twse,電子工業,低優先,41.05102657004831,359.0,-0.0323450134770889,1808613550.0,,358.0,361.0,327.0,335.0,-0.0027855153203342,0.0055710306406684,-0.0891364902506963,-0.0668523676880222,2026-07-21T12:42:59+00:00
2026-07-20,2026-07-21,2026-07-21,settled,win,100,9958,世紀鋼,twse,鋼鐵工業,低優先,40.89613221843757,113.0,0.018018018018018,149401601.0,收在高檔、RSI健康,112.5,116.5,112.5,115.0,-0.0044247787610619,0.0309734513274335,-0.0044247787610619,0.0176991150442478,2026-07-21T12:42:59+00:00
2026-07-21,2026-07-22,2026-07-22,settled,loss,1,3706,神達,twse,電腦及週邊設備業,偏多,88.35996283956945,91.3,0.0328054298642532,1326816372.0,量破5日高、收在高檔、MACD動能擴大、RSI健康、產業相對強,92.7,92.7,91.0,91.2,0.0153340635268346,0.0153340635268346,-0.0032858707557502,-0.0010952902519166,2026-07-22T12:45:19+00:00
2026-07-21,2026-07-22,2026-07-22,settled,loss,2,2615,萬海,twse,航運業,偏多,87.40803214910446,85.2,0.0583850931677019,2221105312.0,量破5日高、接近20日突破、收在高檔、MACD動能擴大、RSI健康,85.2,87.4,84.8,85.1,0.0,0.0258215962441314,-0.0046948356807512,-0.0011737089201878,2026-07-22T12:45:19+00:00
2026-07-21,2026-07-22,2026-07-22,settled,win,3,2357,華碩,twse,電腦及週邊設備業,偏多,85.95177272345438,736.0,0.069767441860465,4014873375.0,量破5日高、收在高檔、MACD動能擴大、RSI健康、產業相對強,740.0,772.0,740.0,757.0,0.0054347826086955,0.0489130434782609,0.0054347826086955,0.0285326086956521,2026-07-22T12:45:19+00:00
2026-07-21,2026-07-22,2026-07-22,settled,win,4,2603,長榮,twse,航運業,偏多,84.38007416113052,203.0,0.0357142857142858,3889390249.0,量破5日高、接近20日突破、MACD動能擴大,204.0,208.5,204.0,206.0,0.0049261083743843,0.0270935960591132,0.0049261083743843,0.0147783251231528,2026-07-22T12:45:19+00:00
2026-07-21,2026-07-22,2026-07-22,settled,loss,5,3653,健策,twse,電子零組件業,偏多,76.67159431375255,3520.0,0.1,6928750525.0,量破5日高、收在高檔、MACD動能擴大、RSI健康、產業相對強、近漲停過熱扣分,3545.0,3615.0,3405.0,3500.0,0.0071022727272727,0.0269886363636364,-0.0326704545454545,-0.0056818181818182,2026-07-22T12:45:19+00:00
2026-07-21,2026-07-22,2026-07-22,settled,win,6,2059,川湖,twse,電子工業,偏多,75.71344182470527,7975.0,0.0290322580645161,8109519140.0,量破5日高、收在高檔、RSI健康,8370.0,8495.0,8060.0,8125.0,0.0495297805642633,0.0652037617554859,0.0106583072100312,0.0188087774294671,2026-07-22T12:45:19+00:00
2026-07-21,2026-07-22,2026-07-22,settled,win,7,2395,研華,twse,電子工業,偏多,75.59514351614557,567.0,0.0988372093023255,2432596807.0,量破5日高、收在高檔、MACD動能擴大、近漲停過熱扣分,589.0,618.0,584.0,596.0,0.0388007054673722,0.08994708994709,0.0299823633156965,0.0511463844797177,2026-07-22T12:45:19+00:00
2026-07-21,2026-07-22,2026-07-22,settled,loss,8,3005,神基,twse,電子工業,偏多,75.49180177930234,116.5,0.0639269406392695,1191661105.0,量破5日高、MACD動能擴大,115.5,118.5,114.0,114.5,-0.0085836909871244,0.0171673819742488,-0.0214592274678111,-0.0171673819742489,2026-07-22T12:45:19+00:00
2026-07-21,2026-07-22,2026-07-22,settled,loss,9,4939,亞電,tpex,電子零組件業,偏多,75.29958607417664,72.8,0.0996978851963745,2583735497.0,量破5日高、接近20日突破、收在高檔、MACD動能擴大、RSI健康、產業相對強、近漲停過熱扣分,76.9,78.2,70.3,70.9,0.0563186813186813,0.0741758241758243,-0.0343406593406593,-0.026098901098901,2026-07-22T12:45:19+00:00
2026-07-21,2026-07-22,2026-07-22,settled,win,10,2801,彰銀,twse,金融保險,偏多,74.54979329543217,24.3,0.0188679245283018,954073101.0,量破5日高、接近20日突破、收在高檔、RSI健康,24.2,24.65,24.2,24.65,-0.0041152263374486,0.0144032921810699,-0.0041152263374486,0.0144032921810699,2026-07-22T12:45:19+00:00
2026-07-21,2026-07-22,2026-07-22,settled,win,11,2880,華南金,twse,金融保險,觀察偏多,71.76422972238116,40.8,0.0225563909774435,896244433.0,接近20日突破、收在高檔、MACD動能擴大、RSI健康,40.2,41.25,39.85,41.25,-0.014705882352941,0.0110294117647058,-0.0232843137254901,0.0110294117647058,2026-07-22T12:45:19+00:00
2026-07-21,2026-07-22,2026-07-22,settled,loss,12,2634,漢翔,twse,航運業,觀察偏多,71.00674654023578,71.5,0.1,6434076397.0,接近20日突破、收在高檔、MACD動能擴大、近漲停過熱扣分,73.0,75.3,64.4,64.4,0.020979020979021,0.053146853146853,-0.0993006993006991,-0.0993006993006991,2026-07-22T12:45:19+00:00
2026-07-21,2026-07-22,2026-07-22,settled,win,13,6414,樺漢,twse,電子工業,觀察偏多,70.58758132511863,445.5,0.1,2233065356.0,量破5日高、接近20日突破、收在高檔、MACD動能擴大、近漲停過熱扣分,470.0,490.0,457.5,490.0,0.0549943883277217,0.0998877665544333,0.026936026936027,0.0998877665544333,2026-07-22T12:45:19+00:00
2026-07-21,2026-07-22,2026-07-22,settled,win,14,2890,永豐金,twse,金融保險,觀察偏多,70.32619169656587,40.2,0.0125944584382871,2270927394.0,量破5日高、收在高檔、RSI健康,40.05,40.6,39.7,40.4,-0.0037313432835822,0.0099502487562188,-0.0124378109452736,0.0049751243781093,2026-07-22T12:45:19+00:00
2026-07-21,2026-07-22,2026-07-22,settled,loss,15,5871,中租-KY,twse,其他,觀察偏多,68.27009428062743,123.5,0.0081632653061225,1663956389.0,接近20日突破、收在高檔、MACD動能擴大、RSI健康,123.0,124.5,121.0,123.0,-0.0040485829959514,0.0080971659919029,-0.020242914979757,-0.0040485829959514,2026-07-22T12:45:19+00:00
2026-07-21,2026-07-22,2026-07-22,settled,loss,16,2884,玉山金,twse,金融保險,觀察偏多,67.9909576980188,36.95,0.0306834030683402,2435107801.0,接近20日突破、收在高檔、MACD動能擴大,36.75,37.2,36.05,36.05,-0.0054127198917456,0.006765899864682,-0.0243572395128554,-0.0243572395128554,2026-07-22T12:45:19+00:00
2026-07-21,2026-07-22,2026-07-22,settled,loss,17,3276,宇環,tpex,電子零組件業,觀察偏多,67.3662511295738,18.3,0.0796460176991151,33150430.0,量破5日高、接近20日突破、收在高檔、MACD動能擴大、RSI健康、產業相對強、流動性不足扣分,18.6,18.7,17.2,17.95,0.0163934426229508,0.0218579234972677,-0.0601092896174864,-0.0191256830601094,2026-07-22T12:45:19+00:00
2026-07-21,2026-07-22,2026-07-22,settled,win,18,6223,旺矽,tpex,半導體業,觀察偏多,66.21905738205072,5875.0,0.0769935838680109,8591991550.0,量破5日高、收在高檔、RSI健康、產業相對強,6065.0,6210.0,5900.0,6000.0,0.0323404255319148,0.0570212765957447,0.004255319148936,0.0212765957446807,2026-07-22T12:45:19+00:00
2026-07-21,2026-07-22,2026-07-22,settled,win,19,2609,陽明,twse,航運業,觀察偏多,64.8746348026653,50.9,0.0387755102040816,1409710770.0,RSI健康,51.0,51.9,50.7,51.4,0.0019646365422396,0.0196463654223968,-0.0039292730844793,0.0098231827111985,2026-07-22T12:45:19+00:00
2026-07-21,2026-07-22,2026-07-22,settled,win,20,1326,台化,twse,塑膠工業,觀察偏多,64.36418065793744,68.6,0.0685358255451711,5086559582.0,MACD動能擴大、RSI健康,68.8,73.5,68.3,70.6,0.0029154518950438,0.0714285714285716,-0.0043731778425655,0.0291545189504374,2026-07-22T12:45:19+00:00
2026-07-21,2026-07-22,2026-07-22,settled,win,21,8039,台虹,twse,電子零組件業,觀察偏多,63.75248590466428,212.0,0.0984455958549221,2715567040.0,接近20日突破、收在高檔、MACD動能擴大、產業相對強、近漲停過熱扣分,226.5,233.0,219.0,233.0,0.0683962264150943,0.0990566037735849,0.0330188679245282,0.0990566037735849,2026-07-22T12:45:19+00:00
2026-07-21,2026-07-22,2026-07-22,settled,win,22,2377,微星,twse,電腦及週邊設備業,觀察偏多,63.26770246027678,146.0,0.0318021201413427,1400285424.0,收在高檔、RSI健康、產業相對強,149.0,157.5,148.0,155.0,0.0205479452054795,0.0787671232876712,0.0136986301369863,0.0616438356164383,2026-07-22T12:45:19+00:00
2026-07-21,2026-07-22,2026-07-22,settled,win,23,2376,技嘉,twse,電腦及週邊設備業,觀察偏多,63.0770310097386,341.0,0.0302114803625377,1653724782.0,收在高檔、RSI健康、產業相對強,343.0,350.0,342.5,348.0,0.0058651026392961,0.0263929618768328,0.0043988269794721,0.0205278592375366,2026-07-22T12:45:19+00:00
2026-07-21,2026-07-22,2026-07-22,settled,win,24,2317,鴻海,twse,其他電子業,觀察偏多,62.97048090205419,246.0,0.0490405117270789,12544250590.0,收在高檔、MACD動能擴大、RSI健康,249.0,259.0,248.0,251.5,0.0121951219512195,0.0528455284552844,0.0081300813008129,0.0223577235772358,2026-07-22T12:45:19+00:00
2026-07-21,2026-07-22,2026-07-22,settled,win,25,2606,裕民,twse,航運業,觀察偏多,62.34058022200576,63.0,0.0227272727272727,319188597.0,量破5日高、MACD動能擴大、RSI健康,63.5,64.7,63.4,64.1,0.0079365079365079,0.0269841269841271,0.0063492063492063,0.0174603174603174,2026-07-22T12:45:19+00:00
2026-07-21,2026-07-22,2026-07-22,settled,loss,26,2886,兆豐金,twse,金融保險,觀察偏多,62.03143955947405,48.6,0.0082987551867219,1540378013.0,接近20日突破、MACD動能擴大,47.9,49.05,47.65,48.2,-0.01440329218107,0.009259259259259,-0.0195473251028807,-0.008230452674897,2026-07-22T12:45:19+00:00
2026-07-21,2026-07-22,2026-07-22,settled,loss,27,2892,第一金,twse,金融保險,觀察偏多,61.508696661968266,34.45,0.0147275405007363,1383813110.0,接近20日突破、收在高檔、RSI健康,34.05,34.75,34.05,34.4,-0.0116110304789551,0.0087082728592162,-0.0116110304789551,-0.0014513788098694,2026-07-22T12:45:19+00:00
2026-07-21,2026-07-22,2026-07-22,settled,loss,28,2208,台船,twse,航運業,觀察偏多,61.50219207084197,21.35,0.0595533498759306,289811692.0,MACD動能擴大、RSI健康,21.0,21.7,20.05,20.1,-0.0163934426229508,0.0163934426229506,-0.0608899297423888,-0.0585480093676814,2026-07-22T12:45:19+00:00
2026-07-21,2026-07-22,2026-07-22,settled,win,29,2324,仁寶,twse,電腦及週邊設備業,觀察偏多,61.340039981383136,36.0,0.0465116279069768,1117330878.0,收在高檔、RSI健康、產業相對強,36.45,37.0,36.05,36.2,0.0125000000000001,0.0277777777777776,0.0013888888888888,0.0055555555555555,2026-07-22T12:45:19+00:00
2026-07-21,2026-07-22,2026-07-22,settled,win,30,3702,大聯大,twse,電子工業,觀察偏多,61.284943618657095,111.5,0.0469483568075117,885298874.0,收在高檔、RSI健康,112.5,118.0,112.5,118.0,0.0089686098654708,0.0582959641255604,0.0089686098654708,0.0582959641255604,2026-07-22T12:45:19+00:00
2026-07-21,2026-07-22,2026-07-22,settled,loss,31,8033,雷虎,twse,其他,觀察偏多,61.07661089551146,214.0,0.0464547677261613,4714509282.0,RSI健康,214.5,214.5,193.0,196.5,0.0023364485981307,0.0023364485981307,-0.0981308411214952,-0.0817757009345794,2026-07-22T12:45:19+00:00
2026-07-21,2026-07-22,2026-07-22,settled,loss,32,5371,中光電,tpex,光電業,觀察偏多,60.93356671593578,89.5,0.0680190930787589,3467147043.0,RSI健康、產業相對強,89.6,92.0,82.6,86.0,0.001117318435754,0.0279329608938547,-0.0770949720670391,-0.0391061452513966,2026-07-22T12:45:19+00:00
2026-07-21,2026-07-22,2026-07-22,settled,loss,33,3533,嘉澤,twse,電子零組件業,觀察偏多,60.64252605025172,2030.0,0.0656167979002624,1417430390.0,收在高檔、MACD動能擴大、RSI健康、產業相對強,2040.0,2055.0,1985.0,2010.0,0.0049261083743843,0.0123152709359606,-0.022167487684729,-0.0098522167487684,2026-07-22T12:45:19+00:00
2026-07-21,2026-07-22,2026-07-22,settled,win,34,3605,宏致,twse,電子零組件業,觀察偏多,60.57639972118336,84.4,0.0989583333333334,550683452.0,收在高檔、RSI健康、產業相對強、近漲停過熱扣分,85.9,92.8,85.6,92.8,0.0177725118483411,0.0995260663507107,0.0142180094786728,0.0995260663507107,2026-07-22T12:45:19+00:00
2026-07-21,2026-07-22,2026-07-22,settled,win,35,3479,安勤,tpex,電腦及週邊設備業,觀察偏多,60.15574166486168,148.5,0.1,452936711.0,量破5日高、收在高檔、RSI健康、產業相對強、近漲停過熱扣分,152.5,162.0,149.0,150.0,0.026936026936027,0.0909090909090908,0.0033670033670034,0.0101010101010101,2026-07-22T12:45:19+00:00
2026-07-21,2026-07-22,2026-07-22,settled,tie,36,6533,晶心科,twse,電子工業,觀察偏多,59.84783143749863,234.5,0.0151515151515151,996505997.0,量破5日高、MACD動能擴大,233.5,242.0,233.5,234.5,-0.0042643923240938,0.0319829424307036,-0.0042643923240938,0.0,2026-07-22T12:45:19+00:00
2026-07-21,2026-07-22,2026-07-22,settled,loss,37,4763,材料*-KY,twse,化學生技醫療,觀察偏多,59.4385784451156,50.6,0.0411522633744856,937847732.0,量破5日高、RSI健康,50.8,53.5,50.0,50.3,0.0039525691699604,0.0573122529644267,-0.0118577075098814,-0.0059288537549407,2026-07-22T12:45:19+00:00
2026-07-21,2026-07-22,2026-07-22,settled,loss,38,3026,禾伸堂,twse,電子零組件業,觀察偏多,59.30858291849772,682.0,0.0982286634460547,13713318310.0,量破5日高、收在高檔、產業相對強、近漲停過熱扣分,708.0,708.0,660.0,663.0,0.0381231671554251,0.0381231671554251,-0.032258064516129,-0.0278592375366568,2026-07-22T12:45:19+00:00
2026-07-21,2026-07-22,2026-07-22,settled,loss,39,2704,國賓,twse,觀光餐旅,觀察偏多,58.72189132897874,46.65,0.0298013245033113,11086354.0,量破5日高、接近20日突破、收在高檔、MACD動能擴大、流動性不足扣分,47.7,47.7,45.65,46.2,0.022508038585209,0.022508038585209,-0.0214362272240086,-0.0096463022508037,2026-07-22T12:45:19+00:00
2026-07-21,2026-07-22,2026-07-22,settled,loss,40,1736,喬山,twse,運動休閒,觀察偏多,58.64049846232702,141.5,0.048148148148148,217178630.0,量破5日高、接近20日突破、收在高檔、MACD動能擴大、RSI健康、流動性不足扣分,138.5,142.5,136.0,136.5,-0.0212014134275618,0.0070671378091873,-0.03886925795053,-0.0353356890459364,2026-07-22T12:45:19+00:00
2026-07-21,2026-07-22,2026-07-22,settled,win,41,8046,南電,twse,電子工業,觀察偏多,58.38607518826637,1190.0,0.0769230769230768,20134204665.0,RSI健康,1255.0,1305.0,1215.0,1305.0,0.0546218487394958,0.0966386554621849,0.0210084033613444,0.0966386554621849,2026-07-22T12:45:19+00:00
2026-07-21,2026-07-22,2026-07-22,settled,win,42,2327,國巨*,twse,電子零組件業,觀察偏多,58.15914061165215,670.0,0.0634920634920634,62257032314.0,量破5日高、收在高檔、產業相對強,713.0,730.0,676.0,703.0,0.0641791044776118,0.0895522388059701,0.0089552238805969,0.0492537313432834,2026-07-22T12:45:19+00:00
2026-07-21,2026-07-22,2026-07-22,settled,loss,43,9939,宏全,twse,其他,中性觀察,57.96756468739278,132.5,0.0311284046692605,348916135.0,收在高檔、MACD動能擴大、RSI健康,133.0,134.0,130.5,132.0,0.0037735849056603,0.0113207547169811,-0.0150943396226415,-0.0037735849056603,2026-07-22T12:45:19+00:00
2026-07-21,2026-07-22,2026-07-22,settled,win,44,3665,貿聯-KY,twse,電子工業,中性觀察,57.7467506409791,2000.0,0.098901098901099,5024101235.0,收在高檔、MACD動能擴大、RSI健康、近漲停過熱扣分,2060.0,2195.0,2040.0,2115.0,0.03,0.0974999999999999,0.02,0.0575000000000001,2026-07-22T12:45:19+00:00
2026-07-21,2026-07-22,2026-07-22,settled,loss,45,3577,泓格,tpex,電腦及週邊設備業,中性觀察,57.56270502306508,157.0,0.0979020979020979,723646755.0,量破5日高、接近20日突破、收在高檔、MACD動能擴大、RSI健康、產業相對強、近漲停過熱扣分、流動性不足扣分,157.0,169.0,150.0,152.0,0.0,0.0764331210191082,-0.0445859872611464,-0.0318471337579617,2026-07-22T12:45:19+00:00
2026-07-21,2026-07-22,2026-07-22,settled,loss,46,2645,長榮航太,twse,航運業,中性觀察,57.52513881770032,215.0,0.0336538461538462,1911836950.0,RSI健康,215.0,220.5,193.5,195.0,0.0,0.0255813953488373,-0.0999999999999999,-0.0930232558139535,2026-07-22T12:45:19+00:00
2026-07-21,2026-07-22,2026-07-22,settled,loss,47,5515,建國,twse,建材營造,中性觀察,57.4776795693268,44.25,0.0350877192982457,49185249.0,量破5日高、接近20日突破、收在高檔、MACD動能擴大、流動性不足扣分,44.6,45.25,41.55,41.9,0.0079096045197739,0.0225988700564971,-0.0610169491525424,-0.0531073446327683,2026-07-22T12:45:19+00:00
2026-07-21,2026-07-22,2026-07-22,settled,win,48,6196,帆宣,twse,其他電子業,中性觀察,57.47601870835469,540.0,0.0424710424710423,683359294.0,收在高檔、RSI健康,554.0,561.0,545.0,548.0,0.0259259259259259,0.0388888888888889,0.0092592592592593,0.0148148148148148,2026-07-22T12:45:19+00:00
2026-07-21,2026-07-22,2026-07-22,settled,loss,49,5288,豐祥-KY,twse,電機機械,中性觀察,57.4597697187821,197.0,0.0563002680965147,119209299.0,量破5日高、接近20日突破、MACD動能擴大、流動性不足扣分,200.0,200.0,193.0,194.0,0.015228426395939,0.015228426395939,-0.0203045685279187,-0.0152284263959391,2026-07-22T12:45:19+00:00
2026-07-21,2026-07-22,2026-07-22,settled,loss,50,2630,亞航,twse,航運業,中性觀察,57.00551235519984,58.9,0.0988805970149253,577357564.0,收在高檔、MACD動能擴大、RSI健康、近漲停過熱扣分,59.2,61.2,53.1,53.2,0.00509337860781,0.0390492359932088,-0.0984719864176569,-0.096774193548387,2026-07-22T12:45:19+00:00
2026-07-21,2026-07-22,2026-07-22,settled,win,51,8261,富鼎,twse,半導體業,中性觀察,56.91504751015259,243.5,0.0633187772925765,557149623.0,RSI健康、產業相對強,254.0,266.0,248.5,254.0,0.0431211498973305,0.0924024640657084,0.0205338809034907,0.0431211498973305,2026-07-22T12:45:19+00:00
2026-07-21,2026-07-22,2026-07-22,settled,win,52,3374,精材,tpex,半導體業,中性觀察,56.91389031266017,380.0,0.0998552821997105,7012864341.0,收在高檔、RSI健康、產業相對強、近漲停過熱扣分,395.5,418.0,387.5,418.0,0.0407894736842104,0.1,0.019736842105263,0.1,2026-07-22T12:45:19+00:00
2026-07-21,2026-07-22,2026-07-22,settled,loss,53,4916,事欣科,twse,電腦及週邊設備業,中性觀察,56.463499487442334,107.0,0.0951893551688842,471440831.0,收在高檔、RSI健康、產業相對強、近漲停過熱扣分,109.0,112.5,106.0,106.5,0.0186915887850467,0.0514018691588784,-0.0093457943925233,-0.0046728971962616,2026-07-22T12:45:19+00:00
2026-07-21,2026-07-22,2026-07-22,settled,loss,54,2330,台積電,twse,電子工業,中性觀察,56.22443618657099,2410.0,0.0387931034482758,75429747048.0,收在高檔、RSI健康,2440.0,2445.0,2385.0,2400.0,0.0124481327800829,0.0145228215767634,-0.0103734439834024,-0.0041493775933609,2026-07-22T12:45:19+00:00
2026-07-21,2026-07-22,2026-07-22,settled,win,55,2364,倫飛,twse,電腦及週邊設備業,中性觀察,55.9932715868035,70.8,0.0381231671554251,21636114.0,量破5日高、MACD動能擴大、RSI健康、產業相對強、流動性不足扣分,71.3,72.0,70.7,71.4,0.0070621468926552,0.0169491525423728,-0.001412429378531,0.0084745762711866,2026-07-22T12:45:19+00:00
2026-07-21,2026-07-22,2026-07-22,settled,loss,56,6933,AMAX-KY,twse,電腦及週邊設備業,中性觀察,55.92011581635647,175.0,0.0703363914373089,141418809.0,接近20日突破、收在高檔、MACD動能擴大、RSI健康、產業相對強、流動性不足扣分,173.0,179.5,165.0,165.0,-0.0114285714285714,0.0257142857142858,-0.0571428571428571,-0.0571428571428571,2026-07-22T12:45:19+00:00
2026-07-21,2026-07-22,2026-07-22,settled,loss,57,3694,海華,twse,電子工業,中性觀察,55.78090175703741,66.3,0.099502487562189,258696386.0,收在高檔、MACD動能擴大、RSI健康、近漲停過熱扣分,66.9,67.5,64.0,64.0,0.0090497737556562,0.0180995475113121,-0.0346907993966817,-0.0346907993966817,2026-07-22T12:45:19+00:00
2026-07-21,2026-07-22,2026-07-22,settled,win,58,1301,台塑,twse,塑膠工業,中性觀察,55.47954681081439,63.0,0.0396039603960396,3756423763.0,RSI健康,63.1,66.5,63.1,63.5,0.0015873015873015,0.0555555555555555,0.0015873015873015,0.0079365079365079,2026-07-22T12:45:19+00:00
2026-07-21,2026-07-22,2026-07-22,settled,loss,59,4190,佐登-KY,twse,生技醫療業,中性觀察,55.43139354279302,27.1,0.0544747081712062,2042679.0,量破5日高、接近20日突破、收在高檔、MACD動能擴大、RSI健康、流動性不足扣分,27.1,27.1,26.0,26.2,0.0,0.0,-0.040590405904059,-0.0332103321033211,2026-07-22T12:45:19+00:00
2026-07-21,2026-07-22,2026-07-22,settled,win,60,5351,鈺創,tpex,半導體業,中性觀察,55.41573286908572,88.9,0.0736714975845411,1826518629.0,收在高檔、RSI健康、產業相對強,93.0,94.8,90.0,90.4,0.046119235095613,0.0663667041619797,0.012373453318335,0.0168728908886388,2026-07-22T12:45:19+00:00
2026-07-21,2026-07-22,2026-07-22,settled,win,61,2542,興富發,twse,建材營造,中性觀察,55.36848850913294,44.1,0.0184757505773673,702319381.0,量破5日高、收在高檔、RSI健康,44.0,44.8,43.3,44.8,-0.0022675736961451,0.0158730158730158,-0.018140589569161,0.0158730158730158,2026-07-22T12:45:19+00:00
2026-07-21,2026-07-22,2026-07-22,settled,win,62,1303,南亞,twse,塑膠工業,中性觀察,55.19664915427986,195.5,0.0482573726541555,23606119280.0,RSI健康,203.0,212.0,196.5,208.0,0.0383631713554988,0.0843989769820972,0.0051150895140665,0.0639386189258313,2026-07-22T12:45:19+00:00
2026-07-21,2026-07-22,2026-07-22,settled,win,63,1590,亞德客-KY,twse,電機機械,中性觀察,55.1152313409297,1360.0,0.0187265917602996,1350824290.0,收在高檔、RSI健康,1440.0,1460.0,1410.0,1430.0,0.0588235294117647,0.0735294117647058,0.036764705882353,0.0514705882352941,2026-07-22T12:45:19+00:00
2026-07-21,2026-07-22,2026-07-22,settled,win,64,2027,大成鋼,twse,鋼鐵工業,中性觀察,55.072761821377306,41.15,0.0173053152039552,413754707.0,收在高檔、MACD動能擴大、RSI健康,41.35,44.75,41.35,43.75,0.0048602673147024,0.0874848116646416,0.0048602673147024,0.0631834750911299,2026-07-22T12:45:19+00:00
2026-07-21,2026-07-22,2026-07-22,settled,win,65,2359,所羅門,twse,電子工業,中性觀察,55.06478148399084,138.5,0.0297397769516729,391423113.0,收在高檔、RSI健康,139.5,143.5,138.0,139.0,0.0072202166064982,0.036101083032491,-0.0036101083032491,0.0036101083032491,2026-07-22T12:45:19+00:00
2026-07-21,2026-07-22,2026-07-22,settled,win,66,8271,宇瞻,twse,半導體業,中性觀察,54.96981354629011,191.5,0.0407608695652172,488712429.0,MACD動能擴大、RSI健康、產業相對強,200.0,202.5,196.0,196.5,0.0443864229765014,0.0574412532637076,0.0234986945169712,0.0261096605744124,2026-07-22T12:45:19+00:00
2026-07-21,2026-07-22,2026-07-22,settled,loss,67,8045,達運光電,twse,通信網路業,中性觀察,54.922132130496266,66.5,0.0848287112561174,123983460.0,量破5日高、接近20日突破、MACD動能擴大、RSI健康、產業相對強、流動性不足扣分,65.2,67.7,62.5,62.5,-0.019548872180451,0.0180451127819549,-0.0601503759398496,-0.0601503759398496,2026-07-22T12:45:19+00:00
2026-07-21,2026-07-22,2026-07-22,settled,win,68,2332,友訊,twse,電子工業,中性觀察,54.60298785984796,22.3,0.079903147699758,995993882.0,收在高檔、RSI健康,22.05,24.45,22.0,23.9,-0.0112107623318385,0.0964125560538116,-0.0134529147982063,0.0717488789237668,2026-07-22T12:45:19+00:00
2026-07-21,2026-07-22,2026-07-22,settled,loss,69,4557,永新-KY,twse,汽車工業,中性觀察,54.28123950378752,53.2,0.0555555555555555,5987379.0,量破5日高、接近20日突破、收在高檔、MACD動能擴大、流動性不足扣分,53.0,53.1,51.4,52.3,-0.0037593984962406,-0.0018796992481203,-0.0338345864661654,-0.0169172932330827,2026-07-22T12:45:19+00:00
2026-07-21,2026-07-22,2026-07-22,settled,win,70,6669,緯穎,twse,電腦及週邊設備業,中性觀察,54.26372081916033,5000.0,0.0672358591248665,5594686010.0,收在高檔、RSI健康、產業相對強,5195.0,5500.0,5145.0,5500.0,0.0389999999999999,0.1,0.0289999999999999,0.1,2026-07-22T12:45:19+00:00
2026-07-21,2026-07-22,2026-07-22,settled,loss,71,1718,中纖,twse,化學生技醫療,中性觀察,54.20484112757714,13.2,0.0153846153846153,132262710.0,收在高檔、RSI健康,13.5,13.95,12.35,12.35,0.0227272727272727,0.0568181818181818,-0.0643939393939393,-0.0643939393939393,2026-07-22T12:45:19+00:00
2026-07-21,2026-07-22,2026-07-22,settled,tie,72,6214,精誠,twse,資訊服務業,中性觀察,54.13552621004023,141.5,0.029090909090909,171903211.0,收在高檔、MACD動能擴大、RSI健康,142.0,143.5,141.5,141.5,0.0035335689045936,0.0141342756183746,0.0,0.0,2026-07-22T12:45:19+00:00
2026-07-21,2026-07-22,2026-07-22,settled,loss,73,2905,三商,twse,貿易百貨,中性觀察,54.048155055714304,15.95,0.0357142857142855,31282872.0,量破5日高、接近20日突破、收在高檔、MACD動能擴大、流動性不足扣分,16.0,16.25,15.9,15.9,0.0031347962382446,0.0188087774294671,-0.0031347962382444,-0.0031347962382444,2026-07-22T12:45:19+00:00
2026-07-21,2026-07-22,2026-07-22,settled,loss,74,8905,裕國,tpex,其他,中性觀察,53.88701832238189,31.0,0.0350584307178631,404087.0,量破5日高、接近20日突破、收在高檔、MACD動能擴大、RSI健康、流動性不足扣分,30.45,30.55,30.05,30.05,-0.017741935483871,-0.014516129032258,-0.0306451612903225,-0.0306451612903225,2026-07-22T12:45:19+00:00
2026-07-21,2026-07-22,2026-07-22,settled,win,75,4938,和碩,twse,電腦及週邊設備業,中性觀察,53.88466032967066,82.8,0.0349999999999999,789561610.0,收在高檔、RSI健康、產業相對強,83.0,85.4,83.0,84.4,0.002415458937198,0.031400966183575,0.002415458937198,0.0193236714975846,2026-07-22T12:45:19+00:00
2026-07-21,2026-07-22,2026-07-22,settled,loss,76,2379,瑞昱,twse,電子工業,中性觀察,53.63930035879036,753.0,0.0620592383638927,2225888792.0,收在高檔,749.0,760.0,734.0,743.0,-0.0053120849933598,0.0092961487383798,-0.0252324037184594,-0.0132802124833997,2026-07-22T12:45:19+00:00
2026-07-21,2026-07-22,2026-07-22,settled,win,77,6213,聯茂,twse,電子工業,中性觀察,53.4966299333675,354.5,0.0992248062015503,3659371665.0,收在高檔、RSI健康、近漲停過熱扣分,373.0,387.5,363.0,367.0,0.0521861777150916,0.0930888575458392,0.0239774330042312,0.0352609308885754,2026-07-22T12:45:19+00:00
2026-07-21,2026-07-22,2026-07-22,settled,win,78,2301,光寶科,twse,電子工業,中性觀察,53.45210107306426,207.0,0.069767441860465,3234878653.0,收在高檔,214.0,221.0,213.0,218.0,0.0338164251207728,0.0676328502415459,0.0289855072463767,0.0531400966183575,2026-07-22T12:45:19+00:00
2026-07-21,2026-07-22,2026-07-22,settled,win,79,4119,旭富,twse,生技醫療業,中性觀察,53.27765204535406,48.4,0.0364025695931475,13835586.0,量破5日高、接近20日突破、收在高檔、MACD動能擴大、流動性不足扣分,48.25,50.2,48.25,49.8,-0.003099173553719,0.037190082644628,-0.003099173553719,0.0289256198347107,2026-07-22T12:45:19+00:00
2026-07-21,2026-07-22,2026-07-22,settled,win,80,2441,超豐,twse,電子工業,中性觀察,52.99140786676392,124.5,0.046218487394958,652150287.0,收在高檔,129.0,131.0,126.0,127.5,0.036144578313253,0.0522088353413654,0.0120481927710842,0.0240963855421687,2026-07-22T12:45:19+00:00
2026-07-21,2026-07-22,2026-07-22,settled,win,81,3231,緯創,twse,電腦及週邊設備業,中性觀察,52.93229190193343,149.5,0.0418118466898955,5382308798.0,收在高檔、產業相對強,154.0,164.0,153.5,164.0,0.0301003344481605,0.0969899665551838,0.0267558528428093,0.0969899665551838,2026-07-22T12:45:19+00:00
2026-07-21,2026-07-22,2026-07-22,settled,loss,82,8383,千附,tpex,半導體業,中性觀察,52.69351154360096,84.5,0.0536159600997505,254284014.0,收在高檔、RSI健康、產業相對強,84.0,86.8,82.9,83.7,-0.0059171597633136,0.0272189349112426,-0.0189349112426034,-0.0094674556213016,2026-07-22T12:45:19+00:00
2026-07-21,2026-07-22,2026-07-22,settled,loss,83,7769,鴻勁,twse,半導體業,中性觀察,52.45258841619682,6500.0,0.0824313072439633,3463143745.0,收在高檔、RSI健康、產業相對強,6690.0,6710.0,6375.0,6405.0,0.0292307692307691,0.0323076923076923,-0.0192307692307692,-0.0146153846153845,2026-07-22T12:45:19+00:00
2026-07-21,2026-07-22,2026-07-22,settled,win,84,2885,元大金,twse,金融保險,中性觀察,52.15138390568939,61.3,-0.0254372019077901,4101088605.0,量破5日高、收在高檔,61.4,63.2,61.3,63.1,0.00163132137031,0.030995106035889,0.0,0.0293637846655792,2026-07-22T12:45:19+00:00
2026-07-21,2026-07-22,2026-07-22,settled,win,85,6525,捷敏-KY,twse,半導體業,中性觀察,52.11844841473238,151.0,-0.0289389067524116,869438434.0,量破5日高、RSI健康、產業相對強、收低於VWAP扣分,158.0,161.5,153.0,155.0,0.0463576158940397,0.0695364238410596,0.0132450331125828,0.0264900662251654,2026-07-22T12:45:19+00:00
2026-07-21,2026-07-22,2026-07-22,settled,loss,86,4541,晟田,tpex,其他,中性觀察,52.001642935357765,75.7,0.0986937590711174,753294146.0,收在高檔、MACD動能擴大、近漲停過熱扣分,79.8,81.6,68.6,70.6,0.0541611624834874,0.0779392338177014,-0.0937912813738441,-0.0673712021136064,2026-07-22T12:45:19+00:00
2026-07-21,2026-07-22,2026-07-22,settled,loss,87,8150,南茂,twse,半導體業,中性觀察,51.93791954612136,104.0,0.0097087378640776,7755942856.0,RSI健康、產業相對強,106.5,109.5,100.0,100.0,0.0240384615384614,0.0528846153846154,-0.0384615384615384,-0.0384615384615384,2026-07-22T12:45:19+00:00
2026-07-21,2026-07-22,2026-07-22,settled,loss,88,4506,崇友,tpex,電機機械,中性觀察,51.67126477806029,125.0,0.0162601626016261,45658177.0,量破5日高、接近20日突破、MACD動能擴大、流動性不足扣分,120.5,122.0,119.5,121.0,-0.036,-0.024,-0.044,-0.032,2026-07-22T12:45:19+00:00
2026-07-21,2026-07-22,2026-07-22,settled,win,89,2303,聯電,twse,電子工業,中性觀察,51.65849051768324,134.5,0.0346153846153847,34380810012.0,,140.5,145.0,137.5,139.0,0.0446096654275092,0.0780669144981411,0.0223048327137547,0.0334572490706319,2026-07-22T12:45:19+00:00
2026-07-21,2026-07-22,2026-07-22,settled,win,90,3035,智原,twse,半導體業,中性觀察,51.56174872976848,194.5,0.0657534246575342,669567482.0,收在高檔、產業相對強,199.0,203.0,196.5,199.0,0.0231362467866322,0.0437017994858612,0.0102827763496144,0.0231362467866322,2026-07-22T12:45:19+00:00
2026-07-21,2026-07-22,2026-07-22,settled,loss,91,6477,安集,twse,電子工業,中性觀察,51.44991437283368,42.35,0.0329268292682927,949260914.0,量破5日高、MACD動能擴大、RSI健康、長上影扣分、收低於VWAP扣分,41.45,43.9,39.9,40.15,-0.0212514757969303,0.036599763872491,-0.0578512396694215,-0.0519480519480519,2026-07-22T12:45:19+00:00
2026-07-21,2026-07-22,2026-07-22,settled,win,92,1810,和成,twse,玻璃陶瓷,中性觀察,50.701161286728286,31.05,0.0991150442477877,989864091.0,收在高檔、MACD動能擴大、近漲停過熱扣分,33.4,34.15,33.15,34.15,0.075684380032206,0.0998389694041868,0.0676328502415457,0.0998389694041868,2026-07-22T12:45:19+00:00
2026-07-21,2026-07-22,2026-07-22,settled,win,93,3264,欣銓,tpex,半導體業,中性觀察,50.58598711920308,210.0,0.0632911392405062,684848654.0,收在高檔、RSI健康、產業相對強,216.0,219.5,214.0,217.0,0.0285714285714284,0.0452380952380953,0.0190476190476189,0.0333333333333334,2026-07-22T12:45:19+00:00
2026-07-21,2026-07-22,2026-07-22,settled,loss,94,3055,蔚華科,twse,電子通路業,中性觀察,50.529739233362186,169.0,0.0464396284829722,102637927.0,收在高檔、RSI健康,175.5,176.0,165.5,165.5,0.0384615384615385,0.0414201183431952,-0.0207100591715976,-0.0207100591715976,2026-07-22T12:45:19+00:00
2026-07-21,2026-07-22,2026-07-22,settled,win,95,5274,信驊,tpex,半導體業,中性觀察,50.47200341419163,14100.0,0.0917537746806038,7095134200.0,量破5日高、收在高檔、產業相對強、近漲停過熱扣分,15300.0,15510.0,15085.0,15510.0,0.0851063829787233,0.1,0.0698581560283688,0.1,2026-07-22T12:45:19+00:00
2026-07-21,2026-07-22,2026-07-22,settled,win,96,4989,榮科,twse,電子零組件業,中性觀察,50.42362524712601,69.0,0.0631741140215715,680679449.0,收在高檔、產業相對強,75.0,75.5,70.4,72.5,0.0869565217391303,0.0942028985507246,0.0202898550724639,0.0507246376811594,2026-07-22T12:45:19+00:00
2026-07-21,2026-07-22,2026-07-22,settled,win,97,6187,萬潤,tpex,半導體業,中性觀察,50.42191381145764,998.0,0.067379679144385,1495733600.0,收在高檔、RSI健康、產業相對強,1020.0,1090.0,1000.0,1055.0,0.0220440881763526,0.092184368737475,0.0020040080160319,0.0571142284569137,2026-07-22T12:45:19+00:00
2026-07-21,2026-07-22,2026-07-22,settled,win,98,7734,印能科技,tpex,半導體業,中性觀察,50.399227814310606,3115.0,0.0987654320987654,1202684540.0,收在高檔、MACD動能擴大、RSI健康、產業相對強、近漲停過熱扣分,3165.0,3330.0,3120.0,3130.0,0.0160513643659712,0.0690208667736758,0.0016051364365972,0.0048154093097914,2026-07-22T12:45:19+00:00
2026-07-21,2026-07-22,2026-07-22,settled,win,99,5434,崇越,twse,電子工業,中性觀察,50.38832427071958,547.0,0.005514705882353,695267246.0,RSI健康,556.0,571.0,545.0,565.0,0.016453382084095,0.0438756855575868,-0.0036563071297989,0.0329067641681901,2026-07-22T12:45:19+00:00
2026-07-21,2026-07-22,2026-07-22,settled,win,100,6285,啟碁,twse,通信網路業,中性觀察,50.36806804659924,245.0,0.0425531914893617,1144837777.0,收在高檔、產業相對強,250.0,258.0,248.5,253.0,0.0204081632653061,0.0530612244897958,0.0142857142857142,0.0326530612244897,2026-07-22T12:45:19+00:00
2026-07-22,2026-07-23,2026-07-23,settled,win,1,3231,緯創,twse,電腦及週邊設備業,偏多,86.44055360208512,164.0,0.0969899665551838,15392894552.0,量破5日高、接近20日突破、收在高檔、MACD動能擴大、RSI健康、產業相對強、近漲停過熱扣分,168.0,179.5,165.5,173.5,0.024390243902439,0.0945121951219511,0.0091463414634145,0.0579268292682926,2026-07-23T12:47:20+00:00
2026-07-22,2026-07-23,2026-07-23,settled,loss,2,2377,微星,twse,電腦及週邊設備業,偏多,83.21845503711475,155.0,0.0616438356164383,6266806079.0,量破5日高、接近20日突破、RSI健康、產業相對強,157.5,158.0,149.0,152.0,0.0161290322580645,0.0193548387096773,-0.0387096774193548,-0.0193548387096774,2026-07-23T12:47:20+00:00
2026-07-22,2026-07-23,2026-07-23,settled,loss,3,3374,精材,tpex,半導體業,偏多,83.14103857945835,418.0,0.1,13812739311.0,量破5日高、接近20日突破、收在高檔、MACD動能擴大、產業相對強、近漲停過熱扣分,411.0,418.5,393.5,403.0,-0.0167464114832536,0.0011961722488038,-0.0586124401913875,-0.0358851674641148,2026-07-23T12:47:20+00:00
2026-07-22,2026-07-23,2026-07-23,settled,win,4,2027,大成鋼,twse,鋼鐵工業,偏多,82.89410921379907,43.75,0.0631834750911299,2201319613.0,量破5日高、接近20日突破、MACD動能擴大、RSI健康,44.7,45.5,43.2,44.4,0.0217142857142857,0.04,-0.0125714285714284,0.0148571428571429,2026-07-23T12:47:20+00:00
2026-07-22,2026-07-23,2026-07-23,settled,loss,5,6669,緯穎,twse,電腦及週邊設備業,偏多,81.58809928478672,5500.0,0.1,20981249520.0,量破5日高、接近20日突破、收在高檔、MACD動能擴大、RSI健康、產業相對強、近漲停過熱扣分,5470.0,5675.0,5410.0,5470.0,-0.0054545454545454,0.0318181818181817,-0.0163636363636363,-0.0054545454545454,2026-07-23T12:47:20+00:00
2026-07-22,2026-07-23,2026-07-23,settled,loss,6,6187,萬潤,tpex,半導體業,偏多,77.09680420711973,1055.0,0.0571142284569137,3742057155.0,量破5日高、MACD動能擴大、RSI健康、產業相對強,1080.0,1100.0,1010.0,1025.0,0.0236966824644548,0.042654028436019,-0.0426540284360189,-0.0284360189573459,2026-07-23T12:47:20+00:00
2026-07-22,2026-07-23,2026-07-23,settled,win,7,2376,技嘉,twse,電腦及週邊設備業,偏多,75.52000576368296,348.0,0.0205278592375366,2739729046.0,接近20日突破、MACD動能擴大、RSI健康、產業相對強,350.5,354.5,344.5,354.5,0.007183908045977,0.0186781609195403,-0.0100574712643678,0.0186781609195403,2026-07-23T12:47:20+00:00
2026-07-22,2026-07-23,2026-07-23,settled,win,8,4938,和碩,twse,電腦及週邊設備業,偏多,74.32382234904988,84.4,0.0193236714975846,1342058609.0,量破5日高、MACD動能擴大、RSI健康、產業相對強、收低於VWAP扣分,84.7,90.4,84.7,87.2,0.0035545023696681,0.0710900473933648,0.0035545023696681,0.0331753554502369,2026-07-23T12:47:20+00:00
2026-07-22,2026-07-23,2026-07-23,settled,loss,9,2332,友訊,twse,電子工業,觀察偏多,70.87342952719433,23.9,0.0717488789237668,1469661774.0,量破5日高、RSI健康,24.85,25.1,22.35,22.4,0.0397489539748954,0.0502092050209206,-0.0648535564853555,-0.0627615062761506,2026-07-23T12:47:20+00:00
2026-07-22,2026-07-23,2026-07-23,settled,win,10,3702,大聯大,twse,電子工業,觀察偏多,70.85002554931017,118.0,0.0582959641255604,1384690599.0,收在高檔、MACD動能擴大、RSI健康,118.5,122.0,116.5,121.5,0.0042372881355932,0.0338983050847456,-0.0127118644067796,0.0296610169491524,2026-07-23T12:47:20+00:00
2026-07-22,2026-07-23,2026-07-23,settled,win,11,3653,健策,twse,電子零組件業,觀察偏多,70.83157153303151,3500.0,-0.0056818181818182,7260537145.0,量破5日高、MACD動能擴大、RSI健康、產業相對強,3615.0,3820.0,3600.0,3710.0,0.0328571428571429,0.0914285714285714,0.0285714285714284,0.06,2026-07-23T12:47:20+00:00
2026-07-22,2026-07-23,2026-07-23,settled,win,12,3605,宏致,twse,電子零組件業,觀察偏多,70.4827945900656,92.8,0.0995260663507107,1441112812.0,量破5日高、收在高檔、RSI健康、產業相對強、近漲停過熱扣分,93.0,94.5,90.4,94.5,0.0021551724137931,0.0183189655172413,-0.0258620689655171,0.0183189655172413,2026-07-23T12:47:20+00:00
2026-07-22,2026-07-23,2026-07-23,settled,win,13,3665,貿聯-KY,twse,電子工業,觀察偏多,69.38808165889199,2115.0,0.0575000000000001,10523988440.0,量破5日高、MACD動能擴大、RSI健康、長上影扣分,2120.0,2325.0,2105.0,2285.0,0.0023640661938533,0.0992907801418438,-0.0047281323877068,0.0803782505910164,2026-07-23T12:47:20+00:00
2026-07-22,2026-07-23,2026-07-23,settled,loss,14,3413,京鼎,twse,電子工業,觀察偏多,69.30164444650904,363.0,0.0835820895522387,1898433718.0,收在高檔、MACD動能擴大、RSI健康,363.0,363.5,334.0,341.0,0.0,0.0013774104683195,-0.0798898071625344,-0.0606060606060605,2026-07-23T12:47:20+00:00
2026-07-22,2026-07-23,2026-07-23,settled,loss,15,2890,永豐金,twse,金融保險,觀察偏多,68.2068961846363,40.4,0.0049751243781093,2930693047.0,量破5日高、RSI健康,38.85,38.9,37.6,38.2,-0.0383663366336632,-0.0371287128712871,-0.0693069306930692,-0.0544554455445543,2026-07-23T12:47:20+00:00
2026-07-22,2026-07-23,2026-07-23,settled,win,16,3706,神達,twse,電腦及週邊設備業,觀察偏多,67.68069035738978,91.2,-0.0010952902519166,1573676476.0,量破5日高、MACD動能擴大、RSI健康、產業相對強、收低於VWAP扣分,92.3,92.5,90.6,92.0,0.0120614035087718,0.0142543859649122,-0.0065789473684211,0.0087719298245614,2026-07-23T12:47:20+00:00
2026-07-22,2026-07-23,2026-07-23,settled,win,17,2395,研華,twse,電子工業,觀察偏多,67.1574964681836,596.0,0.0511463844797177,5729262167.0,量破5日高、接近20日突破、MACD動能擴大、長上影扣分、收低於VWAP扣分,605.0,607.0,582.0,600.0,0.0151006711409396,0.0184563758389262,-0.023489932885906,0.0067114093959732,2026-07-23T12:47:20+00:00
2026-07-22,2026-07-23,2026-07-23,settled,tie,18,2880,華南金,twse,金融保險,觀察偏多,65.54299158499853,41.25,0.0110294117647058,1119516724.0,接近20日突破、收在高檔、MACD動能擴大,41.3,41.3,39.65,41.25,0.0012121212121212,0.0012121212121212,-0.0387878787878788,0.0,2026-07-23T12:47:20+00:00
2026-07-22,2026-07-23,2026-07-23,settled,win,19,6414,樺漢,twse,電子工業,觀察偏多,65.14350059589614,490.0,0.0998877665544333,2546519377.0,量破5日高、接近20日突破、收在高檔、MACD動能擴大、RSI過熱扣分、近漲停過熱扣分,490.0,505.0,477.0,503.0,0.0,0.0306122448979591,-0.0265306122448979,0.026530612244898,2026-07-23T12:47:20+00:00
2026-07-22,2026-07-23,2026-07-23,settled,loss,20,3189,景碩,twse,電子工業,觀察偏多,64.7768001835379,796.0,0.0670241286863271,20426356411.0,量破5日高,802.0,814.0,760.0,785.0,0.0075376884422111,0.0226130653266332,-0.0452261306532663,-0.0138190954773869,2026-07-23T12:47:20+00:00
2026-07-22,2026-07-23,2026-07-23,settled,win,21,2357,華碩,twse,電腦及週邊設備業,觀察偏多,64.73093012873036,757.0,0.0285326086956521,4223528552.0,量破5日高、MACD動能擴大、產業相對強、長上影扣分、收低於VWAP扣分,759.0,773.0,759.0,769.0,0.0026420079260238,0.0211360634081902,0.0026420079260238,0.0158520475561427,2026-07-23T12:47:20+00:00
2026-07-22,2026-07-23,2026-07-23,settled,loss,22,6138,茂達,tpex,半導體業,觀察偏多,63.94489420262925,340.0,0.0691823899371069,952932915.0,量破5日高、產業相對強,338.5,338.5,322.0,323.0,-0.0044117647058823,-0.0044117647058823,-0.0529411764705882,-0.05,2026-07-23T12:47:20+00:00
2026-07-22,2026-07-23,2026-07-23,settled,win,23,3034,聯詠,twse,電子工業,觀察偏多,63.77076945594339,501.0,0.0525210084033613,3322439016.0,量破5日高,501.0,509.0,495.0,503.0,0.0,0.0159680638722554,-0.0119760479041916,0.0039920159680639,2026-07-23T12:47:20+00:00
2026-07-22,2026-07-23,2026-07-23,settled,loss,24,2637,慧洋-KY,twse,航運業,觀察偏多,62.60802607934103,83.6,0.030826140567201,283254609.0,量破5日高、MACD動能擴大,83.8,84.5,81.1,81.3,0.0023923444976077,0.0107655502392345,-0.0299043062200956,-0.027511961722488,2026-07-23T12:47:20+00:00
2026-07-22,2026-07-23,2026-07-23,settled,loss,25,3693,營邦,tpex,電腦及週邊設備業,觀察偏多,62.33388226463107,519.0,0.0995762711864407,588930412.0,量破5日高、收在高檔、MACD動能擴大、RSI健康、產業相對強、近漲停過熱扣分,525.0,538.0,497.5,503.0,0.0115606936416186,0.0366088631984584,-0.0414258188824663,-0.0308285163776492,2026-07-23T12:47:20+00:00
2026-07-22,2026-07-23,2026-07-23,settled,win,26,3443,創意,twse,半導體業,觀察偏多,61.93534809909156,4370.0,0.0619684082624545,10840111140.0,量破5日高、產業相對強,4400.0,4420.0,4220.0,4380.0,0.0068649885583524,0.011441647597254,-0.034324942791762,0.0022883295194509,2026-07-23T12:47:20+00:00
2026-07-22,2026-07-23,2026-07-23,settled,loss,27,5490,同亨,tpex,電腦及週邊設備業,觀察偏多,61.11825017600684,33.45,0.056872037914692,121783561.0,量破5日高、接近20日突破、MACD動能擴大、RSI健康、產業相對強、流動性不足扣分,34.55,35.1,32.2,32.75,0.0328849028400595,0.0493273542600896,-0.0373692077727951,-0.0209267563527654,2026-07-23T12:47:20+00:00
2026-07-22,2026-07-23,2026-07-23,settled,loss,28,2801,彰銀,twse,金融保險,觀察偏多,59.81338715793619,24.65,0.0144032921810699,946022334.0,接近20日突破、收在高檔、RSI健康,24.75,24.75,24.1,24.25,0.0040567951318459,0.0040567951318459,-0.022312373225152,-0.0162271805273832,2026-07-23T12:47:20+00:00
2026-07-22,2026-07-23,2026-07-23,settled,loss,29,2369,菱生,twse,電子工業,觀察偏多,59.37615266621959,36.45,0.0864381520119226,676026457.0,收在高檔、RSI健康,36.45,37.7,33.7,34.7,0.0,0.0342935528120713,-0.0754458161865568,-0.0480109739368999,2026-07-23T12:47:20+00:00
2026-07-22,2026-07-23,2026-07-23,settled,loss,30,3532,台勝科,twse,電子工業,觀察偏多,59.26196559359564,468.0,0.0795847750865053,6651430049.0,RSI健康,472.0,499.0,421.5,421.5,0.0085470085470085,0.0662393162393162,-0.0993589743589743,-0.0993589743589743,2026-07-23T12:47:20+00:00
2026-07-22,2026-07-23,2026-07-23,settled,loss,31,2481,強茂,twse,半導體業,觀察偏多,58.796702975658135,157.5,0.0975609756097561,3163190400.0,量破5日高、收在高檔、產業相對強、近漲停過熱扣分,154.5,154.5,142.0,144.5,-0.019047619047619,-0.019047619047619,-0.0984126984126984,-0.0825396825396825,2026-07-23T12:47:20+00:00
2026-07-22,2026-07-23,2026-07-23,settled,win,32,6508,惠光,tpex,農業科技業,觀察偏多,58.74255420055084,27.05,0.0484496124031008,8927026.0,量破5日高、接近20日突破、收在高檔、MACD動能擴大、流動性不足扣分,27.2,27.5,26.3,27.45,0.0055452865064693,0.0166358595194084,-0.0277264325323475,0.0147874306839186,2026-07-23T12:47:20+00:00
2026-07-22,2026-07-23,2026-07-23,settled,loss,33,1590,亞德客-KY,twse,電機機械,觀察偏多,58.621729688298416,1430.0,0.0514705882352941,1522039080.0,MACD動能擴大、RSI健康,1425.0,1430.0,1360.0,1405.0,-0.0034965034965035,0.0,-0.0489510489510489,-0.0174825174825175,2026-07-23T12:47:20+00:00
2026-07-22,2026-07-23,2026-07-23,settled,loss,34,1303,南亞,twse,塑膠工業,觀察偏多,58.08225621013072,208.0,0.0639386189258313,23504663767.0,RSI健康,210.5,217.0,194.0,197.0,0.0120192307692308,0.0432692307692308,-0.0673076923076922,-0.0528846153846154,2026-07-23T12:47:20+00:00
2026-07-22,2026-07-23,2026-07-23,settled,loss,35,5434,崇越,twse,電子工業,觀察偏多,58.0751739318423,565.0,0.0329067641681901,902349316.0,RSI健康,571.0,574.0,542.0,559.0,0.0106194690265486,0.015929203539823,-0.0407079646017699,-0.0106194690265486,2026-07-23T12:47:20+00:00
2026-07-22,2026-07-23,2026-07-23,settled,win,36,3363,上詮,tpex,通信網路業,中性觀察,57.33619162806797,566.0,0.0822179732313574,1766744264.0,MACD動能擴大、RSI健康、產業相對強,568.0,606.0,557.0,589.0,0.0035335689045936,0.0706713780918728,-0.0159010600706713,0.0406360424028269,2026-07-23T12:47:20+00:00
2026-07-22,2026-07-23,2026-07-23,settled,tie,37,2301,光寶科,twse,電子工業,中性觀察,57.233520694941234,218.0,0.0531400966183575,4306978403.0,RSI健康,220.5,228.0,214.5,218.0,0.0114678899082569,0.0458715596330274,-0.0160550458715595,0.0,2026-07-23T12:47:20+00:00
2026-07-22,2026-07-23,2026-07-23,settled,loss,38,4939,亞電,tpex,電子零組件業,中性觀察,56.77708212978328,70.9,-0.026098901098901,5505983863.0,量破5日高、MACD動能擴大、RSI健康、產業相對強、收低於VWAP扣分,70.9,77.2,68.3,69.6,0.0,0.08885754583921,-0.0366713681241186,-0.0183356840620594,2026-07-23T12:47:20+00:00
2026-07-22,2026-07-23,2026-07-23,settled,win,39,6831,邁科,twse,電腦及週邊設備業,中性觀察,56.49365738375064,635.0,0.0583333333333333,416875757.0,量破5日高、產業相對強,685.0,696.0,642.0,670.0,0.078740157480315,0.0960629921259843,0.0110236220472441,0.0551181102362203,2026-07-23T12:47:20+00:00
2026-07-22,2026-07-23,2026-07-23,settled,win,40,4979,華星光,tpex,通信網路業,中性觀察,56.19527246514344,379.0,0.0616246498599439,3244441744.0,量破5日高、產業相對強,376.5,416.5,375.5,407.5,-0.0065963060686016,0.0989445910290236,-0.0092348284960421,0.0751978891820579,2026-07-23T12:47:20+00:00
2026-07-22,2026-07-23,2026-07-23,settled,loss,41,8069,元太,tpex,光電業,中性觀察,55.691460143076135,194.5,0.0077720207253886,2557892235.0,量破5日高、產業相對強,194.0,195.5,188.5,192.0,-0.0025706940874036,0.0051413881748072,-0.0308483290488431,-0.012853470437018,2026-07-23T12:47:20+00:00
2026-07-22,2026-07-23,2026-07-23,settled,win,42,2455,全新,twse,通信網路業,中性觀察,55.59103857945836,324.5,0.1,2102979384.0,量破5日高、收在高檔、產業相對強、近漲停過熱扣分,335.5,356.5,329.0,345.0,0.0338983050847456,0.0986132511556241,0.0138674884437597,0.0631741140215715,2026-07-23T12:47:20+00:00
2026-07-22,2026-07-23,2026-07-23,settled,win,43,8415,大國鋼,tpex,鋼鐵工業,中性觀察,54.88522840712993,37.4,0.0204638472032743,44685242.0,量破5日高、接近20日突破、MACD動能擴大、RSI健康、流動性不足扣分,37.4,38.1,37.4,37.75,0.0,0.018716577540107,0.0,0.0093582887700536,2026-07-23T12:47:20+00:00
2026-07-22,2026-07-23,2026-07-23,settled,win,44,2542,興富發,twse,建材營造,中性觀察,54.869209310496124,44.8,0.0158730158730158,672103742.0,接近20日突破、收在高檔、MACD動能擴大,44.35,44.95,43.85,44.95,-0.0100446428571427,0.0033482142857144,-0.021205357142857,0.0033482142857144,2026-07-23T12:47:20+00:00
2026-07-22,2026-07-23,2026-07-23,settled,win,45,2883,凱基金,twse,金融保險,中性觀察,54.16422109443953,30.45,0.0252525252525253,1807936988.0,RSI健康,30.8,31.3,30.5,30.85,0.0114942528735633,0.0279146141215107,0.0016420361247948,0.0131362889983579,2026-07-23T12:47:20+00:00
2026-07-22,2026-07-23,2026-07-23,settled,win,46,6166,凌華,twse,電腦及週邊設備業,中性觀察,53.84003004518479,145.0,0.0984848484848484,371784008.0,量破5日高、收在高檔、RSI健康、產業相對強、近漲停過熱扣分,145.0,159.5,144.0,159.5,0.0,0.1,-0.0068965517241379,0.1,2026-07-23T12:47:20+00:00
2026-07-22,2026-07-23,2026-07-23,settled,tie,47,5523,豐謙,tpex,建材營造,中性觀察,53.62049855474797,30.4,0.0,1612960.0,量破5日高、接近20日突破、收在高檔、MACD動能擴大、RSI健康、流動性不足扣分,30.25,30.4,30.2,30.4,-0.0049342105263157,0.0,-0.006578947368421,0.0,2026-07-23T12:47:20+00:00
2026-07-22,2026-07-23,2026-07-23,settled,loss,48,8046,南電,twse,電子工業,中性觀察,53.16274910577414,1305.0,0.0966386554621849,21731597030.0,收在高檔、RSI健康、近漲停過熱扣分,1280.0,1310.0,1175.0,1230.0,-0.0191570881226054,0.0038314176245211,-0.0996168582375478,-0.0574712643678161,2026-07-23T12:47:20+00:00
2026-07-22,2026-07-23,2026-07-23,settled,tie,49,3491,昇達科,tpex,通信網路業,中性觀察,52.43751277465509,1300.0,0.0970464135021096,1710097935.0,收在高檔、MACD動能擴大、RSI健康、產業相對強、近漲停過熱扣分,1300.0,1355.0,1270.0,1300.0,0.0,0.0423076923076923,-0.0230769230769231,0.0,2026-07-23T12:47:20+00:00
2026-07-22,2026-07-23,2026-07-23,settled,win,50,3163,波若威,tpex,通信網路業,中性觀察,52.05920413898824,730.0,0.0993975903614456,1828458350.0,收在高檔、MACD動能擴大、RSI健康、產業相對強、近漲停過熱扣分,766.0,796.0,720.0,761.0,0.0493150684931507,0.0904109589041095,-0.0136986301369863,0.0424657534246575,2026-07-23T12:47:20+00:00
2026-07-22,2026-07-23,2026-07-23,settled,loss,51,4958,臻鼎-KY,twse,電子零組件業,中性觀察,51.98220181495418,559.0,0.0982318271119842,24976092557.0,收在高檔、產業相對強、近漲停過熱扣分,555.0,558.0,504.0,506.0,-0.0071556350626118,-0.0017889087656529,-0.0983899821109123,-0.0948121645796064,2026-07-23T12:47:20+00:00
2026-07-22,2026-07-23,2026-07-23,settled,loss,52,6456,GIS-KY,twse,光電業,中性觀察,51.66961591327996,68.7,0.0991999999999999,286274824.0,量破5日高、收在高檔、RSI健康、產業相對強、近漲停過熱扣分,69.5,72.9,66.8,67.4,0.0116448326055311,0.0611353711790394,-0.0276564774381369,-0.0189228529839883,2026-07-23T12:47:20+00:00
2026-07-22,2026-07-23,2026-07-23,settled,win,53,2425,承啟,twse,電腦及週邊設備業,中性觀察,51.63659133322966,45.15,0.0879518072289156,269215556.0,量破5日高、收在高檔、RSI健康、產業相對強、流動性不足扣分,44.8,46.95,44.05,45.8,-0.0077519379844961,0.0398671096345515,-0.0243632336655592,0.0143964562569214,2026-07-23T12:47:20+00:00
2026-07-22,2026-07-23,2026-07-23,settled,loss,54,2458,義隆,twse,電子工業,中性觀察,51.47200547055818,174.5,0.0543806646525679,535623849.0,收在高檔,176.0,176.0,167.0,171.0,0.0085959885386819,0.0085959885386819,-0.0429799426934097,-0.0200573065902578,2026-07-23T12:47:20+00:00
2026-07-22,2026-07-23,2026-07-23,settled,win,55,8039,台虹,twse,電子零組件業,中性觀察,51.41014946346448,233.0,0.0990566037735849,6252560702.0,接近20日突破、收在高檔、MACD動能擴大、RSI過熱扣分、產業相對強、近漲停過熱扣分,242.0,256.0,231.0,256.0,0.0386266094420599,0.0987124463519313,-0.0085836909871244,0.0987124463519313,2026-07-23T12:47:20+00:00
2026-07-22,2026-07-23,2026-07-23,settled,win,56,5388,中磊,twse,電子工業,中性觀察,50.800159517537246,87.2,0.0246768507638073,320316566.0,MACD動能擴大、RSI健康,87.9,89.3,87.7,89.1,0.0080275229357797,0.0240825688073393,0.0057339449541284,0.021788990825688,2026-07-23T12:47:20+00:00
2026-07-22,2026-07-23,2026-07-23,settled,loss,57,4119,旭富,twse,生技醫療業,中性觀察,50.786765344268986,49.8,0.0289256198347107,16399699.0,量破5日高、接近20日突破、收在高檔、MACD動能擴大、流動性不足扣分,49.0,49.8,48.55,49.15,-0.0160642570281124,0.0,-0.0251004016064256,-0.0130522088353413,2026-07-23T12:47:20+00:00
2026-07-22,2026-07-23,2026-07-23,settled,loss,58,2609,陽明,twse,航運業,中性觀察,50.67634772611138,51.4,0.0098231827111985,897582705.0,RSI健康,51.1,51.4,50.3,50.5,-0.0058365758754863,0.0,-0.0214007782101167,-0.017509727626459,2026-07-23T12:47:20+00:00
2026-07-22,2026-07-23,2026-07-23,settled,loss,59,1810,和成,twse,玻璃陶瓷,中性觀察,50.08984807158936,34.15,0.0998389694041868,1255808336.0,接近20日突破、收在高檔、MACD動能擴大、近漲停過熱扣分,33.2,33.2,30.75,30.75,-0.0278184480234259,-0.0278184480234259,-0.0995607613469985,-0.0995607613469985,2026-07-23T12:47:20+00:00
2026-07-22,2026-07-23,2026-07-23,settled,win,60,5274,信驊,tpex,半導體業,中性觀察,49.84103857945836,15510.0,0.1,5870513605.0,收在高檔、MACD動能擴大、產業相對強、近漲停過熱扣分,15575.0,16210.0,15315.0,15540.0,0.0041908446163765,0.0451321727917473,-0.0125725338491295,0.0019342359767891,2026-07-23T12:47:20+00:00
2026-07-22,2026-07-23,2026-07-23,settled,win,61,2885,元大金,twse,金融保險,中性觀察,49.64231604496678,63.1,0.0293637846655792,2696528916.0,收在高檔,64.0,64.2,61.9,63.3,0.0142630744849445,0.0174326465927099,-0.0190174326465927,0.0031695721077653,2026-07-23T12:47:20+00:00
2026-07-22,2026-07-23,2026-07-23,settled,loss,62,2401,凌陽,twse,電子工業,中性觀察,49.40876471200036,29.9,0.0833333333333332,269373200.0,量破5日高、RSI健康,29.95,30.0,27.85,28.2,0.0016722408026756,0.0033444816053511,-0.0685618729096989,-0.0568561872909698,2026-07-23T12:47:20+00:00
2026-07-22,2026-07-23,2026-07-23,settled,loss,63,3023,信邦,twse,電子零組件業,中性觀察,49.21262809971149,317.0,0.0292207792207792,506426903.0,收在高檔、產業相對強,312.5,316.0,297.0,304.5,-0.0141955835962145,-0.003154574132492,-0.0630914826498423,-0.0394321766561513,2026-07-23T12:47:20+00:00
2026-07-22,2026-07-23,2026-07-23,settled,win,64,3022,威強電,twse,電腦及週邊設備業,中性觀察,49.13686622943986,90.9,0.0557491289198608,515229496.0,量破5日高、RSI健康、產業相對強、長上影扣分、收低於VWAP扣分,91.0,93.2,89.6,92.2,0.001100110011001,0.0253025302530252,-0.0143014301430144,0.0143014301430142,2026-07-23T12:47:20+00:00
2026-07-22,2026-07-23,2026-07-23,settled,loss,65,2603,長榮,twse,航運業,中性觀察,48.809753673273626,206.0,0.0147783251231528,2440773351.0,接近20日突破、MACD動能擴大、長上影扣分、收低於VWAP扣分,206.0,207.0,203.0,203.5,0.0,0.0048543689320388,-0.0145631067961164,-0.012135922330097,2026-07-23T12:47:20+00:00
2026-07-22,2026-07-23,2026-07-23,settled,tie,66,4966,譜瑞-KY,tpex,半導體業,中性觀察,48.78067599820324,612.0,0.0497427101200687,392828439.0,RSI健康、產業相對強,612.0,615.0,598.0,612.0,0.0,0.0049019607843137,-0.022875816993464,0.0,2026-07-23T12:47:20+00:00
2026-07-22,2026-07-23,2026-07-23,settled,loss,67,8131,福懋科,twse,半導體業,中性觀察,48.76694278058198,71.8,0.0652818991097921,510743117.0,RSI健康、產業相對強,73.0,73.8,68.1,68.7,0.0167130919220055,0.0278551532033426,-0.0515320334261838,-0.0431754874651809,2026-07-23T12:47:20+00:00
2026-07-22,2026-07-23,2026-07-23,settled,loss,68,6605,帝寶,twse,汽車工業,中性觀察,48.7534068699671,135.5,0.0343511450381679,109374284.0,量破5日高、收在高檔、MACD動能擴大、RSI健康、流動性不足扣分,135.5,136.0,131.5,133.0,0.0,0.0036900369003689,-0.029520295202952,-0.0184501845018449,2026-07-23T12:47:20+00:00
2026-07-22,2026-07-23,2026-07-23,settled,win,69,2465,麗臺,twse,電腦及週邊設備業,中性觀察,48.580473177037646,82.5,0.064516129032258,193343623.0,MACD動能擴大、RSI健康、產業相對強、流動性不足扣分,86.0,87.0,80.8,82.7,0.0424242424242424,0.0545454545454544,-0.0206060606060606,0.0024242424242424,2026-07-23T12:47:20+00:00
2026-07-22,2026-07-23,2026-07-23,settled,loss,70,2388,威盛,twse,電子工業,中性觀察,48.21422864208221,74.9,0.0373961218836564,830771390.0,MACD動能擴大、RSI健康、長上影扣分,74.7,76.2,72.5,73.4,-0.0026702269692924,0.0173564753004005,-0.0320427236315087,-0.0200267022696929,2026-07-23T12:47:20+00:00
2026-07-22,2026-07-23,2026-07-23,settled,win,71,1326,台化,twse,塑膠工業,中性觀察,48.012595063439136,70.6,0.0291545189504374,6749029657.0,MACD動能擴大、RSI健康、長上影扣分、收低於VWAP扣分,71.7,77.6,70.8,71.7,0.0155807365439095,0.0991501416430595,0.0028328611898016,0.0155807365439095,2026-07-23T12:47:20+00:00
2026-07-22,2026-07-23,2026-07-23,settled,loss,72,2449,京元電子,twse,電子工業,中性觀察,47.87391183165328,295.0,0.0573476702508961,6664637132.0,收在高檔,300.0,302.0,282.5,286.0,0.0169491525423728,0.0237288135593221,-0.0423728813559322,-0.0305084745762711,2026-07-23T12:47:20+00:00
2026-07-22,2026-07-23,2026-07-23,settled,loss,73,2408,南亞科,twse,電子工業,中性觀察,47.809182250539344,445.5,0.1,28190910149.0,收在高檔、RSI健康、近漲停過熱扣分,452.0,452.0,415.0,426.0,0.0145903479236813,0.0145903479236813,-0.0684624017957351,-0.0437710437710437,2026-07-23T12:47:20+00:00
2026-07-22,2026-07-23,2026-07-23,settled,loss,74,3211,順達,tpex,電腦及週邊設備業,中性觀察,47.64713405526513,394.0,0.0368421052631577,1885384923.0,RSI健康、產業相對強,397.0,398.0,382.0,391.5,0.0076142131979695,0.0101522842639594,-0.0304568527918781,-0.0063451776649746,2026-07-23T12:47:20+00:00
2026-07-22,2026-07-23,2026-07-23,settled,loss,75,4707,磐亞,tpex,化學工業,中性觀察,47.48289277889923,35.45,0.0791476407914764,69235131.0,收在高檔、RSI健康,35.15,35.15,32.05,32.1,-0.0084626234132582,-0.0084626234132582,-0.0959097320169254,-0.0944992947813823,2026-07-23T12:47:20+00:00
2026-07-22,2026-07-23,2026-07-23,settled,loss,76,2412,中華電,twse,電子工業,中性觀察,47.37429708570391,138.5,-0.0035971223021582,1857282382.0,MACD動能擴大,139.0,139.0,137.5,138.0,0.0036101083032491,0.0036101083032491,-0.0072202166064981,-0.0036101083032491,2026-07-23T12:47:20+00:00
2026-07-22,2026-07-23,2026-07-23,settled,win,77,2317,鴻海,twse,其他電子業,中性觀察,47.05495713603684,251.5,0.0223577235772358,17204588878.0,MACD動能擴大、RSI健康、產業相對強、長上影扣分、收低於VWAP扣分,256.5,259.5,253.5,257.5,0.0198807157057654,0.0318091451292246,0.0079522862823062,0.0238568588469185,2026-07-23T12:47:20+00:00
2026-07-22,2026-07-23,2026-07-23,settled,loss,78,2634,漢翔,twse,航運業,中性觀察,46.98089550332141,64.4,-0.0993006993006991,10516335956.0,量破5日高、RSI健康、收低於VWAP扣分,64.3,65.0,60.2,61.9,-0.0015527950310559,0.0093167701863352,-0.0652173913043479,-0.0388198757763976,2026-07-23T12:47:20+00:00
2026-07-22,2026-07-23,2026-07-23,settled,loss,79,6472,保瑞,twse,化學生技醫療,中性觀察,46.50265780762893,423.0,0.0548628428927679,385337610.0,收在高檔、RSI健康,423.0,426.5,397.5,401.0,0.0,0.0082742316784869,-0.0602836879432624,-0.0520094562647753,2026-07-23T12:47:20+00:00
2026-07-22,2026-07-23,2026-07-23,settled,win,80,5312,寶島科,tpex,生技醫療業,中性觀察,46.41686893203884,91.6,0.0177777777777776,10245848.0,量破5日高、收在高檔、MACD動能擴大、RSI健康、流動性不足扣分,91.8,100.0,91.8,100.0,0.002183406113537,0.091703056768559,0.002183406113537,0.091703056768559,2026-07-23T12:47:20+00:00
2026-07-22,2026-07-23,2026-07-23,settled,win,81,9919,康那香,twse,其他,中性觀察,46.37278793106162,14.5,0.0320284697508896,34200273.0,量破5日高、接近20日突破、MACD動能擴大、RSI健康、長上影扣分、流動性不足扣分,15.2,15.9,14.7,14.7,0.0482758620689653,0.096551724137931,0.0137931034482758,0.0137931034482758,2026-07-23T12:47:20+00:00
2026-07-22,2026-07-23,2026-07-23,settled,loss,82,2892,第一金,twse,金融保險,中性觀察,45.99413563490036,34.4,-0.0014513788098694,1066694808.0,接近20日突破、RSI健康、長上影扣分,34.4,34.4,33.7,34.15,0.0,0.0,-0.0203488372093022,-0.0072674418604651,2026-07-23T12:47:20+00:00
2026-07-22,2026-07-23,2026-07-23,settled,loss,83,6548,長科*,tpex,半導體業,中性觀察,45.97393514125118,71.8,0.0405797101449274,407132362.0,收在高檔、產業相對強,72.0,72.4,69.1,71.5,0.0027855153203342,0.0083565459610028,-0.0376044568245125,-0.0041782729805013,2026-07-23T12:47:20+00:00
2026-07-22,2026-07-23,2026-07-23,settled,loss,84,6435,大中,tpex,半導體業,中性觀察,45.96284186722675,304.0,0.0629370629370629,371010003.0,量破5日高、產業相對強、長上影扣分,306.0,312.0,289.0,293.0,0.006578947368421,0.0263157894736842,-0.0493421052631578,-0.0361842105263158,2026-07-23T12:47:20+00:00
2026-07-22,2026-07-23,2026-07-23,settled,loss,85,2834,臺企銀,twse,金融保險,中性觀察,45.58024313748758,18.1,0.0055555555555555,644739511.0,RSI健康,18.15,18.15,17.85,17.9,0.0027624309392264,0.0027624309392264,-0.0138121546961326,-0.0110497237569062,2026-07-23T12:47:20+00:00
2026-07-22,2026-07-23,2026-07-23,settled,loss,86,6672,騰輝電子-KY,twse,電子零組件業,中性觀察,45.48618421052632,235.0,0.0239651416122004,1039557996.0,量破5日高、產業相對強、收低於VWAP扣分,237.0,239.0,225.0,231.0,0.0085106382978723,0.0170212765957447,-0.0425531914893616,-0.0170212765957447,2026-07-23T12:47:20+00:00
2026-07-22,2026-07-23,2026-07-23,settled,win,87,3450,聯鈞,twse,半導體業,中性觀察,45.30874425140521,458.5,0.0725146198830408,3037925499.0,產業相對強、長上影扣分,461.5,504.0,458.5,474.0,0.0065430752453652,0.0992366412213741,0.0,0.0338058887677208,2026-07-23T12:47:20+00:00
2026-07-22,2026-07-23,2026-07-23,settled,loss,88,6219,富旺,tpex,建材營造,中性觀察,45.27740620997625,14.25,0.0674157303370786,10231873.0,接近20日突破、收在高檔、MACD動能擴大、流動性不足扣分,14.5,14.85,13.9,14.0,0.0175438596491228,0.0421052631578946,-0.0245614035087718,-0.0175438596491228,2026-07-23T12:47:20+00:00
2026-07-22,2026-07-23,2026-07-23,settled,win,89,6141,柏承,twse,電子零組件業,中性觀察,45.22726176571804,42.0,0.0894941634241246,70291716.0,收在高檔、MACD動能擴大、RSI健康、產業相對強、流動性不足扣分,43.85,46.2,39.3,42.9,0.0440476190476191,0.1,-0.0642857142857143,0.0214285714285713,2026-07-23T12:47:20+00:00
2026-07-22,2026-07-23,2026-07-23,settled,loss,90,6525,捷敏-KY,twse,半導體業,低優先,44.94321616645141,155.0,0.0264900662251654,515210355.0,RSI健康、產業相對強、收低於VWAP扣分,155.0,155.5,146.5,149.0,0.0,0.0032258064516128,-0.0548387096774193,-0.0387096774193548,2026-07-23T12:47:20+00:00
2026-07-22,2026-07-23,2026-07-23,settled,tie,91,6239,力成,twse,半導體業,低優先,44.837101493076766,294.0,0.0808823529411764,5338147786.0,產業相對強,294.0,315.0,292.0,294.0,0.0,0.0714285714285714,-0.0068027210884353,0.0,2026-07-23T12:47:20+00:00
2026-07-22,2026-07-23,2026-07-23,settled,loss,92,5483,中美晶,tpex,半導體業,低優先,44.76215650371884,234.0,0.0612244897959184,6359752270.0,RSI健康、產業相對強、長上影扣分、收低於VWAP扣分,242.0,252.0,210.5,212.5,0.0341880341880342,0.0769230769230768,-0.1004273504273504,-0.0918803418803418,2026-07-23T12:47:20+00:00
2026-07-22,2026-07-23,2026-07-23,settled,loss,93,4916,事欣科,twse,電腦及週邊設備業,低優先,44.5014813686569,106.5,-0.0046728971962616,958788314.0,量破5日高、RSI健康、產業相對強、長上影扣分、收低於VWAP扣分,108.0,108.0,101.5,103.5,0.0140845070422535,0.0140845070422535,-0.0469483568075117,-0.028169014084507,2026-07-23T12:47:20+00:00
2026-07-22,2026-07-23,2026-07-23,settled,win,94,2059,川湖,twse,電子工業,低優先,44.23944989692175,8125.0,0.0188087774294671,3397209970.0,RSI健康、收低於VWAP扣分,8300.0,8350.0,8005.0,8200.0,0.0215384615384615,0.0276923076923076,-0.0147692307692307,0.0092307692307691,2026-07-23T12:47:20+00:00
2026-07-22,2026-07-23,2026-07-23,settled,win,95,4706,大恭,tpex,化學工業,低優先,44.164773955787645,33.0,0.03125,558377.0,收在高檔、MACD動能擴大、RSI健康、流動性不足扣分,32.95,33.5,32.05,33.5,-0.0015151515151514,0.0151515151515151,-0.0287878787878789,0.0151515151515151,2026-07-23T12:47:20+00:00
2026-07-22,2026-07-23,2026-07-23,settled,loss,96,5220,萬達光電,tpex,光電業,低優先,44.1117718446602,21.0,0.0047846889952154,1289612.0,量破5日高、MACD動能擴大、RSI健康、產業相對強、流動性不足扣分,21.0,21.0,20.75,20.95,0.0,0.0,-0.0119047619047618,-0.0023809523809523,2026-07-23T12:47:20+00:00
2026-07-22,2026-07-23,2026-07-23,settled,win,97,6285,啟碁,twse,通信網路業,低優先,44.0617329830324,253.0,0.0326530612244897,1835037628.0,RSI健康、產業相對強、長上影扣分,254.0,261.0,252.0,258.5,0.0039525691699604,0.0316205533596838,-0.0039525691699604,0.0217391304347827,2026-07-23T12:47:20+00:00
2026-07-22,2026-07-23,2026-07-23,settled,win,98,8271,宇瞻,twse,半導體業,低優先,43.957346024710006,196.5,0.0261096605744124,723466165.0,MACD動能擴大、RSI健康、產業相對強、收低於VWAP扣分,199.0,210.5,193.0,210.0,0.0127226463104326,0.0712468193384223,-0.0178117048346055,0.0687022900763358,2026-07-23T12:47:20+00:00
2026-07-22,2026-07-23,2026-07-23,settled,loss,99,3576,聯合再生,twse,電子工業,低優先,43.72788884404118,19.45,0.0183246073298428,1372585062.0,量破5日高、MACD動能擴大、長上影扣分、收低於VWAP扣分,19.6,20.1,18.1,18.35,0.0077120822622109,0.033419023136247,-0.069408740359897,-0.056555269922879,2026-07-23T12:47:20+00:00
2026-07-22,2026-07-23,2026-07-23,settled,loss,100,8112,至上,twse,電子工業,低優先,43.51180047613134,88.1,0.0220417633410672,2948177723.0,量破5日高、RSI健康、長上影扣分、收低於VWAP扣分,88.6,89.3,86.6,88.0,0.0056753688989783,0.0136208853575483,-0.0170261066969352,-0.0011350737797956,2026-07-23T12:47:20+00:00
2026-07-23,2026-07-24,2026-07-24,settled,loss,1,3665,貿聯-KY,twse,電子工業,偏多,86.62595816779621,2285.0,0.0803782505910164,14148525105.0,量破5日高、接近20日突破、收在高檔、MACD動能擴大、RSI健康,2235.0,2350.0,2190.0,2205.0,-0.0218818380743982,0.0284463894967177,-0.0415754923413567,-0.0350109409190372,2026-07-24T12:43:52+00:00
2026-07-23,2026-07-24,2026-07-24,settled,loss,2,3702,大聯大,twse,電子工業,偏多,83.14244566487497,121.5,0.0296610169491524,1819499511.0,量破5日高、收在高檔、MACD動能擴大、RSI健康,120.5,121.5,117.0,117.5,-0.008230452674897,0.0,-0.037037037037037,-0.0329218106995884,2026-07-24T12:43:52+00:00
2026-07-23,2026-07-24,2026-07-24,settled,tie,3,2376,技嘉,twse,電腦及週邊設備業,偏多,78.62821286156712,354.5,0.0186781609195403,2608306289.0,接近20日突破、收在高檔、MACD動能擴大、RSI健康,350.5,358.0,347.0,354.5,-0.0112834978843441,0.0098730606488011,-0.0211565585331452,0.0,2026-07-24T12:43:52+00:00
2026-07-23,2026-07-24,2026-07-24,settled,loss,4,3605,宏致,twse,電子零組件業,偏多,76.4358535330077,94.5,0.0183189655172413,1053687535.0,收在高檔、MACD動能擴大、RSI健康,92.0,95.1,89.8,91.0,-0.0264550264550265,0.0063492063492063,-0.0497354497354497,-0.037037037037037,2026-07-24T12:43:52+00:00
2026-07-23,2026-07-24,2026-07-24,settled,loss,5,3363,上詮,tpex,通信網路業,偏多,75.67368842138397,589.0,0.0406360424028269,2514945542.0,量破5日高、MACD動能擴大、RSI健康,576.0,639.0,570.0,582.0,-0.0220713073005093,0.0848896434634973,-0.032258064516129,-0.0118845500848896,2026-07-24T12:43:52+00:00
2026-07-23,2026-07-24,2026-07-24,settled,win,6,3231,緯創,twse,電腦及週邊設備業,偏多,75.48210263225337,173.5,0.0579268292682926,37999830284.0,量破5日高、接近20日突破、MACD動能擴大、RSI健康、長上影扣分、收低於VWAP扣分,175.0,184.0,173.0,179.0,0.0086455331412103,0.0605187319884725,-0.0028818443804035,0.0317002881844379,2026-07-24T12:43:52+00:00
2026-07-23,2026-07-24,2026-07-24,settled,loss,7,2455,全新,twse,通信網路業,偏多,75.06555854171535,345.0,0.0631741140215715,6600222104.0,量破5日高、MACD動能擴大、RSI健康,335.5,351.5,321.0,333.0,-0.0275362318840579,0.0188405797101449,-0.0695652173913043,-0.0347826086956521,2026-07-24T12:43:52+00:00
2026-07-23,2026-07-24,2026-07-24,settled,loss,8,6414,樺漢,twse,電子工業,偏多,73.33983657730444,503.0,0.026530612244898,4241440663.0,量破5日高、接近20日突破、收在高檔、MACD動能擴大、RSI過熱扣分,494.5,522.0,484.0,500.0,-0.0168986083499006,0.0377733598409542,-0.0377733598409543,-0.0059642147117295,2026-07-24T12:43:52+00:00
2026-07-23,2026-07-24,2026-07-24,settled,loss,9,3017,奇鋐,twse,電子工業,觀察偏多,71.86589239809035,2440.0,0.0772626931567328,17555109085.0,量破5日高、MACD動能擴大、收低於VWAP扣分,2375.0,2510.0,2355.0,2380.0,-0.026639344262295,0.028688524590164,-0.0348360655737705,-0.0245901639344262,2026-07-24T12:43:52+00:00
2026-07-23,2026-07-24,2026-07-24,settled,win,10,4979,華星光,tpex,通信網路業,觀察偏多,69.35512101072167,407.5,0.0751978891820579,5526636997.0,量破5日高、收在高檔、MACD動能擴大,401.0,448.0,397.5,426.5,-0.0159509202453987,0.0993865030674847,-0.0245398773006134,0.0466257668711656,2026-07-24T12:43:52+00:00
2026-07-23,2026-07-24,2026-07-24,settled,loss,11,3163,波若威,tpex,通信網路業,觀察偏多,69.35382559870112,761.0,0.0424657534246575,4222817757.0,量破5日高、MACD動能擴大、RSI健康、收低於VWAP扣分,745.0,817.0,699.0,705.0,-0.0210249671484887,0.0735873850197108,-0.0814717477003942,-0.0735873850197109,2026-07-24T12:43:52+00:00
2026-07-23,2026-07-24,2026-07-24,settled,loss,12,3653,健策,twse,電子零組件業,觀察偏多,68.1965616966581,3710.0,0.06,8165508625.0,量破5日高、MACD動能擴大、RSI健康、長上影扣分、收低於VWAP扣分,3650.0,3690.0,3365.0,3430.0,-0.0161725067385444,-0.0053908355795148,-0.0929919137466307,-0.0754716981132075,2026-07-24T12:43:52+00:00
2026-07-23,2026-07-24,2026-07-24,settled,loss,13,3706,神達,twse,電腦及週邊設備業,觀察偏多,67.74004870788798,92.0,0.0087719298245614,1288845953.0,MACD動能擴大、RSI健康,91.2,92.6,91.1,91.3,-0.0086956521739129,0.0065217391304346,-0.0097826086956522,-0.0076086956521739,2026-07-24T12:43:52+00:00
2026-07-23,2026-07-24,2026-07-24,settled,win,14,8271,宇瞻,twse,半導體業,觀察偏多,67.17343877227364,210.0,0.0687022900763358,1022660874.0,接近20日突破、收在高檔、MACD動能擴大、RSI健康,211.0,223.0,204.0,212.5,0.0047619047619047,0.0619047619047619,-0.0285714285714285,0.0119047619047618,2026-07-24T12:43:52+00:00
2026-07-23,2026-07-24,2026-07-24,settled,loss,15,3088,艾訊,tpex,電腦及週邊設備業,觀察偏多,66.40484437673801,154.0,0.0440677966101694,970217944.0,量比>1.8、接近20日突破、MACD動能擴大、RSI健康,149.0,159.0,148.0,150.5,-0.0324675324675324,0.0324675324675325,-0.0389610389610389,-0.0227272727272727,2026-07-24T12:43:52+00:00
2026-07-23,2026-07-24,2026-07-24,settled,win,16,6166,凌華,twse,電腦及週邊設備業,觀察偏多,65.98811778299999,159.5,0.1,1096264515.0,量破5日高、接近20日突破、收在高檔、MACD動能擴大、RSI健康、近漲停過熱扣分,160.5,174.0,160.0,166.5,0.006269592476489,0.0909090909090908,0.0031347962382444,0.0438871473354232,2026-07-24T12:43:52+00:00
2026-07-23,2026-07-24,2026-07-24,settled,loss,17,5388,中磊,twse,電子工業,觀察偏多,65.8091619962421,89.1,0.021788990825688,466255915.0,量破5日高、收在高檔、MACD動能擴大,88.5,90.5,87.9,88.7,-0.0067340067340067,0.0157126823793491,-0.0134680134680132,-0.004489337822671,2026-07-24T12:43:52+00:00
2026-07-23,2026-07-24,2026-07-24,settled,win,18,4938,和碩,twse,電腦及週邊設備業,觀察偏多,65.53774764810231,87.2,0.0331753554502369,2548908288.0,量破5日高、MACD動能擴大、RSI健康、長上影扣分、收低於VWAP扣分,87.2,90.4,87.0,88.4,0.0,0.036697247706422,-0.0022935779816514,0.0137614678899082,2026-07-24T12:43:52+00:00
2026-07-23,2026-07-24,2026-07-24,settled,loss,19,2880,華南金,twse,金融保險,觀察偏多,65.00486445333567,41.25,0.0,1229870271.0,接近20日突破、收在高檔、MACD動能擴大,40.1,41.35,39.95,40.7,-0.0278787878787878,0.0024242424242424,-0.0315151515151514,-0.0133333333333333,2026-07-24T12:43:52+00:00
2026-07-23,2026-07-24,2026-07-24,settled,loss,20,2317,鴻海,twse,其他電子業,觀察偏多,64.43140849573405,257.5,0.0238568588469185,16358184879.0,MACD動能擴大、產業相對強,254.0,256.0,251.5,252.5,-0.0135922330097086,-0.0058252427184466,-0.0233009708737863,-0.0194174757281553,2026-07-24T12:43:52+00:00
2026-07-23,2026-07-24,2026-07-24,settled,win,21,2357,華碩,twse,電腦及週邊設備業,觀察偏多,64.05856914082558,769.0,0.0158520475561427,2793219026.0,MACD動能擴大,760.0,780.0,760.0,771.0,-0.011703511053316,0.0143042912873863,-0.011703511053316,0.0026007802340701,2026-07-24T12:43:52+00:00
2026-07-23,2026-07-24,2026-07-24,settled,loss,22,6285,啟碁,twse,通信網路業,觀察偏多,63.878549522270895,258.5,0.0217391304347827,1855929156.0,MACD動能擴大、RSI健康,253.5,260.0,249.5,249.5,-0.0193423597678916,0.0058027079303675,-0.034816247582205,-0.034816247582205,2026-07-24T12:43:52+00:00
2026-07-23,2026-07-24,2026-07-24,settled,loss,23,8938,明安,tpex,運動休閒類,觀察偏多,63.25691617166798,57.6,0.0267379679144386,14637778.0,量破5日高、接近20日突破、收在高檔、MACD動能擴大、RSI健康、流動性不足扣分,57.9,57.9,56.7,56.8,0.0052083333333332,0.0052083333333332,-0.015625,-0.0138888888888889,2026-07-24T12:43:52+00:00
2026-07-23,2026-07-24,2026-07-24,settled,loss,24,1301,台塑,twse,塑膠工業,觀察偏多,62.68397676177472,66.2,0.04251968503937,11083602494.0,量破5日高、MACD動能擴大、RSI健康、長上影扣分、收低於VWAP扣分,66.5,67.0,62.1,62.7,0.0045317220543805,0.012084592145015,-0.0619335347432024,-0.052870090634441,2026-07-24T12:43:52+00:00
2026-07-23,2026-07-24,2026-07-24,settled,loss,25,6805,富世達,twse,電子零組件業,觀察偏多,62.04848971722365,1455.0,0.043010752688172,2207932815.0,量破5日高、MACD動能擴大,1420.0,1475.0,1405.0,1410.0,-0.0240549828178694,0.0137457044673539,-0.0343642611683848,-0.0309278350515463,2026-07-24T12:43:52+00:00
2026-07-23,2026-07-24,2026-07-24,settled,loss,26,1326,台化,twse,塑膠工業,觀察偏多,61.21538755463817,71.7,0.0155807365439095,11983467583.0,量破5日高、MACD動能擴大、RSI健康、長上影扣分、收低於VWAP扣分,72.0,72.6,66.8,67.5,0.0041841004184099,0.0125523012552299,-0.0683403068340308,-0.0585774058577406,2026-07-24T12:43:52+00:00
2026-07-23,2026-07-24,2026-07-24,settled,loss,27,2542,興富發,twse,建材營造,觀察偏多,60.84500134165995,44.95,0.0033482142857144,632174301.0,接近20日突破、收在高檔、MACD動能擴大、RSI健康,44.45,44.9,44.05,44.2,-0.0111234705228031,-0.0011123470522803,-0.0200222469410457,-0.0166852057842046,2026-07-24T12:43:52+00:00
2026-07-23,2026-07-24,2026-07-24,settled,loss,28,2395,研華,twse,電子工業,觀察偏多,60.38286632390746,600.0,0.0067114093959732,2297473146.0,MACD動能擴大,585.0,616.0,578.0,581.0,-0.025,0.0266666666666666,-0.0366666666666666,-0.0316666666666666,2026-07-24T12:43:52+00:00
2026-07-23,2026-07-24,2026-07-24,settled,loss,29,6245,立端,tpex,通信網路業,觀察偏多,59.90612001891472,84.9,0.0429975429975431,140142408.0,量破5日高、接近20日突破、收在高檔、MACD動能擴大、RSI健康、流動性不足扣分,83.9,86.3,83.2,84.0,-0.0117785630153121,0.0164899882214368,-0.0200235571260306,-0.0106007067137809,2026-07-24T12:43:52+00:00
2026-07-23,2026-07-24,2026-07-24,settled,loss,30,1418,東華,twse,紡織纖維,觀察偏多,58.85273136246786,19.25,0.0606060606060607,1721821.0,量破5日高、收在高檔、MACD動能擴大、RSI健康、流動性不足扣分,19.3,19.3,18.7,18.7,0.0025974025974027,0.0025974025974027,-0.0285714285714285,-0.0285714285714285,2026-07-24T12:43:52+00:00
2026-07-23,2026-07-24,2026-07-24,settled,loss,31,3036,文曄,twse,電子工業,觀察偏多,58.69742273702899,207.5,0.0506329113924051,1701599657.0,收在高檔、MACD動能擴大,204.5,209.5,203.5,205.5,-0.0144578313253012,0.0096385542168675,-0.0192771084337349,-0.0096385542168674,2026-07-24T12:43:52+00:00
2026-07-23,2026-07-24,2026-07-24,settled,loss,32,5523,豐謙,tpex,建材營造,觀察偏多,58.082321202470936,30.4,0.0,2224129.0,量破5日高、接近20日突破、收在高檔、MACD動能擴大、RSI健康、流動性不足扣分,30.25,30.35,30.15,30.25,-0.0049342105263157,-0.0016447368421051,-0.0082236842105263,-0.0049342105263157,2026-07-24T12:43:52+00:00
2026-07-23,2026-07-24,2026-07-24,settled,loss,33,2027,大成鋼,twse,鋼鐵工業,中性觀察,56.80456295297027,44.4,0.0148571428571429,1165523544.0,MACD動能擴大,44.0,44.4,43.5,43.55,-0.009009009009009,0.0,-0.0202702702702702,-0.0191441441441442,2026-07-24T12:43:52+00:00
2026-07-23,2026-07-24,2026-07-24,settled,loss,34,2360,致茂,twse,電子工業,中性觀察,56.60481040141882,2155.0,0.0141176470588235,5067735585.0,MACD動能擴大、RSI健康,2140.0,2190.0,2075.0,2080.0,-0.0069605568445475,0.0162412993039442,-0.037122969837587,-0.0348027842227378,2026-07-24T12:43:52+00:00
2026-07-23,2026-07-24,2026-07-24,settled,loss,35,1259,安心,tpex,觀光餐旅,中性觀察,56.30606990842011,60.8,0.0252951096121416,3664241.0,量破5日高、接近20日突破、收在高檔、MACD動能擴大、流動性不足扣分,60.8,60.8,59.4,59.9,0.0,0.0,-0.0230263157894736,-0.0148026315789473,2026-07-24T12:43:52+00:00
2026-07-23,2026-07-24,2026-07-24,settled,loss,36,8050,廣積,tpex,電腦及週邊設備業,中性觀察,55.786276807002366,63.0,0.0294117647058822,293150999.0,量破5日高、MACD動能擴大、RSI健康、流動性不足扣分,61.1,62.8,59.3,59.6,-0.0301587301587301,-0.0031746031746032,-0.0587301587301587,-0.053968253968254,2026-07-24T12:43:52+00:00
2026-07-23,2026-07-24,2026-07-24,settled,win,37,1590,亞德客-KY,twse,電機機械,中性觀察,55.54400936467132,1405.0,-0.0174825174825175,1395418445.0,MACD動能擴大、RSI健康,1430.0,1455.0,1400.0,1425.0,0.0177935943060498,0.0355871886120997,-0.0035587188612099,0.0142348754448398,2026-07-24T12:43:52+00:00
2026-07-23,2026-07-24,2026-07-24,settled,win,38,2002,中鋼,twse,鋼鐵工業,中性觀察,55.28650776473515,19.1,0.0132625994694959,1712220353.0,量破5日高、MACD動能擴大、RSI健康、長上影扣分、收低於VWAP扣分,18.95,19.35,18.9,19.15,-0.0078534031413614,0.013089005235602,-0.0104712041884817,0.0026178010471202,2026-07-24T12:43:52+00:00
2026-07-23,2026-07-24,2026-07-24,settled,loss,39,6579,研揚,twse,電腦及週邊設備業,中性觀察,55.14784823203696,183.5,0.0988023952095809,436008169.0,量破5日高、接近20日突破、收在高檔、MACD動能擴大、RSI健康、近漲停過熱扣分、流動性不足扣分,181.5,186.5,177.0,180.5,-0.0108991825613079,0.0163487738419618,-0.0354223433242506,-0.0163487738419618,2026-07-24T12:43:52+00:00
2026-07-23,2026-07-24,2026-07-24,settled,loss,40,2377,微星,twse,電腦及週邊設備業,中性觀察,55.10874035989717,152.0,-0.0193548387096774,3114343589.0,MACD動能擴大、RSI健康,149.0,151.0,144.5,146.5,-0.0197368421052631,-0.006578947368421,-0.0493421052631578,-0.0361842105263158,2026-07-24T12:43:52+00:00
2026-07-23,2026-07-24,2026-07-24,settled,win,41,2425,承啟,twse,電腦及週邊設備業,中性觀察,54.83341015867386,45.8,0.0143964562569214,498465647.0,量破5日高、MACD動能擴大、RSI健康、流動性不足扣分,45.55,47.9,45.2,46.85,-0.0054585152838427,0.0458515283842795,-0.0131004366812226,0.0229257641921398,2026-07-24T12:43:52+00:00
2026-07-23,2026-07-24,2026-07-24,settled,loss,42,3594,磐儀,tpex,電腦及週邊設備業,中性觀察,54.38623699160821,56.8,0.0577281191806331,285326873.0,量破5日高、MACD動能擴大、RSI健康、流動性不足扣分,56.7,57.8,54.0,54.0,-0.0017605633802816,0.0176056338028169,-0.0492957746478872,-0.0492957746478872,2026-07-24T12:43:52+00:00
2026-07-23,2026-07-24,2026-07-24,settled,loss,43,2073,雄順,tpex,鋼鐵工業,中性觀察,54.01901870926507,28.15,0.0349264705882352,228077.0,量破5日高、收在高檔、MACD動能擴大、RSI健康、流動性不足扣分,28.5,28.5,26.8,27.7,0.0124333925399644,0.0124333925399644,-0.0479573712255771,-0.0159857904085257,2026-07-24T12:43:52+00:00
2026-07-23,2026-07-24,2026-07-24,settled,loss,44,5227,立凱-KY,tpex,電子零組件業,中性觀察,53.42974342495549,40.4,0.038560411311054,200638329.0,量破5日高、收在高檔、MACD動能擴大、RSI健康、流動性不足扣分,40.0,41.4,39.0,40.1,-0.0099009900990099,0.0247524752475247,-0.0346534653465345,-0.0074257425742573,2026-07-24T12:43:52+00:00
2026-07-23,2026-07-24,2026-07-24,settled,loss,45,2645,長榮航太,twse,航運業,中性觀察,53.35227230995226,198.0,0.0153846153846153,853835145.0,收在高檔、RSI健康,194.5,201.5,192.5,196.5,-0.0176767676767676,0.0176767676767677,-0.0277777777777777,-0.0075757575757575,2026-07-24T12:43:52+00:00
2026-07-23,2026-07-24,2026-07-24,settled,win,46,2886,兆豐金,twse,金融保險,中性觀察,53.30417737789199,48.15,-0.0010373443983403,1257485944.0,RSI健康,47.1,48.7,47.1,48.45,-0.0218068535825544,0.0114226375908619,-0.0218068535825544,0.0062305295950155,2026-07-24T12:43:52+00:00
2026-07-23,2026-07-24,2026-07-24,settled,loss,47,6139,亞翔,twse,其他電子業,中性觀察,53.23897814910026,858.0,0.0165876777251183,2278537654.0,收在高檔、產業相對強,900.0,912.0,827.0,840.0,0.0489510489510489,0.0629370629370629,-0.0361305361305361,-0.0209790209790209,2026-07-24T12:43:52+00:00
2026-07-23,2026-07-24,2026-07-24,settled,loss,48,2881,富邦金,twse,金融保險,中性觀察,53.14167334473248,128.5,0.0118110236220472,2073336418.0,RSI健康,127.0,129.0,126.5,127.5,-0.0116731517509727,0.0038910505836575,-0.0155642023346302,-0.0077821011673151,2026-07-24T12:43:52+00:00
2026-07-23,2026-07-24,2026-07-24,settled,win,49,1216,統一,twse,食品工業,中性觀察,52.78125589039784,77.0,0.0026041666666667,1566232886.0,收在高檔、RSI健康,75.9,77.7,75.9,77.4,-0.0142857142857142,0.009090909090909,-0.0142857142857142,0.0051948051948051,2026-07-24T12:43:52+00:00
2026-07-23,2026-07-24,2026-07-24,settled,loss,50,2059,川湖,twse,電子工業,中性觀察,52.738842628814126,8200.0,0.0092307692307691,3743410855.0,RSI健康,8005.0,8150.0,7635.0,7735.0,-0.023780487804878,-0.0060975609756097,-0.0689024390243902,-0.0567073170731707,2026-07-24T12:43:52+00:00
2026-07-23,2026-07-24,2026-07-24,settled,loss,51,8039,台虹,twse,電子零組件業,中性觀察,52.382294344473,256.0,0.0987124463519313,11689852980.0,接近20日突破、收在高檔、MACD動能擴大、RSI過熱扣分、近漲停過熱扣分,251.5,257.5,235.0,240.0,-0.017578125,0.005859375,-0.08203125,-0.0625,2026-07-24T12:43:52+00:00
2026-07-23,2026-07-24,2026-07-24,settled,win,52,4706,大恭,tpex,化學工業,中性觀察,52.268411795561775,33.5,0.0151515151515151,1622972.0,量破5日高、收在高檔、MACD動能擴大、RSI健康、流動性不足扣分,33.35,35.0,33.35,35.0,-0.0044776119402984,0.0447761194029849,-0.0044776119402984,0.0447761194029849,2026-07-24T12:43:52+00:00
2026-07-23,2026-07-24,2026-07-24,settled,loss,53,6505,台塑化,twse,油電燃氣業,中性觀察,51.93440139551966,93.2,0.0951821386603997,8852530889.0,接近20日突破、收在高檔、MACD動能擴大、RSI過熱扣分、近漲停過熱扣分,97.6,97.9,84.7,85.8,0.0472103004291843,0.0504291845493563,-0.0912017167381974,-0.0793991416309013,2026-07-24T12:43:52+00:00
2026-07-23,2026-07-24,2026-07-24,settled,win,54,2615,萬海,twse,航運業,中性觀察,51.86180601529888,84.5,-0.0070505287896591,728377849.0,MACD動能擴大、RSI健康,84.1,87.9,84.1,87.0,-0.0047337278106509,0.0402366863905325,-0.0047337278106509,0.0295857988165679,2026-07-24T12:43:52+00:00
2026-07-23,2026-07-24,2026-07-24,settled,loss,55,4991,環宇-KY,tpex,半導體業,中性觀察,51.831426735218514,436.0,0.036860879904875,6028194706.0,量破5日高、MACD動能擴大、長上影扣分、收低於VWAP扣分,428.0,460.0,406.5,417.0,-0.018348623853211,0.0550458715596329,-0.0676605504587155,-0.0435779816513761,2026-07-24T12:43:52+00:00
2026-07-23,2026-07-24,2026-07-24,settled,win,56,2359,所羅門,twse,電子工業,中性觀察,51.71646580484073,142.0,0.0215827338129497,469637411.0,RSI健康,140.0,152.0,139.0,145.0,-0.0140845070422535,0.0704225352112675,-0.0211267605633802,0.0211267605633802,2026-07-24T12:43:52+00:00
2026-07-23,2026-07-24,2026-07-24,settled,win,57,6577,勁豐,tpex,電腦及週邊設備業,中性觀察,51.37997258022209,85.9,0.0998719590268888,53760585.0,量破5日高、接近20日突破、收在高檔、MACD動能擴大、近漲停過熱扣分、流動性不足扣分,89.0,94.4,88.8,94.4,0.0360884749708962,0.0989522700814899,0.0337601862630965,0.0989522700814899,2026-07-24T12:43:52+00:00
2026-07-23,2026-07-24,2026-07-24,settled,win,58,2890,永豐金,twse,金融保險,中性觀察,51.35896282380861,38.2,-0.0544554455445543,2883566292.0,量破5日高,37.7,38.95,37.7,38.55,-0.013089005235602,0.0196335078534031,-0.013089005235602,0.0091623036649213,2026-07-24T12:43:52+00:00
2026-07-23,2026-07-24,2026-07-24,settled,loss,59,3362,先進光,tpex,光電業,中性觀察,50.62516697356073,163.0,0.0415335463258785,518242554.0,,159.0,159.5,150.5,150.5,-0.0245398773006134,-0.0214723926380367,-0.0766871165644171,-0.0766871165644171,2026-07-24T12:43:52+00:00
2026-07-23,2026-07-24,2026-07-24,settled,loss,60,6907,雅特力-KY,tpex,半導體業,中性觀察,50.50445938250129,217.0,0.0333333333333334,106614953.0,收在高檔、RSI健康,212.0,215.0,201.5,203.0,-0.0230414746543778,-0.0092165898617511,-0.0714285714285714,-0.0645161290322581,2026-07-24T12:43:52+00:00
2026-07-23,2026-07-24,2026-07-24,settled,win,61,4442,竣邦-KY,tpex,紡織纖維,中性觀察,50.40773862747288,56.4,0.0994152046783625,40653220.0,量破5日高、接近20日突破、收在高檔、MACD動能擴大、RSI健康、近漲停過熱扣分、流動性不足扣分,56.1,59.7,53.7,59.7,-0.0053191489361701,0.0585106382978724,-0.0478723404255317,0.0585106382978724,2026-07-24T12:43:52+00:00
2026-07-23,2026-07-24,2026-07-24,settled,loss,62,3033,威健,twse,電子通路業,中性觀察,50.35891153991866,50.5,0.0059760956175298,253121931.0,收在高檔、RSI健康,49.8,51.6,49.6,50.0,-0.0138613861386138,0.0217821782178218,-0.0178217821782178,-0.0099009900990099,2026-07-24T12:43:52+00:00
2026-07-23,2026-07-24,2026-07-24,settled,loss,63,4764,雙鍵,twse,化學生技醫療,中性觀察,50.08272819990736,309.5,0.0654044750430291,879579669.0,收在高檔、RSI健康,297.5,320.5,279.5,279.5,-0.0387722132471728,0.0355411954765751,-0.0969305331179321,-0.0969305331179321,2026-07-24T12:43:52+00:00
2026-07-23,2026-07-24,2026-07-24,settled,loss,64,7750,新代,twse,電機機械,中性觀察,49.73187806820694,2160.0,0.0640394088669951,551598420.0,收在高檔、MACD動能擴大、RSI健康,2155.0,2155.0,2015.0,2025.0,-0.0023148148148147,-0.0023148148148147,-0.0671296296296296,-0.0625,2026-07-24T12:43:52+00:00
2026-07-23,2026-07-24,2026-07-24,settled,win,65,8383,千附,tpex,半導體業,中性觀察,49.44554483293542,88.0,0.0513739545997609,219380655.0,收在高檔,88.0,93.8,88.0,90.4,0.0,0.0659090909090909,0.0,0.0272727272727273,2026-07-24T12:43:52+00:00
2026-07-23,2026-07-24,2026-07-24,settled,win,66,2354,鴻準,twse,其他電子業,中性觀察,49.342102480806886,57.0,0.0160427807486631,336674716.0,MACD動能擴大、RSI健康、產業相對強,56.8,57.7,56.3,57.1,-0.0035087719298245,0.012280701754386,-0.012280701754386,0.0017543859649122,2026-07-24T12:43:52+00:00
2026-07-23,2026-07-24,2026-07-24,settled,loss,67,7717,萊德光電-KY,tpex,通信網路業,中性觀察,49.288294160852,461.0,0.0758459743290549,196437006.0,量破5日高、MACD動能擴大、RSI健康、流動性不足扣分,449.5,470.0,432.0,436.5,-0.0249457700650759,0.0195227765726682,-0.0629067245119305,-0.0531453362255965,2026-07-24T12:43:52+00:00
2026-07-23,2026-07-24,2026-07-24,settled,win,68,6508,惠光,tpex,農業科技業,中性觀察,48.94382010053542,27.45,0.0147874306839186,5040180.0,接近20日突破、收在高檔、MACD動能擴大、流動性不足扣分,27.2,28.7,27.05,27.65,-0.0091074681238615,0.0455373406193078,-0.0145719489981784,0.0072859744990891,2026-07-24T12:43:52+00:00
2026-07-23,2026-07-24,2026-07-24,settled,loss,69,3081,聯亞,tpex,通信網路業,中性觀察,48.87564267352185,1830.0,0.0990990990990992,4441776895.0,收在高檔、RSI健康、近漲停過熱扣分,1810.0,2010.0,1745.0,1760.0,-0.0109289617486338,0.098360655737705,-0.046448087431694,-0.0382513661202186,2026-07-24T12:43:52+00:00
2026-07-23,2026-07-24,2026-07-24,settled,loss,70,3026,禾伸堂,twse,電子零組件業,中性觀察,48.77869537275064,697.0,0.0512820512820513,898328442.0,收在高檔,682.0,700.0,628.0,640.0,-0.0215208034433285,0.0043041606886657,-0.0989956958393113,-0.0817790530846485,2026-07-24T12:43:52+00:00
2026-07-23,2026-07-24,2026-07-24,settled,tie,71,4995,晶達,tpex,光電業,中性觀察,48.26076787480861,50.3,0.0994535519125683,21360374.0,量破5日高、接近20日突破、收在高檔、MACD動能擴大、近漲停過熱扣分、流動性不足扣分,52.0,52.5,49.15,50.3,0.0337972166998012,0.043737574552684,-0.0228628230616302,0.0,2026-07-24T12:43:52+00:00
2026-07-23,2026-07-24,2026-07-24,settled,loss,72,2330,台積電,twse,電子工業,中性觀察,48.05404884318767,2405.0,0.0020833333333334,66833713878.0,收在高檔,2355.0,2365.0,2345.0,2350.0,-0.0207900207900207,-0.0166320166320166,-0.0249480249480249,-0.0228690228690228,2026-07-24T12:43:52+00:00
2026-07-23,2026-07-24,2026-07-24,settled,loss,73,6141,柏承,twse,電子零組件業,中性觀察,47.80036185313513,42.9,0.0214285714285713,377394413.0,量破5日高、MACD動能擴大、RSI健康、收低於VWAP扣分、流動性不足扣分,41.0,41.0,38.65,38.65,-0.0442890442890442,-0.0442890442890442,-0.0990675990675991,-0.0990675990675991,2026-07-24T12:43:52+00:00
2026-07-23,2026-07-24,2026-07-24,settled,loss,74,3008,大立光,twse,電子工業,中性觀察,47.471410915562586,4140.0,0.0349999999999999,6279980140.0,收在高檔、RSI健康,4070.0,4150.0,3915.0,3920.0,-0.0169082125603864,0.002415458937198,-0.0543478260869565,-0.0531400966183575,2026-07-24T12:43:52+00:00
2026-07-23,2026-07-24,2026-07-24,settled,win,75,3479,安勤,tpex,電腦及週邊設備業,中性觀察,47.3949500750133,153.5,0.0233333333333334,692125292.0,MACD動能擴大、RSI健康、長上影扣分,154.0,157.0,151.0,156.5,0.003257328990228,0.0228013029315961,-0.01628664495114,0.019543973941368,2026-07-24T12:43:52+00:00
2026-07-23,2026-07-24,2026-07-24,settled,loss,76,2832,台產,twse,金融保險,中性觀察,47.38541131105399,56.7,0.0071047957371226,13241678.0,量破5日高、收在高檔、RSI健康、流動性不足扣分,55.9,56.4,55.7,56.4,-0.0141093474426808,-0.0052910052910053,-0.0176366843033509,-0.0052910052910053,2026-07-24T12:43:52+00:00
2026-07-23,2026-07-24,2026-07-24,settled,loss,77,8349,恒耀,tpex,鋼鐵工業,中性觀察,47.36237146529563,40.45,0.0188916876574307,6775580.0,量破5日高、MACD動能擴大、RSI健康、流動性不足扣分,40.5,40.55,39.65,40.15,0.0012360939431395,0.0024721878862792,-0.0197775030902349,-0.0074165636588381,2026-07-24T12:43:52+00:00
2026-07-23,2026-07-24,2026-07-24,settled,win,78,2324,仁寶,twse,電腦及週邊設備業,中性觀察,47.251348355739545,36.75,0.0151933701657458,2144726028.0,MACD動能擴大、RSI健康、長上影扣分、收低於VWAP扣分,36.45,37.3,36.1,37.2,-0.0081632653061223,0.0149659863945577,-0.0176870748299319,0.0122448979591838,2026-07-24T12:43:52+00:00
2026-07-23,2026-07-24,2026-07-24,settled,win,79,2892,第一金,twse,金融保險,中性觀察,47.24057106132939,34.15,-0.0072674418604651,1200318644.0,,33.4,34.45,33.4,34.3,-0.0219619326500731,0.0087847730600294,-0.0219619326500731,0.0043923865300146,2026-07-24T12:43:52+00:00
2026-07-23,2026-07-24,2026-07-24,settled,loss,80,3450,聯鈞,twse,半導體業,中性觀察,47.13232082827199,474.0,0.0338058887677208,8236754904.0,量破5日高、RSI健康、長上影扣分、收低於VWAP扣分,463.0,490.0,427.0,427.0,-0.0232067510548523,0.0337552742616034,-0.0991561181434599,-0.0991561181434599,2026-07-24T12:43:52+00:00
2026-07-23,2026-07-24,2026-07-24,settled,loss,81,5328,華容,tpex,電子零組件業,中性觀察,46.82273069443386,67.0,0.0105580693815987,2511847606.0,量比>1.8、收低於VWAP扣分,65.8,67.0,60.6,61.1,-0.0179104477611941,0.0,-0.0955223880597014,-0.0880597014925372,2026-07-24T12:43:52+00:00
2026-07-23,2026-07-24,2026-07-24,settled,loss,82,2887,台新新光金,twse,金融保險,中性觀察,46.71990145672663,34.5,-0.0028901734104046,1833674790.0,RSI健康,33.9,34.65,33.85,34.15,-0.017391304347826,0.0043478260869564,-0.0188405797101448,-0.0101449275362319,2026-07-24T12:43:52+00:00
2026-07-23,2026-07-24,2026-07-24,settled,loss,83,5871,中租-KY,twse,其他,中性觀察,46.10465938303342,120.5,-0.0203252032520325,1625808467.0,RSI健康,119.0,120.5,119.0,120.0,-0.0124481327800829,0.0,-0.0124481327800829,-0.0041493775933609,2026-07-24T12:43:52+00:00
2026-07-23,2026-07-24,2026-07-24,settled,loss,84,5434,崇越,twse,電子工業,中性觀察,46.069023136246784,559.0,-0.0106194690265486,611639513.0,RSI健康,550.0,562.0,542.0,552.0,-0.0161001788908765,0.0053667262969587,-0.0304114490161001,-0.0125223613595706,2026-07-24T12:43:52+00:00
2026-07-23,2026-07-24,2026-07-24,settled,win,85,3022,威強電,twse,電腦及週邊設備業,中性觀察,45.91469357344142,92.2,0.0143014301430142,263441379.0,RSI健康,91.5,95.0,91.4,94.0,-0.0075921908893709,0.0303687635574836,-0.0086767895878524,0.0195227765726679,2026-07-24T12:43:52+00:00
2026-07-23,2026-07-24,2026-07-24,settled,tie,86,6195,詩肯,tpex,居家生活類,中性觀察,45.89020189548689,27.2,0.0092764378478664,1456664.0,接近20日突破、收在高檔、MACD動能擴大、流動性不足扣分,27.15,27.2,27.0,27.2,-0.0018382352941176,0.0,-0.0073529411764705,0.0,2026-07-24T12:43:52+00:00
2026-07-23,2026-07-24,2026-07-24,settled,loss,87,5483,中美晶,tpex,半導體業,中性觀察,45.44585824015858,212.5,-0.0918803418803418,9633302470.0,量破5日高、RSI健康、收低於VWAP扣分,209.0,215.5,201.5,203.5,-0.0164705882352941,0.0141176470588235,-0.0517647058823529,-0.0423529411764705,2026-07-24T12:43:52+00:00
2026-07-23,2026-07-24,2026-07-24,settled,loss,88,6538,倉和,tpex,電子零組件業,中性觀察,45.32312706682509,145.0,0.0431654676258992,187205143.0,RSI健康,144.0,147.5,132.5,133.5,-0.0068965517241379,0.0172413793103447,-0.086206896551724,-0.0793103448275862,2026-07-24T12:43:52+00:00
2026-07-23,2026-07-24,2026-07-24,settled,loss,89,2885,元大金,twse,金融保險,中性觀察,45.16635420815757,63.3,0.0031695721077653,1355883249.0,,62.7,63.8,62.7,63.1,-0.0094786729857818,0.0078988941548183,-0.0094786729857818,-0.0031595576619272,2026-07-24T12:43:52+00:00
2026-07-23,2026-07-24,2026-07-24,settled,loss,90,3577,泓格,tpex,電腦及週邊設備業,低優先,44.94501798596257,160.0,0.0526315789473683,626659906.0,MACD動能擴大、RSI健康、長上影扣分,157.0,176.0,144.0,146.5,-0.01875,0.1,-0.0999999999999999,-0.0843749999999999,2026-07-24T12:43:52+00:00
2026-07-23,2026-07-24,2026-07-24,settled,loss,91,8476,台境*,twse,綠能環保,低優先,44.81358593411944,24.55,0.0559139784946236,42679192.0,量破5日高、收在高檔、RSI健康、流動性不足扣分,24.2,24.2,22.15,23.25,-0.0142566191446028,-0.0142566191446028,-0.0977596741344196,-0.0529531568228106,2026-07-24T12:43:52+00:00
2026-07-23,2026-07-24,2026-07-24,settled,win,92,5312,寶島科,tpex,生技醫療業,低優先,44.76179084301036,100.0,0.091703056768559,92597345.0,量破5日高、接近20日突破、收在高檔、MACD動能擴大、近漲停過熱扣分、流動性不足扣分,99.3,105.0,99.3,100.5,-0.007,0.05,-0.007,0.0049999999999998,2026-07-24T12:43:52+00:00
2026-07-23,2026-07-24,2026-07-24,settled,loss,93,2605,新興,twse,航運業,低優先,44.605218550027246,32.5,0.0333863275039745,600749884.0,量破5日高、接近20日突破、MACD動能擴大、長上影扣分、流動性不足扣分,32.5,33.3,32.15,32.3,0.0,0.0246153846153844,-0.0107692307692308,-0.0061538461538462,2026-07-24T12:43:52+00:00
2026-07-23,2026-07-24,2026-07-24,settled,loss,94,6223,旺矽,tpex,半導體業,低優先,44.197996027109134,6250.0,0.0416666666666667,4074115140.0,,6085.0,6290.0,5650.0,5705.0,-0.0263999999999999,0.0063999999999999,-0.0959999999999999,-0.0872,2026-07-24T12:43:52+00:00
2026-07-23,2026-07-24,2026-07-24,settled,loss,95,6196,帆宣,twse,其他電子業,低優先,44.12021208226221,543.0,-0.0091240875912408,651990549.0,產業相對強,537.0,550.0,520.0,526.0,-0.011049723756906,0.0128913443830571,-0.0423572744014733,-0.0313075506445672,2026-07-24T12:43:52+00:00
2026-07-23,2026-07-24,2026-07-24,settled,win,96,4541,晟田,tpex,其他,低優先,44.00131699891419,68.8,-0.0254957507082153,677288210.0,RSI健康,69.5,74.7,68.4,71.4,0.0101744186046512,0.0857558139534884,-0.0058139534883719,0.0377906976744186,2026-07-24T12:43:52+00:00
2026-07-23,2026-07-24,2026-07-24,settled,loss,97,2465,麗臺,twse,電腦及週邊設備業,低優先,43.99284351936314,82.7,0.0024242424242424,220328838.0,量破5日高、MACD動能擴大、RSI健康、收低於VWAP扣分、流動性不足扣分,80.3,82.5,80.3,80.5,-0.0290205562273278,-0.0024183796856106,-0.0290205562273278,-0.026602176541717,2026-07-24T12:43:52+00:00
2026-07-23,2026-07-24,2026-07-24,settled,loss,98,2408,南亞科,twse,電子工業,低優先,43.95463209131421,426.0,-0.0437710437710437,38764135815.0,量破5日高、RSI健康、收低於VWAP扣分,418.0,433.5,401.0,401.0,-0.0187793427230047,0.0176056338028169,-0.0586854460093896,-0.0586854460093896,2026-07-24T12:43:52+00:00
2026-07-23,2026-07-24,2026-07-24,settled,loss,99,2379,瑞昱,twse,電子工業,低優先,43.8463648370795,745.0,0.0026917900403768,2506322636.0,收在高檔,736.0,765.0,731.0,744.0,-0.0120805369127516,0.0268456375838925,-0.0187919463087248,-0.0013422818791946,2026-07-24T12:43:52+00:00
2026-07-23,2026-07-24,2026-07-24,settled,loss,100,1229,聯華,twse,食品工業,低優先,43.81188074423128,42.5,0.0572139303482586,381111455.0,量破5日高、收在高檔、RSI健康、流動性不足扣分,42.35,42.5,41.05,41.65,-0.0035294117647058,0.0,-0.0341176470588235,-0.02,2026-07-24T12:43:52+00:00
2026-07-24,2026-07-27,2026-07-27,settled,win,1,6669,緯穎,twse,電腦及週邊設備業,偏多,80.3569492567341,5730.0,0.0475319926873858,17270977515.0,接近20日突破、MACD動能擴大、RSI健康,5700.0,5780.0,5480.0,5745.0,-0.0052356020942407,0.0087260034904013,-0.043630017452007,0.0026178010471205,2026-07-27T13:44:26+00:00
2026-07-24,2026-07-27,2026-07-27,settled,loss,2,2615,萬海,twse,航運業,偏多,77.6331725494721,87.0,0.0295857988165679,1962248809.0,接近20日突破、MACD動能擴大、RSI健康,86.0,86.0,83.0,84.0,-0.0114942528735632,-0.0114942528735632,-0.0459770114942529,-0.0344827586206896,2026-07-27T13:44:26+00:00
2026-07-24,2026-07-27,2026-07-27,settled,loss,3,7734,印能科技,tpex,半導體業,偏多,74.80486755315981,3460.0,0.0516717325227964,1692324370.0,量破5日高、MACD動能擴大、RSI健康,3460.0,3500.0,3140.0,3430.0,0.0,0.0115606936416186,-0.0924855491329479,-0.0086705202312138,2026-07-27T13:44:26+00:00
2026-07-24,2026-07-27,2026-07-27,settled,loss,4,2609,陽明,twse,航運業,觀察偏多,69.07037275064268,51.5,0.0198019801980198,1385537380.0,MACD動能擴大、RSI健康,51.0,51.3,50.6,51.1,-0.0097087378640776,-0.0038834951456311,-0.0174757281553398,-0.0077669902912621,2026-07-27T13:44:26+00:00
2026-07-24,2026-07-27,2026-07-27,settled,loss,5,2425,承啟,twse,電腦及週邊設備業,觀察偏多,68.97814710686163,46.85,0.0229257641921398,523985257.0,量破5日高、MACD動能擴大、RSI健康,46.5,47.6,45.2,46.0,-0.0074706510138741,0.016008537886873,-0.0352187833511206,-0.0181430096051227,2026-07-27T13:44:26+00:00
2026-07-24,2026-07-27,2026-07-27,settled,win,6,2451,創見,twse,電子工業,觀察偏多,68.27644601542417,264.0,0.0797546012269938,4942365028.0,量破5日高、MACD動能擴大、RSI健康,265.5,272.0,261.5,272.0,0.0056818181818181,0.0303030303030302,-0.009469696969697,0.0303030303030302,2026-07-27T13:44:26+00:00
2026-07-24,2026-07-27,2026-07-27,settled,loss,7,2376,技嘉,twse,電腦及週邊設備業,觀察偏多,66.78624061279878,354.5,0.0,2689917069.0,接近20日突破、MACD動能擴大、RSI健康,355.0,355.0,338.0,349.5,0.001410437235543,0.001410437235543,-0.0465444287729196,-0.0141043723554301,2026-07-27T13:44:26+00:00
2026-07-24,2026-07-27,2026-07-27,settled,loss,8,2324,仁寶,twse,電腦及週邊設備業,觀察偏多,64.72679948586124,37.2,0.0122448979591838,1619085116.0,收在高檔、MACD動能擴大、RSI健康,37.5,37.5,36.05,37.15,0.0080645161290322,0.0080645161290322,-0.0309139784946238,-0.0013440860215054,2026-07-27T13:44:26+00:00
2026-07-24,2026-07-27,2026-07-27,settled,loss,9,2356,英業達,twse,電子工業,觀察偏多,64.18094473007712,64.5,0.0238095238095237,2796775134.0,量破5日高、收在高檔,64.2,64.6,61.4,63.8,-0.0046511627906976,0.0015503875968991,-0.048062015503876,-0.0108527131782946,2026-07-27T13:44:26+00:00
2026-07-24,2026-07-27,2026-07-27,settled,win,10,4904,遠傳,twse,電子工業,觀察偏多,61.39199871465296,105.5,0.0292682926829268,1820448556.0,收在高檔、MACD動能擴大、RSI健康,105.5,107.5,104.5,107.5,0.0,0.0189573459715639,-0.0094786729857819,0.0189573459715639,2026-07-27T13:44:26+00:00
2026-07-24,2026-07-27,2026-07-27,settled,loss,11,4763,材料*-KY,twse,化學生技醫療,觀察偏多,61.04023636358387,50.4,0.0130653266331657,271333591.0,收在高檔、MACD動能擴大、RSI健康,50.4,50.9,49.0,49.7,0.0,0.0099206349206348,-0.0277777777777777,-0.0138888888888888,2026-07-27T13:44:26+00:00
2026-07-24,2026-07-27,2026-07-27,settled,loss,12,9921,巨大,twse,運動休閒,觀察偏多,60.56461356748427,88.7,0.0374269005847953,404045892.0,收在高檔、MACD動能擴大,88.7,88.7,84.7,85.5,0.0,0.0,-0.0450958286358511,-0.0360766629086809,2026-07-27T13:44:26+00:00
2026-07-24,2026-07-27,2026-07-27,settled,loss,13,3022,威強電,twse,電腦及週邊設備業,觀察偏多,60.26133540668658,94.0,0.0195227765726679,391244922.0,MACD動能擴大、RSI健康,95.1,95.6,89.2,91.7,0.0117021276595743,0.0170212765957447,-0.051063829787234,-0.0244680851063829,2026-07-27T13:44:26+00:00
2026-07-24,2026-07-27,2026-07-27,settled,win,14,8271,宇瞻,twse,半導體業,觀察偏多,60.17413233110972,212.5,0.0119047619047618,3165378416.0,量破5日高、接近20日突破、MACD動能擴大、RSI健康、長上影扣分、收低於VWAP扣分,211.0,218.0,206.0,218.0,-0.0070588235294117,0.0258823529411764,-0.0305882352941176,0.0258823529411764,2026-07-27T13:44:26+00:00
2026-07-24,2026-07-27,2026-07-27,settled,loss,15,2603,長榮,twse,航運業,觀察偏多,60.088851085333175,206.0,0.0122850122850122,1387600376.0,收在高檔、RSI健康,203.5,206.0,202.5,203.5,-0.012135922330097,0.0,-0.0169902912621359,-0.012135922330097,2026-07-27T13:44:26+00:00
2026-07-24,2026-07-27,2026-07-27,settled,loss,16,3231,緯創,twse,電腦及週邊設備業,觀察偏多,59.98762297771705,179.0,0.0317002881844379,32336958893.0,接近20日突破、MACD動能擴大、RSI健康、長上影扣分、收低於VWAP扣分,180.0,180.5,167.5,177.0,0.0055865921787709,0.0083798882681564,-0.0642458100558659,-0.0111731843575418,2026-07-27T13:44:26+00:00
2026-07-24,2026-07-27,2026-07-27,settled,loss,17,3479,安勤,tpex,電腦及週邊設備業,觀察偏多,59.33364830592373,156.5,0.019543973941368,537253896.0,收在高檔、MACD動能擴大、RSI健康,154.0,155.5,145.0,147.5,-0.0159744408945686,-0.0063897763578274,-0.0734824281150159,-0.0575079872204472,2026-07-27T13:44:26+00:00
2026-07-24,2026-07-27,2026-07-27,settled,loss,18,6166,凌華,twse,電腦及週邊設備業,觀察偏多,58.8029376788312,166.5,0.0438871473354232,2805725574.0,量破5日高、接近20日突破、MACD動能擴大、長上影扣分,163.0,165.5,150.0,150.0,-0.0210210210210209,-0.0060060060060059,-0.099099099099099,-0.099099099099099,2026-07-27T13:44:26+00:00
2026-07-24,2026-07-27,2026-07-27,settled,loss,19,6469,大樹,tpex,生技醫療業,觀察偏多,58.5226665586566,80.2,0.0203562340966922,69001665.0,量破5日高、接近20日突破、MACD動能擴大、RSI健康、流動性不足扣分,80.2,80.2,78.8,79.3,0.0,0.0,-0.0174563591022444,-0.0112219451371571,2026-07-27T13:44:26+00:00
2026-07-24,2026-07-27,2026-07-27,settled,win,20,5876,上海商銀,twse,金融保險,觀察偏多,58.03012742467142,46.15,0.0301339285714286,988955570.0,收在高檔、MACD動能擴大,46.3,47.1,46.25,47.0,0.0032502708559045,0.0205850487540628,0.0021668472372697,0.018418201516793,2026-07-27T13:44:26+00:00
2026-07-24,2026-07-27,2026-07-27,settled,win,21,4979,華星光,tpex,通信網路業,中性觀察,57.85599913461783,426.5,0.0466257668711656,11036427345.0,量破5日高、MACD動能擴大、長上影扣分、收低於VWAP扣分,434.0,467.5,421.5,448.5,0.0175849941383352,0.0961313012895661,-0.0117233294255568,0.0515826494724502,2026-07-27T13:44:26+00:00
2026-07-24,2026-07-27,2026-07-27,settled,win,22,2412,中華電,twse,電子工業,中性觀察,57.795854755784056,139.0,0.0072463768115942,2213040170.0,收在高檔、MACD動能擴大,139.5,140.5,139.0,140.5,0.0035971223021582,0.0107913669064747,0.0,0.0107913669064747,2026-07-27T13:44:26+00:00
2026-07-24,2026-07-27,2026-07-27,settled,loss,23,6028,公勝保經,tpex,金融業,中性觀察,57.78008320525335,80.2,0.0024999999999999,1844860.0,量破5日高、接近20日突破、收在高檔、MACD動能擴大、RSI健康、流動性不足扣分,80.2,80.2,80.1,80.1,0.0,0.0,-0.0012468827930175,-0.0012468827930175,2026-07-27T13:44:26+00:00
2026-07-24,2026-07-27,2026-07-27,settled,win,24,2484,希華,twse,電子零組件業,中性觀察,57.54869311219477,71.9,0.0360230547550433,2178291158.0,量破5日高,71.2,76.0,70.6,73.1,-0.0097357440890125,0.0570236439499303,-0.0180806675938804,0.0166898470097356,2026-07-27T13:44:26+00:00
2026-07-24,2026-07-27,2026-07-27,settled,loss,25,4119,旭富,twse,生技醫療業,中性觀察,57.3351825586778,51.9,0.0559511698880976,34781747.0,量破5日高、接近20日突破、收在高檔、MACD動能擴大、流動性不足扣分,52.8,53.6,50.3,51.7,0.0173410404624276,0.0327552986512524,-0.0308285163776493,-0.003853564547206,2026-07-27T13:44:26+00:00
2026-07-24,2026-07-27,2026-07-27,settled,loss,26,2912,統一超,twse,貿易百貨,中性觀察,57.30385661980392,241.0,0.0168776371308017,673421353.0,收在高檔、RSI健康,240.5,241.5,237.5,239.5,-0.0020746887966804,0.0020746887966804,-0.0145228215767634,-0.0062240663900414,2026-07-27T13:44:26+00:00
2026-07-24,2026-07-27,2026-07-27,settled,win,27,8111,立碁,tpex,光電業,中性觀察,56.32930972506645,60.6,0.0669014084507042,1234944541.0,量破5日高、接近20日突破、MACD動能擴大、RSI健康、流動性不足扣分,59.9,66.6,57.9,63.3,-0.0115511551155116,0.0990099009900988,-0.0445544554455445,0.0445544554455445,2026-07-27T13:44:26+00:00
2026-07-24,2026-07-27,2026-07-27,settled,loss,28,4706,大恭,tpex,化學工業,中性觀察,55.89849388697331,35.0,0.0447761194029849,1983930.0,量破5日高、接近20日突破、收在高檔、MACD動能擴大、流動性不足扣分,34.0,34.0,33.5,33.5,-0.0285714285714285,-0.0285714285714285,-0.0428571428571428,-0.0428571428571428,2026-07-27T13:44:26+00:00
2026-07-24,2026-07-27,2026-07-27,settled,loss,29,4707,磐亞,tpex,化學工業,中性觀察,55.080662540760926,35.3,0.099688473520249,277775680.0,量破5日高、收在高檔、RSI健康、近漲停過熱扣分,34.6,35.8,31.8,31.8,-0.0198300283286118,0.0141643059490084,-0.0991501416430593,-0.0991501416430593,2026-07-27T13:44:26+00:00
2026-07-24,2026-07-27,2026-07-27,settled,win,30,2886,兆豐金,twse,金融保險,中性觀察,54.06819668788105,48.45,0.0062305295950155,1049966159.0,收在高檔,49.0,49.8,48.3,49.4,0.0113519091847265,0.0278637770897831,-0.0030959752321982,0.0196078431372548,2026-07-27T13:44:26+00:00
2026-07-24,2026-07-27,2026-07-27,settled,loss,31,6662,樂斯科,tpex,生技醫療業,中性觀察,53.82231173239954,30.8,0.0131578947368422,517296.0,量破5日高、接近20日突破、MACD動能擴大、流動性不足扣分,30.0,30.0,29.5,29.5,-0.0259740259740259,-0.0259740259740259,-0.0422077922077922,-0.0422077922077922,2026-07-27T13:44:26+00:00
2026-07-24,2026-07-27,2026-07-27,settled,win,32,6863,永道-KY,twse,電子工業,中性觀察,53.62124954094749,117.5,0.0730593607305936,84147237.0,量破5日高、接近20日突破、收在高檔、MACD動能擴大、流動性不足扣分,117.5,126.0,117.5,125.5,0.0,0.0723404255319148,0.0,0.0680851063829788,2026-07-27T13:44:26+00:00
2026-07-24,2026-07-27,2026-07-27,settled,win,33,1799,易威,tpex,生技醫療業,中性觀察,53.4660245118377,35.75,0.1,12812319.0,量破5日高、接近20日突破、收在高檔、MACD動能擴大、RSI健康、近漲停過熱扣分、流動性不足扣分,37.85,39.3,36.05,39.3,0.0587412587412587,0.0993006993006992,0.0083916083916082,0.0993006993006992,2026-07-27T13:44:26+00:00
2026-07-24,2026-07-27,2026-07-27,settled,win,34,2892,第一金,twse,金融保險,中性觀察,53.26317077941586,34.3,0.0043923865300146,1060109477.0,收在高檔,34.6,35.1,34.1,34.8,0.0087463556851312,0.0233236151603499,-0.0058309037900873,0.0145772594752187,2026-07-27T13:44:26+00:00
2026-07-24,2026-07-27,2026-07-27,settled,win,35,2884,玉山金,twse,金融保險,中性觀察,53.21489813331321,35.95,0.0084151472650773,1033138778.0,收在高檔,36.35,36.4,35.9,36.4,0.011126564673157,0.0125173852573017,-0.0013908205841447,0.0125173852573017,2026-07-27T13:44:26+00:00
2026-07-24,2026-07-27,2026-07-27,settled,win,36,2729,瓦城,tpex,觀光餐旅,中性觀察,52.86693444730077,161.5,0.0157232704402516,10182207.0,量破5日高、收在高檔、MACD動能擴大、RSI健康、流動性不足扣分,161.0,163.0,161.0,162.0,-0.0030959752321981,0.0092879256965945,-0.0030959752321981,0.0030959752321981,2026-07-27T13:44:26+00:00
2026-07-24,2026-07-27,2026-07-27,settled,win,37,8411,福貞-KY,twse,其他,中性觀察,52.47177586730976,13.1,-0.0038022813688213,2262290.0,量破5日高、接近20日突破、收在高檔、MACD動能擴大、流動性不足扣分,13.1,13.15,12.9,13.15,0.0,0.0038167938931297,-0.0152671755725189,0.0038167938931297,2026-07-27T13:44:26+00:00
2026-07-24,2026-07-27,2026-07-27,settled,loss,38,2637,慧洋-KY,twse,航運業,中性觀察,51.81621339112107,83.8,0.030750307503075,246883145.0,收在高檔、MACD動能擴大,84.5,84.5,81.9,82.3,0.0083532219570405,0.0083532219570405,-0.0226730310262528,-0.0178997613365154,2026-07-27T13:44:26+00:00
2026-07-24,2026-07-27,2026-07-27,settled,loss,39,2357,華碩,twse,電腦及週邊設備業,中性觀察,51.78613596340304,771.0,0.0026007802340701,2385332782.0,接近20日突破、MACD動能擴大、長上影扣分,778.0,778.0,735.0,760.0,0.0090791180285343,0.0090791180285343,-0.0466926070038909,-0.0142671854734111,2026-07-27T13:44:26+00:00
2026-07-24,2026-07-27,2026-07-27,settled,loss,40,4938,和碩,twse,電腦及週邊設備業,中性觀察,51.75088442280664,88.4,0.0137614678899082,1778271148.0,MACD動能擴大、RSI健康、長上影扣分,89.4,89.4,86.6,87.4,0.01131221719457,0.01131221719457,-0.0203619909502263,-0.01131221719457,2026-07-27T13:44:26+00:00
2026-07-24,2026-07-27,2026-07-27,settled,loss,41,2606,裕民,twse,航運業,中性觀察,51.60669531523174,64.0,0.0126582278481011,284257305.0,收在高檔、MACD動能擴大、RSI健康,64.3,64.5,62.6,62.8,0.0046874999999999,0.0078125,-0.0218749999999999,-0.01875,2026-07-27T13:44:26+00:00
2026-07-24,2026-07-27,2026-07-27,settled,tie,42,1537,廣隆,twse,電機機械,中性觀察,51.18090485334655,127.5,0.02,20352630.0,接近20日突破、收在高檔、MACD動能擴大、RSI健康、流動性不足扣分,127.0,129.5,127.0,127.5,-0.0039215686274509,0.0156862745098038,-0.0039215686274509,0.0,2026-07-27T13:44:26+00:00
2026-07-24,2026-07-27,2026-07-27,settled,win,43,3221,台嘉碩,tpex,通信網路業,中性觀察,50.9741179220437,49.2,0.0897009966777409,201877028.0,量破5日高、收在高檔,50.6,52.3,48.85,50.5,0.0284552845528454,0.0630081300813008,-0.0071138211382114,0.0264227642276422,2026-07-27T13:44:26+00:00
2026-07-24,2026-07-27,2026-07-27,settled,tie,44,3045,台灣大,twse,電子工業,中性觀察,50.83801413881748,113.5,0.0133928571428572,1539374192.0,收在高檔、MACD動能擴大,113.5,114.0,112.5,113.5,0.0,0.0044052863436123,-0.0088105726872246,0.0,2026-07-27T13:44:26+00:00
2026-07-24,2026-07-27,2026-07-27,settled,loss,45,1216,統一,twse,食品工業,中性觀察,50.79307694888387,77.4,0.0051948051948051,1199819738.0,收在高檔、RSI健康,78.7,79.0,77.1,77.1,0.0167958656330748,0.0206718346253229,-0.0038759689922481,-0.0038759689922481,2026-07-27T13:44:26+00:00
2026-07-24,2026-07-27,2026-07-27,settled,win,46,2801,彰銀,twse,金融保險,中性觀察,50.71877091215237,24.35,0.0041237113402061,512136164.0,RSI健康,24.55,24.85,24.35,24.7,0.0082135523613962,0.0205338809034907,0.0,0.0143737166324433,2026-07-27T13:44:26+00:00
2026-07-24,2026-07-27,2026-07-27,settled,loss,47,6206,飛捷,twse,電腦及週邊設備業,中性觀察,50.28739225767429,134.0,0.0307692307692306,603173690.0,量破5日高、MACD動能擴大、RSI健康、流動性不足扣分,133.5,136.0,122.5,124.0,-0.003731343283582,0.0149253731343284,-0.085820895522388,-0.0746268656716417,2026-07-27T13:44:26+00:00
2026-07-24,2026-07-27,2026-07-27,settled,tie,48,5871,中租-KY,twse,其他,中性觀察,50.07123772303942,120.0,-0.0041493775933609,597478050.0,RSI健康,120.0,120.0,119.0,120.0,0.0,0.0,-0.0083333333333333,0.0,2026-07-27T13:44:26+00:00
2026-07-24,2026-07-27,2026-07-27,settled,loss,49,1530,亞崴,twse,電機機械,中性觀察,49.90970937602522,31.1,0.0196721311475409,5652185.0,量破5日高、MACD動能擴大、RSI健康、流動性不足扣分,28.8,29.15,28.1,28.45,-0.0739549839228296,-0.0627009646302251,-0.0964630225080386,-0.0852090032154341,2026-07-27T13:44:26+00:00
2026-07-24,2026-07-27,2026-07-27,settled,loss,50,6577,勁豐,tpex,電腦及週邊設備業,中性觀察,49.87153061304862,94.4,0.0989522700814899,187064345.0,量破5日高、接近20日突破、收在高檔、MACD動能擴大、近漲停過熱扣分、流動性不足扣分,96.0,96.8,86.6,89.5,0.0169491525423728,0.0254237288135592,-0.0826271186440679,-0.0519067796610169,2026-07-27T13:44:26+00:00
2026-07-24,2026-07-27,2026-07-27,settled,win,51,3363,上詮,tpex,通信網路業,中性觀察,49.6246171901196,582.0,-0.0118845500848896,4782081630.0,量破5日高、MACD動能擴大、RSI健康、長上影扣分、收低於VWAP扣分,574.0,598.0,566.0,598.0,-0.0137457044673539,0.0274914089347078,-0.0274914089347079,0.0274914089347078,2026-07-27T13:44:26+00:00
2026-07-24,2026-07-27,2026-07-27,settled,loss,52,2388,威盛,twse,電子工業,中性觀察,49.272332514084994,74.9,0.0204359673024523,501652072.0,MACD動能擴大、RSI健康,74.5,75.2,72.7,73.9,-0.0053404539385848,0.0040053404539386,-0.0293724966622163,-0.0133511348464619,2026-07-27T13:44:26+00:00
2026-07-24,2026-07-27,2026-07-27,settled,win,53,1590,亞德客-KY,twse,電機機械,中性觀察,48.79926937941607,1425.0,0.0142348754448398,1138386180.0,MACD動能擴大、RSI健康、長上影扣分,1425.0,1450.0,1405.0,1440.0,0.0,0.0175438596491228,-0.0140350877192982,0.0105263157894737,2026-07-27T13:44:26+00:00
2026-07-24,2026-07-27,2026-07-27,settled,loss,54,2385,群光,twse,電子零組件業,中性觀察,48.5271166939428,106.5,0.0047169811320755,435152557.0,MACD動能擴大、RSI健康,107.0,107.0,105.0,106.0,0.0046948356807512,0.0046948356807512,-0.0140845070422535,-0.0046948356807511,2026-07-27T13:44:26+00:00
2026-07-24,2026-07-27,2026-07-27,settled,win,55,2006,東和鋼鐵,twse,鋼鐵工業,中性觀察,48.4820973653782,71.8,0.0084269662921347,145115983.0,MACD動能擴大、RSI健康,71.8,73.1,71.6,73.0,0.0,0.0181058495821726,-0.0027855153203343,0.0167130919220055,2026-07-27T13:44:26+00:00
2026-07-24,2026-07-27,2026-07-27,settled,win,56,3669,圓展,twse,電子工業,中性觀察,48.44115431135093,40.7,0.1,109339010.0,量破5日高、接近20日突破、收在高檔、MACD動能擴大、RSI健康、近漲停過熱扣分、流動性不足扣分,42.55,44.0,40.4,42.55,0.0454545454545454,0.0810810810810809,-0.0073710073710074,0.0454545454545454,2026-07-27T13:44:26+00:00
2026-07-24,2026-07-27,2026-07-27,settled,loss,57,2359,所羅門,twse,電子工業,中性觀察,48.138606172146986,145.0,0.0211267605633802,1618787230.0,量破5日高、RSI健康、長上影扣分、收低於VWAP扣分,142.0,144.5,138.5,144.5,-0.0206896551724138,-0.0034482758620689,-0.0448275862068965,-0.0034482758620689,2026-07-27T13:44:26+00:00
2026-07-24,2026-07-27,2026-07-27,settled,loss,58,3324,雙鴻,tpex,其他電子類,中性觀察,47.87363202350349,943.0,0.0216684723726976,4161886673.0,量破5日高、MACD動能擴大、長上影扣分、收低於VWAP扣分,943.0,943.0,890.0,930.0,0.0,0.0,-0.056203605514316,-0.0137857900318133,2026-07-27T13:44:26+00:00
2026-07-24,2026-07-27,2026-07-27,settled,win,59,5007,三星,twse,鋼鐵工業,中性觀察,47.64767570044333,56.6,0.00354609929078,2914100.0,接近20日突破、收在高檔、MACD動能擴大、RSI健康、流動性不足扣分,56.8,56.8,56.2,56.7,0.0035335689045936,0.0035335689045936,-0.0070671378091872,0.0017667844522968,2026-07-27T13:44:26+00:00
2026-07-24,2026-07-27,2026-07-27,settled,loss,60,3693,營邦,tpex,電腦及週邊設備業,中性觀察,47.62496560475023,509.0,0.0119284294234591,660979478.0,量破5日高、MACD動能擴大、RSI健康、長上影扣分、收低於VWAP扣分,505.0,508.0,485.0,494.5,-0.0078585461689587,-0.0019646365422396,-0.0471512770137524,-0.0284872298624754,2026-07-27T13:44:26+00:00
2026-07-24,2026-07-27,2026-07-27,settled,loss,61,6195,詩肯,tpex,居家生活類,中性觀察,47.30681500602673,27.2,0.0,1053704.0,接近20日突破、收在高檔、MACD動能擴大、RSI健康、流動性不足扣分,27.2,27.2,27.0,27.05,0.0,0.0,-0.0073529411764705,-0.0055147058823529,2026-07-27T13:44:26+00:00
2026-07-24,2026-07-27,2026-07-27,settled,loss,62,3702,大聯大,twse,電子工業,中性觀察,47.24500376134982,117.5,-0.0329218106995884,2076876343.0,量破5日高、RSI健康、收低於VWAP扣分,118.0,118.5,113.5,116.0,0.004255319148936,0.0085106382978723,-0.0340425531914894,-0.0127659574468085,2026-07-27T13:44:26+00:00
2026-07-24,2026-07-27,2026-07-27,settled,win,63,3034,聯詠,twse,電子工業,中性觀察,46.94084190231362,507.0,0.0079522862823062,2126862562.0,收在高檔,510.0,525.0,507.0,518.0,0.0059171597633136,0.0355029585798816,0.0,0.0216962524654833,2026-07-27T13:44:26+00:00
2026-07-24,2026-07-27,2026-07-27,settled,win,64,5516,雙喜,tpex,建材營造,中性觀察,46.79922879177383,10.65,0.0142857142857142,1133410.0,量破5日高、MACD動能擴大、RSI健康、流動性不足扣分,10.8,10.8,10.6,10.75,0.0140845070422535,0.0140845070422535,-0.0046948356807512,0.0093896713615022,2026-07-27T13:44:26+00:00
2026-07-24,2026-07-27,2026-07-27,settled,win,65,1413,宏洲,twse,紡織纖維,中性觀察,46.79538576202455,10.3,0.0969116080937166,4517932.0,量破5日高、接近20日突破、收在高檔、MACD動能擴大、近漲停過熱扣分、流動性不足扣分,10.0,11.3,10.0,11.0,-0.0291262135922331,0.0970873786407766,-0.0291262135922331,0.0679611650485436,2026-07-27T13:44:26+00:00
2026-07-24,2026-07-27,2026-07-27,settled,loss,66,3685,元創精密,tpex,電機機械,中性觀察,46.60713367609255,41.0,0.0977242302543506,144168571.0,量破5日高、接近20日突破、收在高檔、MACD動能擴大、近漲停過熱扣分、流動性不足扣分,40.1,40.1,37.5,39.0,-0.0219512195121951,-0.0219512195121951,-0.0853658536585365,-0.048780487804878,2026-07-27T13:44:26+00:00
2026-07-24,2026-07-27,2026-07-27,settled,tie,67,4442,竣邦-KY,tpex,紡織纖維,中性觀察,46.25192802056555,59.7,0.0585106382978724,32473457.0,接近20日突破、收在高檔、MACD動能擴大、流動性不足扣分,59.4,59.8,56.1,59.7,-0.0050251256281407,0.0016750418760467,-0.0603015075376884,0.0,2026-07-27T13:44:26+00:00
2026-07-24,2026-07-27,2026-07-27,settled,win,68,2002,中鋼,twse,鋼鐵工業,中性觀察,46.23546295856187,19.15,0.0026178010471202,1147609188.0,MACD動能擴大、RSI健康、長上影扣分,19.25,19.35,19.15,19.25,0.0052219321148825,0.010443864229765,0.0,0.0052219321148825,2026-07-27T13:44:26+00:00
2026-07-24,2026-07-27,2026-07-27,settled,win,69,2834,臺企銀,twse,金融保險,中性觀察,46.08666437648678,18.0,0.0055865921787709,601664046.0,RSI健康,18.1,18.2,18.0,18.2,0.0055555555555555,0.011111111111111,0.0,0.011111111111111,2026-07-27T13:44:26+00:00
2026-07-24,2026-07-27,2026-07-27,settled,loss,70,3552,同致,tpex,其他電子類,中性觀察,45.94209354818483,47.8,0.0346320346320345,12667866.0,量破5日高、收在高檔、MACD動能擴大、RSI健康、流動性不足扣分,47.3,47.6,46.0,46.5,-0.0104602510460251,-0.0041841004184099,-0.0376569037656903,-0.0271966527196652,2026-07-27T13:44:26+00:00
2026-07-24,2026-07-27,2026-07-27,settled,win,71,6103,合邦,tpex,半導體業,中性觀察,45.61178234790049,32.8,0.086092715231788,170144.0,量破5日高、收在高檔、MACD動能擴大、RSI健康、流動性不足扣分,34.6,36.05,33.1,33.1,0.0548780487804878,0.0990853658536585,0.0091463414634147,0.0091463414634147,2026-07-27T13:44:26+00:00
2026-07-24,2026-07-27,2026-07-27,settled,loss,72,6165,浪凡,twse,數位雲端,中性觀察,45.408260188955616,49.95,0.0204290091930541,138884340.0,量破5日高、收在高檔、RSI健康、流動性不足扣分,49.95,50.2,48.7,49.55,0.0,0.005005005005005,-0.025025025025025,-0.0080080080080081,2026-07-27T13:44:26+00:00
2026-07-24,2026-07-27,2026-07-27,settled,loss,73,6461,益得,tpex,生技醫療業,低優先,44.446900960724136,17.4,0.0943396226415094,26814039.0,量破5日高、接近20日突破、收在高檔、MACD動能擴大、近漲停過熱扣分、流動性不足扣分,16.6,16.6,15.75,15.85,-0.0459770114942527,-0.0459770114942527,-0.0948275862068964,-0.0890804597701149,2026-07-27T13:44:26+00:00
2026-07-24,2026-07-27,2026-07-27,settled,loss,74,2634,漢翔,twse,航運業,低優先,44.18742502142246,65.4,0.0565428109854604,6117129757.0,RSI健康、長上影扣分、收低於VWAP扣分,65.4,65.4,61.3,61.8,0.0,0.0,-0.062691131498471,-0.0550458715596331,2026-07-27T13:44:26+00:00
2026-07-24,2026-07-27,2026-07-27,settled,win,75,1476,儒鴻,twse,紡織纖維,低優先,44.16823987347944,334.5,0.0014970059880239,252587084.0,RSI健康,339.0,341.5,333.0,341.5,0.0134529147982063,0.0209267563527653,-0.0044843049327354,0.0209267563527653,2026-07-27T13:44:26+00:00
2026-07-24,2026-07-27,2026-07-27,settled,tie,76,2377,微星,twse,電腦及週邊設備業,低優先,43.98021554631559,146.5,-0.0361842105263158,1868049799.0,RSI健康,146.5,147.0,137.5,146.5,0.0,0.0034129692832765,-0.0614334470989761,0.0,2026-07-27T13:44:26+00:00
2026-07-24,2026-07-27,2026-07-27,settled,win,77,2890,永豐金,twse,金融保險,低優先,43.89827120822616,38.55,0.0091623036649213,1150950991.0,,39.7,39.8,38.85,39.6,0.0298313878080416,0.03242542153048,0.0077821011673153,0.0272373540856032,2026-07-27T13:44:26+00:00
2026-07-24,2026-07-27,2026-07-27,settled,loss,78,1736,喬山,twse,運動休閒,低優先,43.61555269922879,136.5,0.038022813688213,93064143.0,收在高檔、MACD動能擴大、RSI健康、流動性不足扣分,135.5,137.5,132.0,133.5,-0.0073260073260073,0.0073260073260073,-0.0329670329670329,-0.021978021978022,2026-07-27T13:44:26+00:00
2026-07-24,2026-07-27,2026-07-27,settled,loss,79,6176,瑞儀,twse,光電業,低優先,43.61019469500225,88.1,0.0011363636363634,224018627.0,MACD動能擴大,88.1,89.5,85.7,87.2,0.0,0.0158910329171397,-0.0272417707150963,-0.010215664018161,2026-07-27T13:44:26+00:00
2026-07-24,2026-07-27,2026-07-27,settled,win,80,4153,鈺緯,tpex,生技醫療業,低優先,43.36274977751589,31.3,0.0032051282051281,249438.0,量破5日高、收在高檔、RSI健康、流動性不足扣分,31.3,31.85,31.3,31.6,0.0,0.0175718849840256,0.0,0.0095846645367412,2026-07-27T13:44:26+00:00
2026-07-24,2026-07-27,2026-07-27,settled,win,81,8464,億豐,twse,居家生活,低優先,43.0023146393312,370.0,0.0164835164835164,152870432.0,RSI健康,376.5,380.0,373.0,379.0,0.0175675675675675,0.0270270270270269,0.008108108108108,0.0243243243243242,2026-07-27T13:44:26+00:00
2026-07-24,2026-07-27,2026-07-27,settled,loss,82,6183,關貿,twse,電子工業,低優先,42.93177752298341,91.8,0.0143646408839779,1954164.0,接近20日突破、收在高檔、MACD動能擴大、RSI健康、流動性不足扣分,91.8,92.3,90.1,91.0,0.0,0.0054466230936818,-0.0185185185185186,-0.008714596949891,2026-07-27T13:44:26+00:00
2026-07-24,2026-07-27,2026-07-27,settled,loss,83,3095,及成,tpex,通信網路業,低優先,42.6353470437018,39.3,0.0301441677588465,561128.0,收在高檔、MACD動能擴大、RSI健康、流動性不足扣分,38.1,38.1,38.0,38.0,-0.0305343511450381,-0.0305343511450381,-0.0330788804071245,-0.0330788804071245,2026-07-27T13:44:26+00:00
2026-07-24,2026-07-27,2026-07-27,settled,tie,84,5533,皇鼎,twse,建材營造,低優先,42.59597216315993,14.3,0.0,1675544.0,接近20日突破、收在高檔、MACD動能擴大、RSI健康、流動性不足扣分,14.3,14.3,14.25,14.3,0.0,0.0,-0.0034965034965035,0.0,2026-07-27T13:44:26+00:00
2026-07-24,2026-07-27,2026-07-27,settled,loss,85,8096,擎亞,tpex,電子通路業,低優先,42.528609936571335,140.5,0.0,73685764.0,收在高檔,137.0,140.0,132.0,140.0,-0.0249110320284697,-0.0035587188612099,-0.0604982206405694,-0.0035587188612099,2026-07-27T13:44:26+00:00
2026-07-24,2026-07-27,2026-07-27,settled,win,86,3035,智原,twse,半導體業,低優先,42.474935732647815,197.5,0.0233160621761658,886244988.0,收在高檔,195.5,200.5,192.0,200.5,-0.010126582278481,0.0151898734177216,-0.0278481012658228,0.0151898734177216,2026-07-27T13:44:26+00:00
2026-07-24,2026-07-27,2026-07-27,settled,loss,87,8112,至上,twse,電子工業,低優先,42.234772828881184,88.3,0.0034090909090909,2400695232.0,MACD動能擴大、長上影扣分、收低於VWAP扣分,88.0,88.0,81.9,84.3,-0.0033975084937711,-0.0033975084937711,-0.0724801812004528,-0.0453001132502831,2026-07-27T13:44:26+00:00
2026-07-24,2026-07-27,2026-07-27,settled,loss,88,3523,迎輝,tpex,光電業,低優先,42.18846401028279,18.55,0.0976331360946747,6773434.0,量破5日高、收在高檔、MACD動能擴大、RSI健康、近漲停過熱扣分、流動性不足扣分,18.55,18.55,16.8,16.8,0.0,0.0,-0.0943396226415094,-0.0943396226415094,2026-07-27T13:44:26+00:00
2026-07-24,2026-07-27,2026-07-27,settled,tie,89,2008,高興昌,twse,鋼鐵工業,低優先,42.15205655526992,31.0,0.0032362459546926,2720760.0,量破5日高、收在高檔、RSI健康、流動性不足扣分,31.0,31.0,30.5,31.0,0.0,0.0,-0.0161290322580645,0.0,2026-07-27T13:44:26+00:00
2026-07-24,2026-07-27,2026-07-27,settled,loss,90,6138,茂達,tpex,半導體業,低優先,42.10602995417458,333.0,0.0309597523219813,614906661.0,收在高檔,331.0,331.0,311.0,318.0,-0.0060060060060059,-0.0060060060060059,-0.066066066066066,-0.045045045045045,2026-07-27T13:44:26+00:00
2026-07-24,2026-07-27,2026-07-27,settled,win,91,2516,新建,twse,建材營造,低優先,42.06574740653579,14.15,0.0107142857142856,3302918.0,量破5日高、RSI健康、流動性不足扣分,14.3,14.3,14.0,14.2,0.0106007067137809,0.0106007067137809,-0.0106007067137809,0.0035335689045936,2026-07-27T13:44:26+00:00
2026-07-24,2026-07-27,2026-07-27,settled,win,92,3115,富榮綱,tpex,電子零組件業,低優先,41.76098971722365,9.29,0.0287929125138426,208155.0,量破5日高、MACD動能擴大、RSI健康、流動性不足扣分,9.61,9.61,9.5,9.5,0.0344456404736275,0.0344456404736275,0.0226049515608182,0.0226049515608182,2026-07-27T13:44:26+00:00
2026-07-24,2026-07-27,2026-07-27,settled,loss,93,6533,晶心科,twse,電子工業,低優先,41.6687094321597,217.0,0.0140186915887849,192840471.0,RSI健康,216.5,217.0,207.0,213.5,-0.0023041474654378,0.0,-0.0460829493087557,-0.0161290322580645,2026-07-27T13:44:26+00:00
2026-07-24,2026-07-27,2026-07-27,settled,loss,94,6243,迅杰,twse,半導體業,低優先,41.63830334190232,52.2,0.0989473684210526,348001580.0,收在高檔、MACD動能擴大、RSI健康、近漲停過熱扣分、流動性不足扣分,54.9,55.5,48.7,49.2,0.0517241379310344,0.0632183908045975,-0.0670498084291187,-0.0574712643678161,2026-07-27T13:44:26+00:00
2026-07-24,2026-07-27,2026-07-27,settled,win,95,8488,吉源-KY,twse,其他,低優先,41.57911311053986,10.25,-0.0048543689320389,141850.0,量破5日高、MACD動能擴大、RSI健康、流動性不足扣分,10.15,10.55,10.15,10.3,-0.0097560975609756,0.0292682926829268,-0.0097560975609756,0.0048780487804878,2026-07-27T13:44:26+00:00
2026-07-24,2026-07-27,2026-07-27,settled,win,96,2317,鴻海,twse,其他電子業,低優先,41.44391602399314,252.5,-0.0194174757281553,8518599943.0,MACD動能擴大、RSI健康、長上影扣分,253.0,254.5,246.0,253.0,0.0019801980198019,0.0079207920792079,-0.0257425742574257,0.0019801980198019,2026-07-27T13:44:26+00:00
2026-07-24,2026-07-27,2026-07-27,settled,loss,97,3264,欣銓,tpex,半導體業,低優先,41.40312155710613,209.5,-0.0389908256880734,2132166869.0,量破5日高,215.0,216.5,199.0,206.0,0.026252983293556,0.0334128878281623,-0.0501193317422434,-0.0167064439140811,2026-07-27T13:44:26+00:00
2026-07-24,2026-07-27,2026-07-27,settled,win,98,1321,大洋,twse,塑膠工業,低優先,41.242623017999456,32.15,0.0110062893081759,4984950.0,量破5日高、收在高檔、RSI健康、流動性不足扣分,32.2,32.6,32.2,32.55,0.0015552099533437,0.0139968895800934,0.0015552099533437,0.0124416796267494,2026-07-27T13:44:26+00:00
2026-07-24,2026-07-27,2026-07-27,settled,loss,99,6185,幃翔,tpex,電子零組件業,低優先,41.09929305912596,14.35,0.0249999999999999,5357356.0,量破5日高、收在高檔、流動性不足扣分,14.35,14.35,14.05,14.15,0.0,0.0,-0.0209059233449476,-0.0139372822299651,2026-07-27T13:44:26+00:00
2026-07-24,2026-07-27,2026-07-27,settled,loss,100,4767,誠泰科技,tpex,化學工業,低優先,41.048715763451824,27.5,0.0036496350364965,333910.0,量破5日高、收在高檔、RSI健康、流動性不足扣分,25.55,26.2,25.55,26.2,-0.0709090909090909,-0.0472727272727272,-0.0709090909090909,-0.0472727272727272,2026-07-27T13:44:26+00:00
2026-07-27,2026-07-28,2026-07-28,settled,loss,1,4979,華星光,tpex,通信網路業,偏多,76.68467201660877,448.5,0.0515826494724502,15719936473.0,量破5日高、MACD動能擴大、RSI健康、產業相對強,423.0,454.5,422.5,427.0,-0.0568561872909698,0.0133779264214046,-0.0579710144927536,-0.0479375696767001,2026-07-28T13:01:45+00:00
2026-07-27,2026-07-28,2026-07-28,settled,loss,2,6214,精誠,twse,資訊服務業,觀察偏多,71.04239696619864,145.5,0.043010752688172,382775292.0,量破5日高、收在高檔、MACD動能擴大、RSI健康,142.0,144.0,141.5,143.0,-0.0240549828178694,-0.0103092783505154,-0.0274914089347079,-0.0171821305841924,2026-07-28T13:01:45+00:00
2026-07-27,2026-07-28,2026-07-28,settled,loss,3,5876,上海商銀,twse,金融保險,觀察偏多,70.70136680798325,47.0,0.018418201516793,1080016408.0,量破5日高、接近20日突破、收在高檔、MACD動能擴大、RSI過熱扣分,44.5,44.75,43.7,43.9,-0.0531914893617021,-0.0478723404255319,-0.0702127659574467,-0.0659574468085106,2026-07-28T13:01:45+00:00
2026-07-27,2026-07-28,2026-07-28,settled,win,4,2886,兆豐金,twse,金融保險,觀察偏多,69.68563272996197,49.4,0.0196078431372548,1529304520.0,接近20日突破、MACD動能擴大,49.4,49.95,49.15,49.45,0.0,0.0111336032388664,-0.0050607287449392,0.001012145748988,2026-07-28T13:01:45+00:00
2026-07-27,2026-07-28,2026-07-28,settled,win,5,2412,中華電,twse,電子工業,觀察偏多,68.77046831955923,140.5,0.0107913669064747,3149435013.0,收在高檔、MACD動能擴大、RSI健康,140.5,141.0,139.5,141.0,0.0,0.00355871886121,-0.0071174377224199,0.00355871886121,2026-07-28T13:01:45+00:00
2026-07-27,2026-07-28,2026-07-28,settled,tie,6,2812,台中銀,twse,金融保險,觀察偏多,67.97916162092199,20.75,0.0146699266503667,730888620.0,量破5日高、接近20日突破、收在高檔、RSI健康,20.5,20.75,20.5,20.75,-0.0120481927710843,0.0,-0.0120481927710843,0.0,2026-07-28T13:01:45+00:00
2026-07-27,2026-07-28,2026-07-28,settled,loss,7,2451,創見,twse,電子工業,觀察偏多,67.15063360881543,272.0,0.0303030303030302,3978335047.0,收在高檔、MACD動能擴大、RSI健康,264.5,267.5,254.0,257.5,-0.0275735294117647,-0.0165441176470588,-0.0661764705882352,-0.0533088235294118,2026-07-28T13:01:45+00:00
2026-07-27,2026-07-28,2026-07-28,settled,loss,8,6669,緯穎,twse,電腦及週邊設備業,觀察偏多,65.78559228650138,5745.0,0.0026178010471205,10197121080.0,收在高檔、MACD動能擴大、RSI健康,5455.0,5540.0,5280.0,5315.0,-0.0504786771105308,-0.0356832027850304,-0.0809399477806788,-0.0748476936466492,2026-07-28T13:01:45+00:00
2026-07-27,2026-07-28,2026-07-28,settled,loss,9,2332,友訊,twse,電子工業,觀察偏多,65.66095083786192,24.3,0.099547511312217,1785834700.0,量破5日高、收在高檔、RSI健康、近漲停過熱扣分,23.7,24.55,23.0,23.6,-0.0246913580246914,0.0102880658436212,-0.0534979423868312,-0.0288065843621398,2026-07-28T13:01:45+00:00
2026-07-27,2026-07-28,2026-07-28,settled,loss,10,1519,華城,twse,電機機械,觀察偏多,65.31377410468319,727.0,0.043041606886657,881430858.0,收在高檔、MACD動能擴大,710.0,714.0,667.0,668.0,-0.0233837689133424,-0.0178817056396148,-0.0825309491059147,-0.0811554332874827,2026-07-28T13:01:45+00:00
2026-07-27,2026-07-28,2026-07-28,settled,loss,11,3363,上詮,tpex,通信網路業,觀察偏多,65.21350780532597,598.0,0.0274914089347078,2382342273.0,收在高檔、MACD動能擴大、RSI健康、產業相對強,566.0,584.0,539.0,539.0,-0.0535117056856186,-0.0234113712374581,-0.0986622073578595,-0.0986622073578595,2026-07-28T13:01:45+00:00
2026-07-27,2026-07-28,2026-07-28,settled,loss,12,8464,億豐,twse,居家生活,觀察偏多,65.03792510384356,379.0,0.0243243243243242,218768655.0,接近20日突破、收在高檔、MACD動能擴大、RSI健康,380.5,380.5,373.0,377.0,0.0039577836411608,0.0039577836411608,-0.0158311345646438,-0.0052770448548812,2026-07-28T13:01:45+00:00
2026-07-27,2026-07-28,2026-07-28,settled,loss,13,2834,臺企銀,twse,金融保險,觀察偏多,64.71525315909578,18.2,0.011111111111111,839535193.0,接近20日突破、收在高檔、RSI健康,18.1,18.2,17.95,18.1,-0.0054945054945053,0.0,-0.0137362637362636,-0.0054945054945053,2026-07-28T13:01:45+00:00
2026-07-27,2026-07-28,2026-07-28,settled,loss,14,2884,玉山金,twse,金融保險,觀察偏多,63.16103782924721,36.4,0.0125173852573017,1071968387.0,收在高檔、MACD動能擴大,36.4,36.45,36.0,36.25,0.0,0.0013736263736265,-0.0109890109890109,-0.0041208791208791,2026-07-28T13:01:45+00:00
2026-07-27,2026-07-28,2026-07-28,settled,loss,15,3260,威剛,tpex,半導體業,觀察偏多,62.65789003204588,402.0,0.0496083550913837,2704757191.0,收在高檔、MACD動能擴大、RSI健康,379.0,383.0,368.0,369.0,-0.0572139303482587,-0.0472636815920397,-0.0845771144278606,-0.0820895522388059,2026-07-28T13:01:45+00:00
2026-07-27,2026-07-28,2026-07-28,settled,loss,16,4904,遠傳,twse,電子工業,觀察偏多,62.506418732782365,107.5,0.0189573459715639,1164588236.0,收在高檔、MACD動能擴大、RSI健康,106.0,107.5,105.0,106.0,-0.0139534883720929,0.0,-0.0232558139534884,-0.0139534883720929,2026-07-28T13:01:45+00:00
2026-07-27,2026-07-28,2026-07-28,settled,win,17,1101,台泥,twse,水泥工業,觀察偏多,61.61495574780955,24.4,0.0252100840336133,837862024.0,收在高檔、MACD動能擴大、RSI健康,24.3,24.85,24.15,24.8,-0.0040983606557376,0.0184426229508198,-0.0102459016393442,0.0163934426229508,2026-07-28T13:01:45+00:00
2026-07-27,2026-07-28,2026-07-28,settled,loss,18,1590,亞德客-KY,twse,電機機械,觀察偏多,61.583224649221314,1440.0,0.0105263157894737,846314120.0,MACD動能擴大、RSI健康,1405.0,1430.0,1365.0,1365.0,-0.0243055555555555,-0.0069444444444444,-0.0520833333333333,-0.0520833333333333,2026-07-28T13:01:45+00:00
2026-07-27,2026-07-28,2026-07-28,settled,loss,19,6187,萬潤,tpex,半導體業,觀察偏多,61.57702479338843,1035.0,0.0987261146496816,3339845236.0,收在高檔、MACD動能擴大、RSI健康、近漲停過熱扣分,990.0,1040.0,958.0,962.0,-0.0434782608695651,0.0048309178743961,-0.0743961352657004,-0.0705314009661836,2026-07-28T13:01:45+00:00
2026-07-27,2026-07-28,2026-07-28,settled,loss,20,8271,宇瞻,twse,半導體業,觀察偏多,61.26761871065786,218.0,0.0258823529411764,1346762778.0,收在高檔、MACD動能擴大、RSI健康,208.5,211.5,204.0,205.0,-0.0435779816513761,-0.0298165137614678,-0.0642201834862384,-0.0596330275229357,2026-07-28T13:01:45+00:00
2026-07-27,2026-07-28,2026-07-28,settled,loss,21,2317,鴻海,twse,其他電子業,觀察偏多,60.279662399395015,253.0,0.0019801980198019,8967672916.0,收在高檔、MACD動能擴大、RSI健康,246.0,247.0,238.0,238.0,-0.0276679841897232,-0.0237154150197628,-0.0592885375494071,-0.0592885375494071,2026-07-28T13:01:45+00:00
2026-07-27,2026-07-28,2026-07-28,settled,loss,22,2887,台新新光金,twse,金融保險,觀察偏多,60.133043241697,34.95,0.0234260614934116,1401149037.0,收在高檔、RSI健康,34.55,34.65,33.85,33.95,-0.0114449213161661,-0.0085836909871246,-0.0314735336194563,-0.0286123032904148,2026-07-28T13:01:45+00:00
2026-07-27,2026-07-28,2026-07-28,settled,tie,23,2892,第一金,twse,金融保險,觀察偏多,59.647161385487976,34.8,0.0145772594752187,1347074215.0,接近20日突破,34.6,35.1,34.5,34.8,-0.0057471264367814,0.0086206896551725,-0.0086206896551723,0.0,2026-07-28T13:01:45+00:00
2026-07-27,2026-07-28,2026-07-28,settled,loss,24,9927,泰銘,twse,其他,觀察偏多,59.61710877546385,70.5,0.0114777618364418,15430926.0,量破5日高、接近20日突破、收在高檔、MACD動能擴大、RSI健康、流動性不足扣分,70.1,70.4,69.3,69.8,-0.0056737588652483,-0.0014184397163119,-0.0170212765957447,-0.0099290780141844,2026-07-28T13:01:45+00:00
2026-07-27,2026-07-28,2026-07-28,settled,loss,25,4107,邦特,tpex,生技醫療業,觀察偏多,59.60119584956489,119.5,0.0084388185654007,17817159.0,量破5日高、接近20日突破、收在高檔、MACD動能擴大、RSI健康、流動性不足扣分,114.0,114.0,112.5,112.5,-0.0460251046025104,-0.0460251046025104,-0.0585774058577406,-0.0585774058577406,2026-07-28T13:01:45+00:00
2026-07-27,2026-07-28,2026-07-28,settled,loss,26,6432,今展科,tpex,電子零組件業,觀察偏多,59.512346599146106,76.3,0.0899999999999998,161897893.0,量破5日高、收在高檔、RSI健康,73.7,73.8,70.3,71.5,-0.0340760157273918,-0.0327653997378768,-0.0786369593709043,-0.0629095674967233,2026-07-28T13:01:45+00:00
2026-07-27,2026-07-28,2026-07-28,settled,loss,27,1476,儒鴻,twse,紡織纖維,觀察偏多,59.50979646615767,341.5,0.0209267563527653,362863543.0,收在高檔、MACD動能擴大、RSI健康,338.0,340.0,333.0,339.0,-0.0102489019033674,-0.0043923865300146,-0.0248901903367496,-0.007320644216691,2026-07-28T13:01:45+00:00
2026-07-27,2026-07-28,2026-07-28,settled,loss,28,2027,大成鋼,twse,鋼鐵工業,觀察偏多,59.29469017331865,44.55,0.0229621125143513,1005088023.0,MACD動能擴大、RSI健康,43.3,44.05,42.0,42.2,-0.0280583613916947,-0.0112233445566778,-0.0572390572390572,-0.0527497194163859,2026-07-28T13:01:45+00:00
2026-07-27,2026-07-28,2026-07-28,settled,loss,29,2059,川湖,twse,電子工業,觀察偏多,59.25868470977318,8275.0,0.0698125404007756,4255526635.0,收在高檔、RSI健康,7715.0,7820.0,7450.0,7450.0,-0.0676737160120846,-0.0549848942598187,-0.0996978851963745,-0.0996978851963745,2026-07-28T13:01:45+00:00
2026-07-27,2026-07-28,2026-07-28,settled,win,30,2618,長榮航,twse,航運業,觀察偏多,58.897278669043445,41.95,0.0307125307125306,2033840594.0,量破5日高,41.65,42.95,41.5,42.75,-0.0071513706793803,0.0238379022646006,-0.0107270560190704,0.0190703218116805,2026-07-28T13:01:45+00:00
2026-07-27,2026-07-28,2026-07-28,settled,loss,31,2850,新產,twse,金融保險,觀察偏多,58.61513665060015,158.0,0.071186440677966,189292767.0,量破5日高、接近20日突破、MACD動能擴大、流動性不足扣分,157.0,157.5,153.5,155.0,-0.0063291139240506,-0.0031645569620253,-0.0284810126582278,-0.0189873417721518,2026-07-28T13:01:45+00:00
2026-07-27,2026-07-28,2026-07-28,settled,loss,32,1442,名軒,twse,建材營造,觀察偏多,58.24283224209675,30.35,0.0133555926544242,27251584.0,量破5日高、接近20日突破、收在高檔、MACD動能擴大、流動性不足扣分,30.5,30.5,29.25,29.9,0.0049423393739702,0.0049423393739702,-0.0362438220757825,-0.0148270181219111,2026-07-28T13:01:45+00:00
2026-07-27,2026-07-28,2026-07-28,settled,tie,33,2880,華南金,twse,金融保險,觀察偏多,58.20597806283792,41.4,0.017199017199017,910311515.0,接近20日突破,41.0,41.65,40.85,41.4,-0.0096618357487922,0.0060386473429951,-0.0132850241545893,0.0,2026-07-28T13:01:45+00:00
2026-07-27,2026-07-28,2026-07-28,settled,loss,34,3163,波若威,tpex,通信網路業,觀察偏多,58.17866320050699,743.0,0.0539007092198582,3578393308.0,MACD動能擴大、產業相對強,615.0,660.0,580.0,583.0,-0.1722745625841184,-0.1117092866756392,-0.2193808882907133,-0.215343203230148,2026-07-28T13:01:45+00:00
2026-07-27,2026-07-28,2026-07-28,settled,tie,35,5880,合庫金,twse,金融保險,觀察偏多,58.03373661314987,25.95,0.0116959064327486,601507037.0,接近20日突破、收在高檔、MACD動能擴大、RSI過熱扣分,25.85,25.95,25.65,25.95,-0.003853564547206,0.0,-0.0115606936416184,0.0,2026-07-28T13:01:45+00:00
2026-07-27,2026-07-28,2026-07-28,settled,win,36,2836,高雄銀,twse,金融保險,中性觀察,57.72749340916502,12.9,0.0038910505836575,99062560.0,量破5日高、接近20日突破、MACD動能擴大、RSI健康、流動性不足扣分,12.9,13.0,12.8,13.0,0.0,0.0077519379844961,-0.0077519379844961,0.0077519379844961,2026-07-28T13:01:45+00:00
2026-07-27,2026-07-28,2026-07-28,settled,loss,37,3231,緯創,twse,電腦及週邊設備業,中性觀察,57.65322055292785,177.0,-0.0111731843575418,18820900168.0,MACD動能擴大、RSI健康,168.0,177.5,167.0,170.0,-0.0508474576271186,0.002824858757062,-0.0564971751412429,-0.03954802259887,2026-07-28T13:01:45+00:00
2026-07-27,2026-07-28,2026-07-28,settled,loss,38,2324,仁寶,twse,電腦及週邊設備業,中性觀察,57.32870998385104,37.15,-0.0013440860215054,1474430609.0,MACD動能擴大、RSI健康,36.1,36.1,34.5,34.7,-0.0282637954239568,-0.0282637954239568,-0.0713324360699865,-0.0659488559892327,2026-07-28T13:01:45+00:00
2026-07-27,2026-07-28,2026-07-28,settled,loss,39,2360,致茂,twse,電子工業,中性觀察,56.81358126721762,2100.0,0.0096153846153845,4523779605.0,收在高檔、MACD動能擴大、RSI健康,1990.0,2040.0,1920.0,1940.0,-0.0523809523809524,-0.0285714285714285,-0.0857142857142857,-0.0761904761904761,2026-07-28T13:01:45+00:00
2026-07-27,2026-07-28,2026-07-28,settled,loss,40,1321,大洋,twse,塑膠工業,中性觀察,56.80339142530181,32.55,0.0124416796267494,7911990.0,量破5日高、接近20日突破、收在高檔、MACD動能擴大、RSI健康、流動性不足扣分,32.1,32.45,32.0,32.15,-0.0138248847926265,-0.0030721966205835,-0.0168970814132103,-0.0122887864823347,2026-07-28T13:01:45+00:00
2026-07-27,2026-07-28,2026-07-28,settled,loss,41,2359,所羅門,twse,電子工業,中性觀察,56.64205024781997,144.5,-0.0034482758620689,608659867.0,收在高檔、MACD動能擴大、RSI健康,140.0,141.0,133.5,134.0,-0.0311418685121107,-0.0242214532871972,-0.0761245674740483,-0.0726643598615917,2026-07-28T13:01:45+00:00
2026-07-27,2026-07-28,2026-07-28,settled,loss,42,2377,微星,twse,電腦及週邊設備業,中性觀察,56.46620342177758,146.5,0.0,2027314334.0,收在高檔、RSI健康,140.0,144.5,138.5,139.0,-0.0443686006825938,-0.0136518771331057,-0.0546075085324232,-0.0511945392491467,2026-07-28T13:01:45+00:00
2026-07-27,2026-07-28,2026-07-28,settled,loss,43,2881,富邦金,twse,金融保險,中性觀察,56.36694214876033,130.0,0.0196078431372548,2014773566.0,收在高檔、RSI健康,127.5,128.0,124.0,125.5,-0.0192307692307692,-0.0153846153846153,-0.0461538461538461,-0.0346153846153846,2026-07-28T13:01:45+00:00
2026-07-27,2026-07-28,2026-07-28,settled,loss,44,2882,國泰金,twse,金融保險,中性觀察,56.00123966942149,98.5,0.0154639175257731,1554410280.0,收在高檔、RSI健康,97.0,97.6,94.6,95.4,-0.0152284263959391,-0.0091370558375635,-0.0395939086294416,-0.031472081218274,2026-07-28T13:01:45+00:00
2026-07-27,2026-07-28,2026-07-28,settled,loss,45,8279,生展,tpex,生技醫療業,中性觀察,55.90201020756692,90.0,0.0227272727272727,1268153.0,量破5日高、接近20日突破、收在高檔、MACD動能擴大、RSI健康、流動性不足扣分,89.9,89.9,88.1,88.1,-0.001111111111111,-0.001111111111111,-0.0211111111111111,-0.0211111111111111,2026-07-28T13:01:45+00:00
2026-07-27,2026-07-28,2026-07-28,settled,loss,46,2801,彰銀,twse,金融保險,中性觀察,55.84851179057661,24.7,0.0143737166324433,887621229.0,接近20日突破,24.5,24.75,24.35,24.55,-0.0080971659919028,0.0020242914979757,-0.0141700404858299,-0.006072874493927,2026-07-28T13:01:45+00:00
2026-07-27,2026-07-28,2026-07-28,settled,loss,47,6805,富世達,twse,電子零組件業,中性觀察,55.412502295684114,1455.0,0.0319148936170212,807037250.0,收在高檔、MACD動能擴大,1350.0,1400.0,1335.0,1340.0,-0.0721649484536082,-0.0378006872852233,-0.0824742268041237,-0.0790378006872852,2026-07-28T13:01:45+00:00
2026-07-27,2026-07-28,2026-07-28,settled,loss,48,3362,先進光,tpex,光電業,中性觀察,55.24673826906657,165.5,0.0996677740863787,1140134972.0,量破5日高、收在高檔、RSI健康、近漲停過熱扣分,160.0,171.0,157.0,158.0,-0.0332326283987914,0.0332326283987916,-0.0513595166163142,-0.0453172205438066,2026-07-28T13:01:45+00:00
2026-07-27,2026-07-28,2026-07-28,settled,loss,49,2006,東和鋼鐵,twse,鋼鐵工業,中性觀察,54.87898762499162,73.0,0.0167130919220055,230854738.0,接近20日突破、收在高檔、MACD動能擴大,72.9,72.9,71.8,72.5,-0.0013698630136985,-0.0013698630136985,-0.0164383561643836,-0.0068493150684931,2026-07-28T13:01:45+00:00
2026-07-27,2026-07-28,2026-07-28,settled,loss,50,3034,聯詠,twse,電子工業,中性觀察,54.44429752066115,518.0,0.0216962524654833,1890441976.0,MACD動能擴大,499.0,514.0,492.5,492.5,-0.0366795366795367,-0.0077220077220077,-0.0492277992277991,-0.0492277992277991,2026-07-28T13:01:45+00:00
2026-07-27,2026-07-28,2026-07-28,settled,tie,51,5871,中租-KY,twse,其他,中性觀察,53.869799536528,120.0,0.0,678077311.0,收在高檔、RSI健康,120.0,121.5,119.0,120.0,0.0,0.0124999999999999,-0.0083333333333333,0.0,2026-07-28T13:01:45+00:00
2026-07-27,2026-07-28,2026-07-28,settled,loss,52,2408,南亞科,twse,電子工業,中性觀察,53.77224595872966,436.0,0.0872817955112219,33121594819.0,收在高檔、RSI健康,392.5,399.5,392.5,392.5,-0.0997706422018348,-0.0837155963302752,-0.0997706422018348,-0.0997706422018348,2026-07-28T13:01:45+00:00
2026-07-27,2026-07-28,2026-07-28,settled,loss,53,3653,健策,twse,電子零組件業,中性觀察,53.56663452708907,3525.0,0.0276967930029155,2752681585.0,RSI健康,3370.0,3450.0,3300.0,3370.0,-0.0439716312056737,-0.0212765957446808,-0.0638297872340425,-0.0439716312056737,2026-07-28T13:01:45+00:00
2026-07-27,2026-07-28,2026-07-28,settled,loss,54,2539,櫻花建,twse,建材營造,中性觀察,53.300578521907696,41.4,0.0209617755856967,43650115.0,接近20日突破、收在高檔、MACD動能擴大、RSI健康、流動性不足扣分,41.45,41.45,40.65,41.15,0.001207729468599,0.001207729468599,-0.0181159420289854,-0.0060386473429951,2026-07-28T13:01:45+00:00
2026-07-27,2026-07-28,2026-07-28,settled,win,55,2540,愛山林,twse,建材營造,中性觀察,53.07048860035482,54.3,0.0168539325842695,38372534.0,量破5日高、收在高檔、MACD動能擴大、RSI健康、流動性不足扣分,54.3,56.4,54.0,55.9,0.0,0.0386740331491712,-0.005524861878453,0.0294659300184161,2026-07-28T13:01:45+00:00
2026-07-27,2026-07-28,2026-07-28,settled,loss,56,5483,中美晶,tpex,半導體業,中性觀察,52.874545454545455,204.0,0.0024570024570025,3169753652.0,收在高檔、RSI健康,193.0,199.5,184.5,185.0,-0.053921568627451,-0.0220588235294117,-0.0955882352941176,-0.0931372549019607,2026-07-28T13:01:45+00:00
2026-07-27,2026-07-28,2026-07-28,settled,loss,57,1419,新紡,twse,紡織纖維,中性觀察,52.663764738791485,69.5,0.0419790104947526,20913351.0,量破5日高、收在高檔、MACD動能擴大、RSI健康、流動性不足扣分,69.7,69.7,67.6,68.2,0.0028776978417266,0.0028776978417266,-0.0273381294964029,-0.0187050359712229,2026-07-28T13:01:45+00:00
2026-07-27,2026-07-28,2026-07-28,settled,loss,58,3669,圓展,twse,電子工業,中性觀察,52.45445811033064,42.55,0.0454545454545454,243292231.0,量破5日高、接近20日突破、MACD動能擴大、流動性不足扣分,41.0,42.4,40.05,40.45,-0.0364277320799059,-0.0035252643948295,-0.0587544065804935,-0.0493537015276144,2026-07-28T13:01:45+00:00
2026-07-27,2026-07-28,2026-07-28,settled,loss,59,1783,和康生,twse,化學生技醫療,中性觀察,52.43845923238436,40.9,0.0148883374689827,5043468.0,量破5日高、收在高檔、MACD動能擴大、RSI健康、流動性不足扣分,40.9,40.9,39.6,40.1,0.0,0.0,-0.0317848410757946,-0.0195599022004889,2026-07-28T13:01:45+00:00
2026-07-27,2026-07-28,2026-07-28,settled,loss,60,3017,奇鋐,twse,電子工業,中性觀察,51.99939393939393,2400.0,0.0084033613445377,5598378250.0,收在高檔、MACD動能擴大,2285.0,2325.0,2225.0,2240.0,-0.0479166666666667,-0.03125,-0.0729166666666666,-0.0666666666666666,2026-07-28T13:01:45+00:00
2026-07-27,2026-07-28,2026-07-28,settled,loss,61,7734,印能科技,tpex,半導體業,中性觀察,51.68499943028753,3430.0,-0.0086705202312138,1008174320.0,收在高檔、MACD動能擴大、RSI健康,3200.0,3295.0,3105.0,3105.0,-0.0670553935860058,-0.0393586005830903,-0.0947521865889212,-0.0947521865889212,2026-07-28T13:01:45+00:00
2026-07-27,2026-07-28,2026-07-28,settled,loss,62,6127,九豪,tpex,電子零組件業,中性觀察,51.56864928293338,53.3,0.0230326295585412,241665981.0,量破5日高,51.3,51.6,48.5,48.5,-0.0375234521575984,-0.0318949343339586,-0.0900562851782363,-0.0900562851782363,2026-07-28T13:01:45+00:00
2026-07-27,2026-07-28,2026-07-28,settled,loss,63,3706,神達,twse,電腦及週邊設備業,中性觀察,51.37520467628838,91.2,-0.0010952902519166,734055812.0,RSI健康,89.5,89.9,87.8,88.2,-0.018640350877193,-0.0142543859649122,-0.037280701754386,-0.0328947368421053,2026-07-28T13:01:45+00:00
2026-07-27,2026-07-28,2026-07-28,settled,loss,64,3105,穩懋,tpex,半導體業,中性觀察,50.88900826446281,355.0,0.0395314787701317,12890075289.0,量破5日高、收在高檔,336.0,349.5,322.5,323.0,-0.0535211267605634,-0.0154929577464788,-0.0915492957746478,-0.0901408450704225,2026-07-28T13:01:45+00:00
2026-07-27,2026-07-28,2026-07-28,settled,loss,65,4938,和碩,twse,電腦及週邊設備業,中性觀察,50.883149257132,87.4,-0.01131221719457,1104235483.0,MACD動能擴大、RSI健康,86.0,86.5,82.9,83.2,-0.0160183066361556,-0.0102974828375286,-0.051487414187643,-0.0480549199084668,2026-07-28T13:01:45+00:00
2026-07-27,2026-07-28,2026-07-28,settled,loss,66,2379,瑞昱,twse,電子工業,中性觀察,50.72153400028997,762.0,0.0241935483870967,3686759089.0,量破5日高、RSI健康、長上影扣分,741.0,755.0,727.0,731.0,-0.0275590551181101,-0.0091863517060367,-0.0459317585301837,-0.0406824146981626,2026-07-28T13:01:45+00:00
2026-07-27,2026-07-28,2026-07-28,settled,loss,67,3032,偉訓,twse,電子零組件業,中性觀察,50.47744719926538,81.9,0.0567741935483872,113777926.0,量破5日高、MACD動能擴大、RSI健康、流動性不足扣分,81.0,81.3,78.1,78.7,-0.010989010989011,-0.0073260073260074,-0.0463980463980465,-0.0390720390720391,2026-07-28T13:01:45+00:00
2026-07-27,2026-07-28,2026-07-28,settled,loss,68,6504,南六,twse,其他,中性觀察,50.108125806077325,40.8,0.0625,9658716.0,量破5日高、接近20日突破、MACD動能擴大、流動性不足扣分,39.95,41.3,39.35,39.7,-0.0208333333333331,0.0122549019607842,-0.0355392156862743,-0.0269607843137253,2026-07-28T13:01:45+00:00
2026-07-27,2026-07-28,2026-07-28,settled,loss,69,3413,京鼎,twse,電子工業,中性觀察,49.93147735468517,329.0,0.0045801526717557,400932130.0,收在高檔、RSI健康,316.0,321.0,305.5,308.0,-0.0395136778115501,-0.0243161094224924,-0.0714285714285714,-0.0638297872340425,2026-07-28T13:01:45+00:00
2026-07-27,2026-07-28,2026-07-28,settled,loss,70,6488,環球晶,tpex,半導體業,中性觀察,49.76697448975732,1065.0,0.0339805825242718,6045081650.0,收在高檔,990.0,998.0,959.0,959.0,-0.0704225352112676,-0.0629107981220656,-0.0995305164319249,-0.0995305164319249,2026-07-28T13:01:45+00:00
2026-07-27,2026-07-28,2026-07-28,settled,loss,71,6510,精測,tpex,半導體業,中性觀察,49.69606484424666,2660.0,0.0270270270270269,683034670.0,收在高檔、MACD動能擴大,2510.0,2660.0,2480.0,2480.0,-0.0563909774436089,0.0,-0.0676691729323308,-0.0676691729323308,2026-07-28T13:01:45+00:00
2026-07-27,2026-07-28,2026-07-28,settled,loss,72,7751,竑騰,tpex,半導體業,中性觀察,49.67812871660124,1255.0,0.0960698689956331,410654725.0,量破5日高、收在高檔、MACD動能擴大、近漲停過熱扣分,1210.0,1240.0,1155.0,1185.0,-0.0358565737051792,-0.0119521912350597,-0.0796812749003984,-0.0557768924302788,2026-07-28T13:01:45+00:00
2026-07-27,2026-07-28,2026-07-28,settled,loss,73,3532,台勝科,twse,電子工業,中性觀察,49.64604323871122,379.5,0.0,2487353209.0,收在高檔、RSI健康,350.0,355.5,342.0,342.0,-0.077733860342556,-0.0632411067193675,-0.0988142292490118,-0.0988142292490118,2026-07-28T13:01:45+00:00
2026-07-27,2026-07-28,2026-07-28,settled,loss,74,3081,聯亞,tpex,通信網路業,中性觀察,49.19039396901567,1805.0,0.0255681818181818,11216599525.0,MACD動能擴大、產業相對強、長上影扣分,1690.0,1840.0,1645.0,1710.0,-0.0637119113573406,0.0193905817174515,-0.0886426592797784,-0.0526315789473684,2026-07-28T13:01:45+00:00
2026-07-27,2026-07-28,2026-07-28,settled,loss,75,2762,世界健身-KY,twse,運動休閒,中性觀察,49.02874428301577,87.5,0.023391812865497,14794707.0,量破5日高、接近20日突破、MACD動能擴大、RSI健康、長上影扣分、流動性不足扣分,87.0,87.7,86.0,87.0,-0.0057142857142856,0.0022857142857142,-0.0171428571428571,-0.0057142857142856,2026-07-28T13:01:45+00:00
2026-07-27,2026-07-28,2026-07-28,settled,loss,76,6281,全國電,twse,電子通路業,中性觀察,48.96959871084384,52.2,0.0057803468208093,6234803.0,量破5日高、收在高檔、MACD動能擴大、RSI健康、流動性不足扣分,52.2,52.2,51.4,52.0,0.0,0.0,-0.0153256704980844,-0.0038314176245211,2026-07-28T13:01:45+00:00
2026-07-27,2026-07-28,2026-07-28,settled,loss,77,6598,ABC-KY,twse,生技醫療業,中性觀察,48.89807162534436,30.0,0.0830324909747293,38780107.0,接近20日突破、收在高檔、MACD動能擴大、流動性不足扣分,29.5,30.05,28.65,29.1,-0.0166666666666667,0.0016666666666667,-0.045,-0.0299999999999999,2026-07-28T13:01:45+00:00
2026-07-27,2026-07-28,2026-07-28,settled,loss,78,2505,國揚,twse,建材營造,中性觀察,48.7329476584022,18.0,0.0140845070422535,7190228.0,量破5日高、收在高檔、MACD動能擴大、流動性不足扣分,18.05,18.1,17.7,17.9,0.0027777777777777,0.0055555555555555,-0.0166666666666667,-0.0055555555555556,2026-07-28T13:01:45+00:00
2026-07-27,2026-07-28,2026-07-28,settled,win,79,2923,鼎固-KY,twse,建材營造,中性觀察,48.73225895316805,34.45,0.0376506024096385,10429754.0,收在高檔、MACD動能擴大、RSI健康、流動性不足扣分,34.1,37.65,31.4,37.65,-0.0101596516690857,0.0928882438316398,-0.088534107402032,0.0928882438316398,2026-07-28T13:01:45+00:00
2026-07-27,2026-07-28,2026-07-28,settled,loss,80,2609,陽明,twse,航運業,中性觀察,48.34843499934414,51.1,-0.0077669902912621,575744876.0,MACD動能擴大,50.6,50.9,50.1,50.7,-0.0097847358121331,-0.0039138943248533,-0.0195694716242661,-0.0078277886497064,2026-07-28T13:01:45+00:00
2026-07-27,2026-07-28,2026-07-28,settled,loss,81,4966,譜瑞-KY,tpex,半導體業,中性觀察,47.975852150642645,615.0,0.0065466448445172,430540817.0,收在高檔、MACD動能擴大,601.0,601.0,576.0,578.0,-0.0227642276422763,-0.0227642276422763,-0.0634146341463414,-0.0601626016260162,2026-07-28T13:01:45+00:00
2026-07-27,2026-07-28,2026-07-28,settled,loss,82,5388,中磊,twse,電子工業,中性觀察,47.92841864114355,90.6,0.0214205186020293,988959120.0,量破5日高、MACD動能擴大、長上影扣分、收低於VWAP扣分,88.2,90.0,86.2,86.4,-0.0264900662251654,-0.0066225165562913,-0.0485651214128034,-0.0463576158940396,2026-07-28T13:01:45+00:00
2026-07-27,2026-07-28,2026-07-28,settled,loss,83,2395,研華,twse,電子工業,中性觀察,47.92769305962855,577.0,-0.0068846815834767,2230038118.0,RSI健康,555.0,570.0,547.0,556.0,-0.0381282495667244,-0.0121317157712305,-0.0519930675909878,-0.0363951473136915,2026-07-28T13:01:45+00:00
2026-07-27,2026-07-28,2026-07-28,settled,loss,84,3035,智原,twse,半導體業,中性觀察,47.89644628099173,200.5,0.0151898734177216,1000192538.0,收在高檔,193.0,194.0,184.0,185.5,-0.0374064837905236,-0.0324189526184538,-0.0822942643391521,-0.0748129675810473,2026-07-28T13:01:45+00:00
2026-07-27,2026-07-28,2026-07-28,settled,loss,85,2885,元大金,twse,金融保險,中性觀察,47.89462809917359,64.7,0.0253565768621235,1907886550.0,收在高檔,64.6,64.7,62.6,63.5,-0.0015455950540959,0.0,-0.0324574961360123,-0.0185471406491499,2026-07-28T13:01:45+00:00
2026-07-27,2026-07-28,2026-07-28,settled,loss,86,1799,易威,tpex,生技醫療業,中性觀察,47.57594776786529,39.3,0.0993006993006992,35368892.0,量破5日高、接近20日突破、收在高檔、MACD動能擴大、近漲停過熱扣分、流動性不足扣分,37.2,37.65,35.4,35.4,-0.0534351145038166,-0.0419847328244274,-0.0992366412213739,-0.0992366412213739,2026-07-28T13:01:45+00:00
2026-07-27,2026-07-28,2026-07-28,settled,loss,87,4148,全宇生技-KY,twse,化學生技醫療,中性觀察,47.55743259550501,31.7,0.0176565008025681,946066.0,接近20日突破、收在高檔、MACD動能擴大、RSI健康、流動性不足扣分,31.05,31.05,30.6,31.05,-0.0205047318611987,-0.0205047318611987,-0.0347003154574131,-0.0205047318611987,2026-07-28T13:01:45+00:00
2026-07-27,2026-07-28,2026-07-28,settled,loss,88,2484,希華,twse,電子零組件業,中性觀察,47.44535130653398,73.1,0.0166898470097356,3668741381.0,量破5日高、長上影扣分,70.0,70.6,65.8,65.8,-0.042407660738714,-0.0341997264021888,-0.0998632010943911,-0.0998632010943911,2026-07-28T13:01:45+00:00
2026-07-27,2026-07-28,2026-07-28,settled,win,89,2106,建大,twse,橡膠工業,中性觀察,47.22476705703499,18.0,0.0140845070422535,18976413.0,量破5日高、收在高檔、MACD動能擴大、RSI健康、流動性不足扣分,17.8,18.45,17.75,18.4,-0.011111111111111,0.0249999999999999,-0.0138888888888888,0.0222222222222221,2026-07-28T13:01:45+00:00
2026-07-27,2026-07-28,2026-07-28,settled,win,90,2015,豐興,twse,鋼鐵工業,中性觀察,46.97830640901039,64.5,0.0109717868338559,29758582.0,量破5日高、接近20日突破、MACD動能擴大、RSI健康、長上影扣分、流動性不足扣分,64.6,64.6,64.0,64.6,0.0015503875968991,0.0015503875968991,-0.0077519379844961,0.0015503875968991,2026-07-28T13:01:45+00:00
2026-07-27,2026-07-28,2026-07-28,settled,loss,91,3008,大立光,twse,電子工業,中性觀察,46.94739528869399,4090.0,0.0433673469387754,8920385345.0,RSI健康,3930.0,4125.0,3860.0,3900.0,-0.0391198044009779,0.0085574572127138,-0.0562347188264058,-0.0464547677261614,2026-07-28T13:01:45+00:00
2026-07-27,2026-07-28,2026-07-28,settled,loss,92,2883,凱基金,twse,金融保險,中性觀察,46.9463086479452,30.7,0.00163132137031,916614582.0,RSI健康,30.5,30.55,29.3,29.6,-0.006514657980456,-0.004885993485342,-0.045602605863192,-0.035830618892508,2026-07-28T13:01:45+00:00
2026-07-27,2026-07-28,2026-07-28,settled,loss,93,5328,華容,tpex,電子零組件業,中性觀察,46.92777481604097,67.2,0.099836333878887,2093807714.0,收在高檔、近漲停過熱扣分,65.0,66.2,61.0,61.3,-0.0327380952380952,-0.0148809523809523,-0.0922619047619047,-0.0877976190476191,2026-07-28T13:01:45+00:00
2026-07-27,2026-07-28,2026-07-28,settled,win,94,2072,世紀風電,twse,綠能環保,中性觀察,46.8935261707989,152.5,0.0664335664335664,155052825.0,量破5日高、MACD動能擴大、RSI健康、流動性不足扣分,150.5,153.5,148.5,153.0,-0.0131147540983606,0.0065573770491802,-0.0262295081967213,0.0032786885245901,2026-07-28T13:01:45+00:00
2026-07-27,2026-07-28,2026-07-28,missing,missing,95,3115,富榮綱,tpex,電子零組件業,中性觀察,46.78756506375609,9.5,0.0226049515608182,223557.0,量破5日高、接近20日突破、MACD動能擴大、RSI健康、流動性不足扣分,,,,,,,,,2026-07-28T13:01:45+00:00
2026-07-27,2026-07-28,2026-07-28,settled,loss,96,4991,環宇-KY,tpex,半導體業,中性觀察,46.61165004274722,433.5,0.0395683453237409,2934476650.0,MACD動能擴大,400.0,430.5,392.5,396.0,-0.077277970011534,-0.0069204152249134,-0.0945790080738178,-0.0865051903114186,2026-07-28T13:01:45+00:00
2026-07-27,2026-07-28,2026-07-28,settled,loss,97,7718,友鋮,tpex,電機機械,中性觀察,46.54228650137743,47.5,0.0160427807486631,2742345.0,量破5日高、收在高檔、MACD動能擴大、RSI健康、流動性不足扣分,47.5,47.7,47.1,47.1,0.0,0.0042105263157894,-0.0084210526315788,-0.0084210526315788,2026-07-28T13:01:45+00:00
2026-07-27,2026-07-28,2026-07-28,settled,loss,98,2376,技嘉,twse,電腦及週邊設備業,中性觀察,46.51557270440421,349.5,-0.0141043723554301,2265027102.0,RSI健康,340.0,341.0,326.0,327.0,-0.0271816881258941,-0.0243204577968526,-0.0672389127324749,-0.0643776824034334,2026-07-28T13:01:45+00:00
2026-07-27,2026-07-28,2026-07-28,settled,loss,99,9929,秋雨,twse,其他,中性觀察,46.446533043322944,11.75,0.0217391304347827,221250.0,接近20日突破、MACD動能擴大、RSI健康、流動性不足扣分,11.6,11.6,11.15,11.35,-0.0127659574468085,-0.0127659574468085,-0.051063829787234,-0.0340425531914894,2026-07-28T13:01:45+00:00
2026-07-27,2026-07-28,2026-07-28,settled,loss,100,2890,永豐金,twse,金融保險,中性觀察,46.21748586341892,39.6,0.0272373540856032,1809729451.0,收在高檔,39.0,39.55,38.6,38.65,-0.0151515151515151,-0.0012626262626264,-0.0252525252525253,-0.023989898989899,2026-07-28T13:01:45+00:00
2026-07-28,2026-07-29,2026-07-29,settled,loss,1,1101,台泥,twse,水泥工業,偏多,82.80516984266187,24.8,0.0163934426229508,1226654769.0,量破5日高、接近20日突破、收在高檔、MACD動能擴大、RSI健康,24.9,25.05,23.95,24.35,0.004032258064516,0.0100806451612902,-0.0342741935483871,-0.0181451612903225,2026-07-29T13:06:34+00:00
2026-07-28,2026-07-29,2026-07-29,settled,loss,2,2618,長榮航,twse,航運業,觀察偏多,70.46560981756465,42.75,0.0190703218116805,3056748425.0,量破5日高、收在高檔、RSI健康,43.0,43.4,40.75,41.45,0.0058479532163742,0.0152046783625729,-0.0467836257309941,-0.0304093567251461,2026-07-29T13:06:34+00:00
2026-07-28,2026-07-29,2026-07-29,settled,win,3,2886,兆豐金,twse,金融保險,觀察偏多,66.27463966363582,49.45,0.001012145748988,1825562319.0,量破5日高、MACD動能擴大、長上影扣分,49.45,50.5,49.05,49.9,0.0,0.0212335692618805,-0.0080889787664308,0.0091001011122344,2026-07-29T13:06:34+00:00
2026-07-28,2026-07-29,2026-07-29,settled,loss,4,3665,貿聯-KY,twse,電子工業,觀察偏多,64.75839214342811,2215.0,0.0302325581395348,8689125290.0,MACD動能擴大、RSI健康,2230.0,2275.0,1995.0,2090.0,0.0067720090293452,0.0270880361173815,-0.0993227990970654,-0.0564334085778781,2026-07-29T13:06:34+00:00
2026-07-28,2026-07-29,2026-07-29,settled,loss,5,2412,中華電,twse,電子工業,觀察偏多,62.51940618933424,141.0,0.00355871886121,2514614648.0,收在高檔、MACD動能擴大、RSI健康,141.0,142.5,139.0,140.5,0.0,0.0106382978723404,-0.0141843971631205,-0.00354609929078,2026-07-29T13:06:34+00:00
2026-07-28,2026-07-29,2026-07-29,settled,loss,6,2812,台中銀,twse,金融保險,觀察偏多,61.41458177699278,20.75,0.0,569372299.0,接近20日突破、收在高檔、RSI健康,20.75,20.85,20.4,20.65,0.0,0.0048192771084338,-0.0168674698795181,-0.0048192771084337,2026-07-29T13:06:34+00:00
2026-07-28,2026-07-29,2026-07-29,settled,tie,7,2892,第一金,twse,金融保險,觀察偏多,60.97040809548173,34.8,0.0,1483783627.0,量破5日高、RSI健康、長上影扣分,34.8,35.1,34.15,34.8,0.0,0.0086206896551725,-0.0186781609195402,0.0,2026-07-29T13:06:34+00:00
2026-07-28,2026-07-29,2026-07-29,settled,loss,8,5269,祥碩,twse,電子工業,觀察偏多,60.87474601685111,1455.0,0.0505415162454874,2259532320.0,量破5日高、收在高檔,1460.0,1485.0,1370.0,1450.0,0.0034364261168384,0.0206185567010308,-0.0584192439862543,-0.0034364261168384,2026-07-29T13:06:34+00:00
2026-07-28,2026-07-29,2026-07-29,settled,win,9,6183,關貿,twse,電子工業,觀察偏多,59.78454254885813,91.9,0.0098901098901098,3405962.0,量破5日高、接近20日突破、收在高檔、MACD動能擴大、RSI健康、流動性不足扣分,91.8,92.8,90.7,92.8,-0.0010881392818281,0.0097932535364526,-0.0130576713819369,0.0097932535364526,2026-07-29T13:06:34+00:00
2026-07-28,2026-07-29,2026-07-29,settled,win,10,5880,合庫金,twse,金融保險,觀察偏多,59.58483279262403,25.95,0.0,410316293.0,接近20日突破、收在高檔、MACD動能擴大,26.0,26.2,25.7,26.1,0.0019267822736031,0.0096339113680155,-0.0096339113680153,0.0057803468208093,2026-07-29T13:06:34+00:00
2026-07-28,2026-07-29,2026-07-29,settled,loss,11,5871,中租-KY,twse,其他,觀察偏多,58.54547950519296,120.0,0.0,1814352205.0,量破5日高、RSI健康、長上影扣分,112.0,114.5,110.5,112.5,-0.0666666666666666,-0.0458333333333332,-0.0791666666666667,-0.0625,2026-07-29T13:06:34+00:00
2026-07-28,2026-07-29,2026-07-29,settled,loss,12,2836,高雄銀,twse,金融保險,觀察偏多,58.22732190418009,13.0,0.0077519379844961,165773213.0,量破5日高、接近20日突破、收在高檔、MACD動能擴大、流動性不足扣分,12.4,12.45,11.8,11.95,-0.0461538461538461,-0.0423076923076923,-0.0923076923076922,-0.0807692307692308,2026-07-29T13:06:34+00:00
2026-07-28,2026-07-29,2026-07-29,settled,win,13,2540,愛山林,twse,建材營造,中性觀察,57.00666888796757,55.9,0.0294659300184161,148555904.0,量破5日高、接近20日突破、收在高檔、MACD動能擴大、流動性不足扣分,56.2,59.0,55.9,57.8,0.005366726296959,0.0554561717352415,0.0,0.0339892665474059,2026-07-29T13:06:34+00:00
2026-07-28,2026-07-29,2026-07-29,settled,loss,14,2106,建大,twse,橡膠工業,中性觀察,55.99315999914289,18.4,0.0222222222222221,47223912.0,量破5日高、收在高檔、MACD動能擴大、RSI健康、流動性不足扣分,18.4,18.55,18.05,18.25,0.0,0.0081521739130436,-0.0190217391304347,-0.0081521739130433,2026-07-29T13:06:34+00:00
2026-07-28,2026-07-29,2026-07-29,settled,loss,15,3045,台灣大,twse,電子工業,中性觀察,55.76807011533629,114.0,0.0044052863436123,1356849589.0,收在高檔、MACD動能擴大,114.0,115.0,112.5,113.5,0.0,0.0087719298245614,-0.0131578947368421,-0.0043859649122807,2026-07-29T13:06:34+00:00
2026-07-28,2026-07-29,2026-07-29,settled,loss,16,6919,康霈*,twse,生技醫療業,中性觀察,55.25872494110661,103.5,0.0147058823529411,575616934.0,量破5日高、收在高檔,104.0,106.0,98.4,102.0,0.0048309178743961,0.0241545893719807,-0.0492753623188405,-0.0144927536231883,2026-07-29T13:06:34+00:00
2026-07-28,2026-07-29,2026-07-29,settled,loss,17,7767,仁大資訊,tpex,資訊服務業,中性觀察,55.06456695867796,51.4,0.0821052631578946,9401614.0,量破5日高、接近20日突破、收在高檔、MACD動能擴大、流動性不足扣分,51.5,51.5,47.0,48.8,0.0019455252918287,0.0019455252918287,-0.0856031128404669,-0.0505836575875486,2026-07-29T13:06:34+00:00
2026-07-28,2026-07-29,2026-07-29,settled,win,18,8443,阿瘦,twse,貿易百貨,中性觀察,54.09380378322824,11.45,0.0,456686.0,量破5日高、接近20日突破、收在高檔、MACD動能擴大、流動性不足扣分,11.45,11.55,11.3,11.55,0.0,0.0087336244541484,-0.0131004366812226,0.0087336244541484,2026-07-29T13:06:34+00:00
2026-07-28,2026-07-29,2026-07-29,settled,win,19,2015,豐興,twse,鋼鐵工業,中性觀察,53.70180094399025,64.6,0.0015503875968991,27557721.0,接近20日突破、收在高檔、MACD動能擴大、RSI健康、流動性不足扣分,64.5,66.9,64.5,65.6,-0.0015479876160989,0.0356037151702788,-0.0015479876160989,0.0154798761609906,2026-07-29T13:06:34+00:00
2026-07-28,2026-07-29,2026-07-29,settled,loss,20,4747,強生,tpex,生技醫療業,中性觀察,53.63382577828314,51.5,0.0310310310310308,2049878.0,量破5日高、接近20日突破、收在高檔、MACD動能擴大、流動性不足扣分,50.8,50.8,46.4,49.95,-0.0135922330097087,-0.0135922330097087,-0.0990291262135922,-0.0300970873786406,2026-07-29T13:06:34+00:00
2026-07-28,2026-07-29,2026-07-29,settled,loss,21,2882,國泰金,twse,金融保險,中性觀察,53.39201096265849,95.4,-0.031472081218274,2379211744.0,量破5日高、RSI健康,95.0,96.6,92.5,94.1,-0.0041928721174004,0.012578616352201,-0.030398322851153,-0.0136268343815514,2026-07-29T13:06:34+00:00
2026-07-28,2026-07-29,2026-07-29,settled,win,22,6914,阜爾運通,twse,其他,中性觀察,53.330540938141496,145.5,0.0034482758620688,9895361.0,量破5日高、收在高檔、MACD動能擴大、RSI健康、流動性不足扣分,145.5,146.0,143.5,146.0,0.0,0.0034364261168384,-0.0137457044673539,0.0034364261168384,2026-07-29T13:06:34+00:00
2026-07-28,2026-07-29,2026-07-29,settled,loss,23,1457,宜進,twse,紡織纖維,中性觀察,52.97117158855546,14.35,0.0,2154330.0,量破5日高、收在高檔、MACD動能擴大、RSI健康、流動性不足扣分,14.35,14.35,14.2,14.3,0.0,0.0,-0.0104529616724738,-0.0034843205574912,2026-07-29T13:06:34+00:00
2026-07-28,2026-07-29,2026-07-29,settled,win,24,2880,華南金,twse,金融保險,中性觀察,52.88171597845571,41.4,0.0,892486157.0,,41.45,42.5,40.7,41.8,0.001207729468599,0.0265700483091788,-0.0169082125603863,0.0096618357487923,2026-07-29T13:06:34+00:00
2026-07-28,2026-07-29,2026-07-29,settled,win,25,3441,聯一光,tpex,光電業,中性觀察,52.572735941378376,77.2,0.0919377652050918,2005670702.0,量破5日高、收在高檔、RSI健康、近漲停過熱扣分,77.5,84.9,75.0,84.8,0.0038860103626943,0.0997409326424871,-0.0284974093264248,0.0984455958549221,2026-07-29T13:06:34+00:00
2026-07-28,2026-07-29,2026-07-29,settled,win,26,3293,鈊象,tpex,文化創意業,中性觀察,52.37900848152647,723.0,0.0055632823365785,957111985.0,量破5日高,732.0,755.0,722.0,734.0,0.0124481327800829,0.0442600276625173,-0.0013831258644536,0.0152143845089902,2026-07-29T13:06:34+00:00
2026-07-28,2026-07-29,2026-07-29,settled,win,27,2615,萬海,twse,航運業,中性觀察,52.33457529387269,83.6,-0.0047619047619048,544275339.0,RSI健康,84.8,86.2,83.7,85.0,0.0143540669856458,0.0311004784688995,0.0011961722488038,0.0167464114832536,2026-07-29T13:06:34+00:00
2026-07-28,2026-07-29,2026-07-29,settled,loss,28,2610,華航,twse,航運業,中性觀察,51.93928171748314,21.75,0.0235294117647058,2371753630.0,量破5日高、RSI健康、長上影扣分、收低於VWAP扣分,22.1,22.4,21.25,21.7,0.0160919540229884,0.0298850574712643,-0.0229885057471264,-0.0022988505747126,2026-07-29T13:06:34+00:00
2026-07-28,2026-07-29,2026-07-29,settled,win,29,2102,泰豐,twse,橡膠工業,中性觀察,51.71626126379485,19.25,0.0052219321148825,11125464.0,量破5日高、MACD動能擴大、RSI健康、流動性不足扣分,19.35,19.35,18.9,19.3,0.0051948051948051,0.0051948051948051,-0.0181818181818183,0.0025974025974027,2026-07-29T13:06:34+00:00
2026-07-28,2026-07-29,2026-07-29,settled,win,30,2884,玉山金,twse,金融保險,中性觀察,51.43161114673666,36.25,-0.0041208791208791,1172165568.0,RSI健康,36.4,36.9,35.85,36.5,0.0041379310344826,0.0179310344827585,-0.0110344827586206,0.0068965517241379,2026-07-29T13:06:34+00:00
2026-07-28,2026-07-29,2026-07-29,settled,loss,31,3666,光耀,tpex,光電業,中性觀察,50.430170149594616,25.05,0.0,3847848.0,量破5日高、收在高檔、MACD動能擴大、RSI健康、流動性不足扣分,25.0,25.05,24.7,25.0,-0.0019960079840319,0.0,-0.0139720558882235,-0.0019960079840319,2026-07-29T13:06:34+00:00
2026-07-28,2026-07-29,2026-07-29,settled,win,32,1216,統一,twse,食品工業,中性觀察,49.83244829894063,77.4,0.0038910505836577,1252793526.0,RSI健康,77.6,78.2,76.9,78.2,0.0025839793281652,0.0103359173126613,-0.0064599483204134,0.0103359173126613,2026-07-29T13:06:34+00:00
2026-07-28,2026-07-29,2026-07-29,settled,loss,33,2614,東森,twse,其他,中性觀察,49.50850976361768,18.3,0.0082644628099175,10695222.0,量破5日高、收在高檔、MACD動能擴大、RSI健康、流動性不足扣分,18.35,18.35,17.65,18.05,0.0027322404371585,0.0027322404371585,-0.0355191256830602,-0.0136612021857923,2026-07-29T13:06:34+00:00
2026-07-28,2026-07-29,2026-07-29,settled,loss,34,2409,友達,twse,電子工業,中性觀察,49.21683681626127,23.9,0.0,4631546641.0,量破5日高,24.8,25.15,23.05,23.65,0.0376569037656904,0.0523012552301256,-0.0355648535564853,-0.0104602510460251,2026-07-29T13:06:34+00:00
2026-07-28,2026-07-29,2026-07-29,settled,win,35,2332,友訊,twse,電子工業,中性觀察,48.90105257729301,23.6,-0.0288065843621398,2261252892.0,量破5日高、RSI健康、長上影扣分、收低於VWAP扣分,23.75,24.2,22.45,24.0,0.0063559322033897,0.0254237288135592,-0.0487288135593221,0.0169491525423728,2026-07-29T13:06:34+00:00
2026-07-28,2026-07-29,2026-07-29,settled,loss,36,7736,虎山,twse,汽車工業,中性觀察,48.86800616649537,71.0,0.0128388017118403,5343378.0,量破5日高、收在高檔、MACD動能擴大、RSI健康、流動性不足扣分,70.8,72.1,69.0,70.2,-0.0028169014084507,0.0154929577464788,-0.028169014084507,-0.0112676056338028,2026-07-29T13:06:34+00:00
2026-07-28,2026-07-29,2026-07-29,settled,win,37,8464,億豐,twse,居家生活,中性觀察,48.04891477542253,377.0,-0.0052770448548812,135090614.0,MACD動能擴大、RSI健康,381.5,381.5,370.5,378.5,0.0119363395225464,0.0119363395225464,-0.0172413793103448,0.0039787798408488,2026-07-29T13:06:34+00:00
2026-07-28,2026-07-29,2026-07-29,settled,win,38,2603,長榮,twse,航運業,中性觀察,48.003596313772725,200.0,-0.0171990171990171,1420735979.0,RSI健康,205.0,205.5,198.0,201.5,0.0249999999999999,0.0275,-0.01,0.0075,2026-07-29T13:06:34+00:00
2026-07-28,2026-07-29,2026-07-29,settled,loss,39,4153,鈺緯,tpex,生技醫療業,中性觀察,47.908821748557386,31.5,-0.0031645569620253,450646.0,量破5日高、MACD動能擴大、RSI健康、流動性不足扣分,31.05,31.05,30.2,31.0,-0.0142857142857142,-0.0142857142857142,-0.0412698412698413,-0.0158730158730159,2026-07-29T13:06:34+00:00
2026-07-28,2026-07-29,2026-07-29,settled,win,40,8462,柏文,twse,運動休閒,中性觀察,47.50391010268708,160.0,0.0094637223974762,27737338.0,量破5日高、收在高檔、RSI健康、流動性不足扣分,160.0,164.5,160.0,164.0,0.0,0.0281249999999999,0.0,0.0249999999999999,2026-07-29T13:06:34+00:00
2026-07-28,2026-07-29,2026-07-29,settled,win,41,8111,立碁,tpex,光電業,中性觀察,47.45420367677576,61.8,-0.023696682464455,3145272900.0,量破5日高、MACD動能擴大、RSI健康、長上影扣分、收低於VWAP扣分,61.4,63.4,58.3,62.6,-0.006472491909385,0.0258899676375403,-0.0566343042071197,0.0129449838187702,2026-07-29T13:06:34+00:00
2026-07-28,2026-07-29,2026-07-29,settled,loss,42,1231,聯華食,twse,食品工業,中性觀察,47.45286731160214,91.8,0.0087912087912087,60720672.0,量破5日高、收在高檔、RSI健康、流動性不足扣分,91.9,92.3,89.4,90.3,0.0010893246187364,0.0054466230936818,-0.0261437908496731,-0.0163398692810458,2026-07-29T13:06:34+00:00
2026-07-28,2026-07-29,2026-07-29,settled,loss,43,1476,儒鴻,twse,紡織纖維,中性觀察,47.06106148430742,339.0,-0.007320644216691,388939750.0,收在高檔、RSI健康,339.5,339.5,328.0,338.5,0.0014749262536872,0.0014749262536872,-0.0324483775811209,-0.0014749262536872,2026-07-29T13:06:34+00:00
2026-07-28,2026-07-29,2026-07-29,settled,win,44,2923,鼎固-KY,twse,建材營造,中性觀察,46.91311179627726,37.65,0.0928882438316398,14149044.0,量破5日高、收在高檔、MACD動能擴大、近漲停過熱扣分、流動性不足扣分,37.65,41.35,35.9,41.0,0.0,0.0982735723771581,-0.046480743691899,0.0889774236387783,2026-07-29T13:06:34+00:00
2026-07-28,2026-07-29,2026-07-29,settled,loss,45,1590,亞德客-KY,twse,電機機械,中性觀察,46.7605946877864,1365.0,-0.0520833333333333,2033513090.0,量破5日高、RSI健康、收低於VWAP扣分,1420.0,1420.0,1275.0,1325.0,0.0402930402930403,0.0402930402930403,-0.0659340659340659,-0.0293040293040293,2026-07-29T13:06:34+00:00
2026-07-28,2026-07-29,2026-07-29,settled,win,46,9940,信義,twse,其他,中性觀察,46.72637057700776,20.4,0.0074074074074073,9515762.0,收在高檔、MACD動能擴大、RSI健康、流動性不足扣分,20.4,20.8,20.35,20.8,0.0,0.019607843137255,-0.0024509803921567,0.019607843137255,2026-07-29T13:06:34+00:00
2026-07-28,2026-07-29,2026-07-29,settled,tie,47,4907,富宇,tpex,建材營造,中性觀察,46.14466215156737,41.5,0.0,12169257.0,量破5日高、MACD動能擴大、流動性不足扣分,41.2,41.6,40.35,41.5,-0.0072289156626504,0.0024096385542169,-0.0277108433734939,0.0,2026-07-29T13:06:34+00:00
2026-07-28,2026-07-29,2026-07-29,settled,loss,48,2609,陽明,twse,航運業,中性觀察,46.067185109055664,50.7,-0.0078277886497064,687779248.0,RSI健康,50.9,51.6,49.5,50.1,0.0039447731755424,0.0177514792899406,-0.0236686390532544,-0.0118343195266272,2026-07-29T13:06:34+00:00
2026-07-28,2026-07-29,2026-07-29,settled,loss,49,6838,台新藥,twse,生技醫療業,中性觀察,45.33844439658837,24.95,0.0267489711934156,8566732.0,量破5日高、MACD動能擴大、RSI健康、流動性不足扣分,25.35,25.35,23.85,24.7,0.0160320641282565,0.0160320641282565,-0.0440881763527053,-0.0100200400801603,2026-07-29T13:06:34+00:00
2026-07-28,2026-07-29,2026-07-29,settled,win,50,1203,味王,twse,食品工業,低優先,44.80515976112794,48.15,0.0201271186440676,3693211.0,量破5日高、接近20日突破、MACD動能擴大、長上影扣分、流動性不足扣分,48.15,49.95,47.5,49.95,0.0,0.0373831775700934,-0.0134994807892003,0.0373831775700934,2026-07-29T13:06:34+00:00
2026-07-28,2026-07-29,2026-07-29,settled,tie,51,1451,年興,twse,紡織纖維,低優先,44.800219330983325,17.4,0.0,3372768.0,量破5日高、收在高檔、RSI健康、流動性不足扣分,17.4,17.4,17.2,17.4,0.0,0.0,-0.0114942528735632,0.0,2026-07-29T13:06:34+00:00
2026-07-28,2026-07-29,2026-07-29,settled,win,52,2905,三商,twse,貿易百貨,低優先,44.62823478543915,16.2,0.0030959752321981,21716291.0,接近20日突破、收在高檔、MACD動能擴大、流動性不足扣分,16.25,16.45,16.05,16.45,0.0030864197530864,0.0154320987654321,-0.0092592592592591,0.0154320987654321,2026-07-29T13:06:34+00:00
2026-07-28,2026-07-29,2026-07-29,settled,win,53,1907,永豐餘,twse,造紙工業,低優先,44.40739479879424,28.15,0.0035650623885916,40134548.0,量破5日高、收在高檔、RSI健康、流動性不足扣分,28.2,28.9,28.2,28.45,0.0017761989342806,0.0266429840142095,0.0017761989342806,0.0106571936056838,2026-07-29T13:06:34+00:00
2026-07-28,2026-07-29,2026-07-29,settled,win,54,2373,震旦行,twse,其他電子業,低優先,44.35814870181774,53.9,0.0018587360594795,4667524.0,量破5日高、收在高檔、MACD動能擴大、RSI健康、流動性不足扣分,54.2,54.2,53.5,54.0,0.0055658627087198,0.0055658627087198,-0.0074211502782931,0.0018552875695732,2026-07-29T13:06:34+00:00
2026-07-28,2026-07-29,2026-07-29,settled,loss,55,2834,臺企銀,twse,金融保險,低優先,44.329576735169184,18.1,-0.0054945054945053,766226376.0,RSI健康,18.1,18.15,17.7,17.95,0.0,0.0027624309392264,-0.0220994475138123,-0.0082872928176797,2026-07-29T13:06:34+00:00
2026-07-28,2026-07-29,2026-07-29,settled,win,56,6804,明係,tpex,運動休閒類,低優先,44.1604371947851,19.0,0.0052910052910053,13798164.0,量破5日高、接近20日突破、MACD動能擴大、RSI過熱扣分、流動性不足扣分,18.9,19.65,18.7,19.1,-0.0052631578947369,0.0342105263157894,-0.0157894736842105,0.0052631578947368,2026-07-29T13:06:34+00:00
2026-07-28,2026-07-29,2026-07-29,settled,win,57,4904,遠傳,twse,電子工業,低優先,44.14982756651821,106.0,-0.0139534883720929,933791952.0,MACD動能擴大、RSI健康、長上影扣分,108.0,108.5,105.0,106.5,0.0188679245283018,0.0235849056603774,-0.0094339622641509,0.0047169811320755,2026-07-29T13:06:34+00:00
2026-07-28,2026-07-29,2026-07-29,settled,tie,58,1817,凱撒衛,twse,玻璃陶瓷,低優先,43.86705150165597,38.7,0.001293661060802,3652008.0,量破5日高、MACD動能擴大、RSI健康、流動性不足扣分,38.85,38.85,38.25,38.7,0.003875968992248,0.003875968992248,-0.0116279069767442,0.0,2026-07-29T13:06:34+00:00
2026-07-28,2026-07-29,2026-07-29,settled,loss,59,5878,台名,tpex,金融業,低優先,43.72923147196533,39.0,0.0090556274256146,433396.0,量破5日高、收在高檔、MACD動能擴大、流動性不足扣分,38.6,38.6,38.6,38.6,-0.0102564102564102,-0.0102564102564102,-0.0102564102564102,-0.0102564102564102,2026-07-29T13:06:34+00:00
2026-07-28,2026-07-29,2026-07-29,settled,loss,60,3288,點晶,tpex,電子零組件業,低優先,43.575834189791024,27.2,0.0923694779116466,6385872.0,量比>1.8、收在高檔、MACD動能擴大、近漲停過熱扣分、流動性不足扣分,24.8,24.8,24.5,24.5,-0.0882352941176469,-0.0882352941176469,-0.0992647058823529,-0.0992647058823529,2026-07-29T13:06:34+00:00
2026-07-28,2026-07-29,2026-07-29,settled,win,61,6464,台數科,twse,其他,低優先,43.371458493400254,79.3,-0.0037688442211054,87175457.0,量破5日高、收在高檔、RSI健康、流動性不足扣分,79.2,79.5,79.0,79.5,-0.0012610340479192,0.0025220680958386,-0.0037831021437578,0.0025220680958386,2026-07-29T13:06:34+00:00
2026-07-28,2026-07-29,2026-07-29,settled,loss,62,6116,彩晶,twse,電子工業,低優先,43.36273919485172,12.9,-0.0264150943396226,499954311.0,量破5日高,13.0,13.1,11.65,11.95,0.0077519379844961,0.0155038759689922,-0.0968992248062015,-0.0736434108527133,2026-07-29T13:06:34+00:00
2026-07-28,2026-07-29,2026-07-29,settled,loss,63,9950,萬國通,tpex,塑膠工業,低優先,43.15794792737239,10.45,0.0,5018309.0,量破5日高、收在高檔、MACD動能擴大、RSI健康、流動性不足扣分,10.35,10.45,10.0,10.2,-0.0095693779904305,0.0,-0.0430622009569376,-0.0239234449760765,2026-07-29T13:06:34+00:00
2026-07-28,2026-07-29,2026-07-29,settled,loss,64,6934,心誠鎂,twse,生技醫療業,低優先,43.13925316889346,78.8,-0.0100502512562813,6743942.0,量破5日高、收在高檔、流動性不足扣分,78.8,78.8,71.8,74.5,0.0,0.0,-0.0888324873096446,-0.0545685279187816,2026-07-29T13:06:34+00:00
2026-07-28,2026-07-29,2026-07-29,settled,loss,65,2881,富邦金,twse,金融保險,低優先,42.90902021240151,125.5,-0.0346153846153846,2735166761.0,RSI健康,126.5,127.0,120.5,123.0,0.0079681274900398,0.0119521912350597,-0.0398406374501991,-0.0199203187250995,2026-07-29T13:06:34+00:00
2026-07-28,2026-07-29,2026-07-29,settled,loss,66,2637,慧洋-KY,twse,航運業,低優先,42.751692496694005,81.9,-0.0048602673147022,176486384.0,RSI健康,82.9,83.4,77.8,80.4,0.0122100122100121,0.0183150183150182,-0.0500610500610502,-0.0183150183150183,2026-07-29T13:06:34+00:00
2026-07-28,2026-07-29,2026-07-29,settled,loss,67,2646,星宇航空,twse,航運業,低優先,42.66661984697954,21.8,0.0092592592592593,192414770.0,收在高檔、MACD動能擴大、RSI健康、流動性不足扣分,21.85,22.0,21.15,21.5,0.0022935779816513,0.0091743119266054,-0.0298165137614679,-0.0137614678899082,2026-07-29T13:06:34+00:00
2026-07-28,2026-07-29,2026-07-29,settled,loss,68,2376,技嘉,twse,電腦及週邊設備業,低優先,42.65568093000131,327.0,-0.0643776824034334,3007553339.0,量破5日高、RSI健康、收低於VWAP扣分,331.0,336.0,315.5,321.5,0.0122324159021407,0.0275229357798165,-0.0351681957186544,-0.0168195718654434,2026-07-29T13:06:34+00:00
2026-07-28,2026-07-29,2026-07-29,settled,loss,69,6720,久昌,tpex,半導體業,低優先,42.38889574055042,138.0,0.0109890109890109,16909248.0,量破5日高、收在高檔、MACD動能擴大、流動性不足扣分,137.5,137.5,126.0,137.0,-0.0036231884057971,-0.0036231884057971,-0.0869565217391304,-0.0072463768115942,2026-07-29T13:06:34+00:00
2026-07-28,2026-07-29,2026-07-29,settled,loss,70,2002,中鋼,twse,鋼鐵工業,低優先,42.18530729582351,19.0,-0.0129870129870129,689739718.0,RSI健康,19.1,19.15,18.65,18.95,0.0052631578947368,0.0078947368421051,-0.018421052631579,-0.0026315789473684,2026-07-29T13:06:34+00:00
2026-07-28,2026-07-29,2026-07-29,settled,win,71,6505,台塑化,twse,油電燃氣業,低優先,41.72634684370726,74.6,-0.0423620025673942,2240242149.0,RSI健康、長上影扣分,76.3,77.1,72.0,74.8,0.0227882037533513,0.0335120643431634,-0.0348525469168899,0.002680965147453,2026-07-29T13:06:34+00:00
2026-07-28,2026-07-29,2026-07-29,settled,win,72,2912,統一超,twse,貿易百貨,低優先,41.52182220230368,237.5,-0.0083507306889353,583677748.0,RSI健康,239.5,242.0,237.5,241.0,0.0084210526315788,0.0189473684210526,0.0,0.0147368421052631,2026-07-29T13:06:34+00:00
2026-07-28,2026-07-29,2026-07-29,settled,loss,73,4442,竣邦-KY,tpex,紡織纖維,低優先,41.18700239808153,62.5,0.0469011725293131,15684082.0,接近20日突破、收在高檔、MACD動能擴大、流動性不足扣分,61.8,62.2,57.6,62.1,-0.0112,-0.0047999999999999,-0.0784,-0.0063999999999999,2026-07-29T13:06:34+00:00
2026-07-28,2026-07-29,2026-07-29,settled,loss,74,2701,萬企,twse,觀光餐旅,低優先,41.05229136171594,10.8,0.0,1159714.0,量破5日高、RSI健康、流動性不足扣分,10.75,10.8,10.6,10.75,-0.0046296296296296,0.0,-0.0185185185185186,-0.0046296296296296,2026-07-29T13:06:34+00:00
2026-07-28,2026-07-29,2026-07-29,settled,loss,75,8424,惠普,tpex,建材營造,低優先,40.79713029576339,68.9,0.0029112081513829,1187115.0,收在高檔、MACD動能擴大、RSI健康、流動性不足扣分,68.9,68.9,67.9,68.4,0.0,0.0,-0.0145137880986937,-0.0072568940493469,2026-07-29T13:06:34+00:00
2026-07-28,2026-07-29,2026-07-29,settled,win,76,1598,岱宇,twse,運動休閒,低優先,40.73576952683159,19.75,0.0076530612244898,6159896.0,量破5日高、收在高檔、RSI健康、流動性不足扣分,21.0,21.7,20.2,20.75,0.0632911392405062,0.0987341772151897,0.0227848101265821,0.0506329113924051,2026-07-29T13:06:34+00:00
2026-07-28,2026-07-29,2026-07-29,settled,tie,77,9912,偉聯,twse,電子工業,低優先,40.72363534273249,12.65,-0.0039370078740156,60830187.0,量破5日高、收在高檔、RSI健康、流動性不足扣分,12.65,12.7,12.55,12.65,0.0,0.0039525691699604,-0.0079051383399209,0.0,2026-07-29T13:06:34+00:00
2026-07-28,2026-07-29,2026-07-29,settled,tie,78,1217,愛之味,twse,食品工業,低優先,40.71691165360178,9.98,0.0,5208999.0,量破5日高、收在高檔、RSI健康、流動性不足扣分,10.0,10.05,9.83,9.98,0.0020040080160319,0.0070140280561121,-0.0150300601202405,0.0,2026-07-29T13:06:34+00:00
2026-07-28,2026-07-29,2026-07-29,settled,tie,79,5283,禾聯碩,twse,電器電纜,低優先,40.71028891172781,53.6,0.0075187969924812,12166553.0,量破5日高、收在高檔、RSI健康、流動性不足扣分,53.8,53.9,52.4,53.6,0.0037313432835819,0.005597014925373,-0.0223880597014926,0.0,2026-07-29T13:06:34+00:00
2026-07-28,2026-07-29,2026-07-29,settled,loss,80,8039,台虹,twse,電子零組件業,低優先,40.67182596779719,194.5,-0.099537037037037,703048418.0,RSI健康,180.0,181.5,175.5,175.5,-0.0745501285347043,-0.0668380462724935,-0.0976863753213367,-0.0976863753213367,2026-07-29T13:06:34+00:00
2026-07-28,2026-07-29,2026-07-29,settled,win,81,1525,江申,twse,汽車工業,低優先,40.51992134545411,67.5,0.0104790419161677,757947.0,量破5日高、MACD動能擴大、RSI健康、收低於VWAP扣分、流動性不足扣分,68.7,68.7,67.5,67.9,0.0177777777777778,0.0177777777777778,0.0,0.0059259259259261,2026-07-29T13:06:34+00:00
2026-07-28,2026-07-29,2026-07-29,settled,loss,82,4535,至興,tpex,電機機械,低優先,40.35129830310618,27.85,0.0017985611510791,786527.0,量破5日高、收在高檔、RSI健康、流動性不足扣分,27.95,28.8,27.2,27.4,0.0035906642728904,0.0341113105924595,-0.0233393177737881,-0.0161579892280072,2026-07-29T13:06:34+00:00
2026-07-28,2026-07-29,2026-07-29,settled,loss,83,2885,元大金,twse,金融保險,低優先,40.34165125042821,63.5,-0.0185471406491499,2325365718.0,,64.4,64.7,60.7,62.2,0.0141732283464568,0.0188976377952756,-0.0440944881889763,-0.0204724409448818,2026-07-29T13:06:34+00:00
2026-07-28,2026-07-29,2026-07-29,settled,win,84,1752,南光,twse,化學生技醫療,低優先,40.18537969624301,31.7,0.0031645569620253,1676146.0,量破5日高、收在高檔、MACD動能擴大、流動性不足扣分,31.85,31.85,31.1,31.75,0.0047318611987381,0.0047318611987381,-0.0189274447949525,0.001577287066246,2026-07-29T13:06:34+00:00
2026-07-28,2026-07-29,2026-07-29,settled,loss,85,2801,彰銀,twse,金融保險,低優先,39.845958344878376,24.55,-0.006072874493927,773106433.0,RSI健康、長上影扣分,24.7,24.8,24.0,24.45,0.0061099796334012,0.010183299389002,-0.0224032586558045,-0.0040733197556008,2026-07-29T13:06:34+00:00
2026-07-28,2026-07-29,2026-07-29,settled,win,86,5007,三星,twse,鋼鐵工業,低優先,39.53435415669529,56.6,-0.0017636684303351,2770540.0,接近20日突破、收在高檔、RSI健康、流動性不足扣分,56.6,56.9,56.5,56.9,0.0,0.0053003533568904,-0.0017667844522968,0.0053003533568904,2026-07-29T13:06:34+00:00
2026-07-28,2026-07-29,2026-07-29,settled,win,87,2762,世界健身-KY,twse,運動休閒,低優先,39.25797511866276,87.0,-0.0057142857142856,9530342.0,MACD動能擴大、RSI健康、流動性不足扣分,87.9,88.5,86.2,88.1,0.010344827586207,0.0172413793103447,-0.0091954022988505,0.0126436781609193,2026-07-29T13:06:34+00:00
2026-07-28,2026-07-29,2026-07-29,settled,win,88,1468,昶和,twse,紡織纖維,低優先,39.21038369304557,13.1,-0.0038022813688213,772876.0,收在高檔、RSI健康、流動性不足扣分,13.15,13.45,13.15,13.45,0.0038167938931297,0.0267175572519082,0.0038167938931297,0.0267175572519082,2026-07-29T13:06:34+00:00
2026-07-28,2026-07-29,2026-07-29,settled,loss,89,8047,星雲,tpex,其他電子類,低優先,39.16466940733128,44.5,0.0348837209302326,1212162.0,收在高檔、MACD動能擴大、RSI健康、流動性不足扣分,43.2,44.3,42.55,44.2,-0.0292134831460673,-0.0044943820224719,-0.0438202247191011,-0.0067415730337078,2026-07-29T13:06:34+00:00
2026-07-28,2026-07-29,2026-07-29,settled,loss,90,2535,達欣工,twse,建材營造,低優先,39.11213543450954,86.4,0.0011587485515645,25341615.0,量破5日高、收在高檔、RSI健康、流動性不足扣分,86.7,87.3,84.2,86.3,0.003472222222222,0.0104166666666665,-0.025462962962963,-0.0011574074074075,2026-07-29T13:06:34+00:00
2026-07-28,2026-07-29,2026-07-29,settled,loss,91,2466,冠西電,twse,電子工業,低優先,38.80898230985287,94.6,0.0074547390841319,174539940.0,收在高檔、RSI健康,94.1,95.4,86.4,89.8,-0.0052854122621563,0.0084566596194504,-0.0866807610993656,-0.0507399577167019,2026-07-29T13:06:34+00:00
2026-07-28,2026-07-29,2026-07-29,settled,win,92,2608,嘉里大榮,twse,航運業,低優先,38.76281129958612,29.5,-0.0016920473773266,6688040.0,收在高檔、MACD動能擴大、RSI健康、流動性不足扣分,29.5,29.95,29.45,29.75,0.0,0.0152542372881354,-0.0016949152542372,0.0084745762711864,2026-07-29T13:06:34+00:00
2026-07-28,2026-07-29,2026-07-29,settled,win,93,9921,巨大,twse,運動休閒,低優先,38.4782734055618,85.0,-0.0058479532163743,138316502.0,RSI健康,85.8,87.5,85.5,87.4,0.0094117647058822,0.0294117647058822,0.0058823529411764,0.0282352941176471,2026-07-29T13:06:34+00:00
2026-07-28,2026-07-29,2026-07-29,settled,loss,94,1583,程泰,twse,電機機械,低優先,38.4200376841384,49.85,-0.0010020040080159,809401.0,收在高檔、MACD動能擴大、RSI健康、流動性不足扣分,50.7,50.7,48.4,49.75,0.0170511534603812,0.0170511534603812,-0.0290872617853561,-0.0020060180541625,2026-07-29T13:06:34+00:00
2026-07-28,2026-07-29,2026-07-29,settled,loss,95,2010,春源,twse,鋼鐵工業,低優先,38.37571085988362,21.1,-0.0023640661938533,21970362.0,量破5日高、收在高檔、MACD動能擴大、流動性不足扣分,21.1,21.25,20.7,21.0,0.0,0.0071090047393365,-0.018957345971564,-0.004739336492891,2026-07-29T13:06:34+00:00
2026-07-28,2026-07-29,2026-07-29,settled,loss,96,2353,宏碁,twse,電子工業,低優先,38.05109682637168,28.85,-0.0415282392026578,825293138.0,量破5日高,29.1,29.55,27.7,28.65,0.0086655112651645,0.024263431542461,-0.0398613518197574,-0.0069324090121317,2026-07-29T13:06:34+00:00
2026-07-28,2026-07-29,2026-07-29,settled,win,97,1225,福懋油,twse,食品工業,低優先,38.0483556012333,26.7,0.0018761726078799,3394234.0,量破5日高、收在高檔、MACD動能擴大、流動性不足扣分,27.1,27.25,26.45,27.2,0.0149812734082397,0.0205992509363295,-0.0093632958801498,0.0187265917602996,2026-07-29T13:06:34+00:00
2026-07-28,2026-07-29,2026-07-29,settled,tie,98,8488,吉源-KY,twse,其他,低優先,37.964271818015135,10.2,-0.0097087378640777,211100.0,量破5日高、收在高檔、RSI健康、流動性不足扣分,10.15,10.25,10.15,10.2,-0.0049019607843135,0.0049019607843137,-0.0049019607843135,0.0,2026-07-29T13:06:34+00:00
2026-07-28,2026-07-29,2026-07-29,settled,win,99,6214,精誠,twse,資訊服務業,低優先,37.89996213887621,143.0,-0.0171821305841924,249492191.0,RSI健康,144.5,147.0,140.5,144.0,0.0104895104895104,0.0279720279720279,-0.0174825174825175,0.006993006993007,2026-07-29T13:06:34+00:00
2026-07-28,2026-07-29,2026-07-29,settled,win,100,2450,神腦,twse,電子工業,低優先,37.86226333219134,28.7,-0.0017391304347826,4714279.0,量破5日高、MACD動能擴大、RSI健康、流動性不足扣分,29.0,29.0,28.5,28.8,0.0104529616724737,0.0104529616724737,-0.0069686411149825,0.0034843205574912,2026-07-29T13:06:34+00:00
2026-07-29,2026-07-30,2026-07-30,settled,loss,1,8271,宇瞻,twse,半導體業,偏多,84.8001408958247,222.5,0.0853658536585366,3941566716.0,量破5日高、接近20日突破、收在高檔、MACD動能擴大,217.5,229.0,200.5,204.0,-0.0224719101123596,0.0292134831460673,-0.098876404494382,-0.0831460674157303,2026-07-30T12:53:11+00:00
2026-07-29,2026-07-30,2026-07-30,settled,win,2,2886,兆豐金,twse,金融保險,偏多,83.20221948713707,49.9,0.0091001011122344,2248926059.0,量破5日高、接近20日突破、MACD動能擴大,50.1,51.7,49.4,51.5,0.0040080160320641,0.0360721442885771,-0.0100200400801603,0.032064128256513,2026-07-30T12:53:11+00:00
2026-07-29,2026-07-30,2026-07-30,settled,win,3,2880,華南金,twse,金融保險,偏多,76.96003300681105,41.8,0.0096618357487923,1457003987.0,量破5日高、接近20日突破、RSI健康,41.9,42.65,41.15,42.65,0.0023923444976077,0.0203349282296652,-0.0155502392344497,0.0203349282296652,2026-07-30T12:53:11+00:00
2026-07-29,2026-07-30,2026-07-30,settled,loss,4,3260,威剛,tpex,半導體業,偏多,76.36692316422652,394.0,0.0677506775067751,11610215414.0,量破5日高、收在高檔、MACD動能擴大、RSI健康,394.0,408.5,376.0,378.5,0.0,0.0368020304568528,-0.0456852791878172,-0.0393401015228426,2026-07-30T12:53:11+00:00
2026-07-29,2026-07-30,2026-07-30,settled,win,5,5880,合庫金,twse,金融保險,偏多,73.68559460561664,26.1,0.0057803468208093,1197866194.0,量破5日高、接近20日突破、收在高檔、MACD動能擴大,26.1,27.0,25.8,27.0,0.0,0.0344827586206895,-0.0114942528735632,0.0344827586206895,2026-07-30T12:53:11+00:00
2026-07-29,2026-07-30,2026-07-30,settled,loss,6,2357,華碩,twse,電腦及週邊設備業,偏多,73.05340086271396,761.0,0.0353741496598638,5278683452.0,量破5日高、RSI健康,762.0,762.0,722.0,737.0,0.0013140604467805,0.0013140604467805,-0.0512483574244415,-0.0315374507227332,2026-07-30T12:53:11+00:00
2026-07-29,2026-07-30,2026-07-30,settled,loss,7,3441,聯一光,tpex,光電業,觀察偏多,70.10879065027218,84.8,0.0984455958549221,4719500287.0,量破5日高、接近20日突破、收在高檔、MACD動能擴大、RSI健康、近漲停過熱扣分,84.0,90.5,76.4,76.4,-0.0094339622641509,0.0672169811320755,-0.0990566037735848,-0.0990566037735848,2026-07-30T12:53:11+00:00
2026-07-29,2026-07-30,2026-07-30,settled,loss,8,2603,長榮,twse,航運業,觀察偏多,70.03895953707679,201.5,0.0075,2681322989.0,量破5日高、RSI健康,202.5,202.5,199.5,201.0,0.0049627791563275,0.0049627791563275,-0.009925558312655,-0.0024813895781637,2026-07-30T12:53:11+00:00
2026-07-29,2026-07-30,2026-07-30,settled,win,9,2892,第一金,twse,金融保險,觀察偏多,69.99690876409568,34.8,0.0,1730043184.0,量破5日高、RSI健康,34.85,35.65,34.45,35.5,0.0014367816091955,0.0244252873563219,-0.0100574712643676,0.0201149425287356,2026-07-30T12:53:11+00:00
2026-07-29,2026-07-30,2026-07-30,settled,win,10,2207,和泰車,twse,汽車工業,觀察偏多,69.61812755583567,519.0,0.038,662943590.0,量破5日高、接近20日突破、收在高檔、MACD動能擴大,523.0,555.0,518.0,551.0,0.0077071290944124,0.0693641618497109,-0.0019267822736031,0.0616570327552985,2026-07-30T12:53:11+00:00
2026-07-29,2026-07-30,2026-07-30,missing,missing,11,5904,寶雅,tpex,居家生活類,觀察偏多,69.33752635576741,720.0,0.0603829160530191,1073088052.0,量破5日高、MACD動能擴大、RSI健康,,,,,,,,,2026-07-30T12:53:11+00:00
2026-07-29,2026-07-30,2026-07-30,settled,win,12,2884,玉山金,twse,金融保險,觀察偏多,69.31302565058871,36.5,0.0068965517241379,2792713306.0,量破5日高、RSI健康,36.8,37.8,36.35,37.7,0.0082191780821916,0.0356164383561643,-0.0041095890410958,0.0328767123287672,2026-07-30T12:53:11+00:00
2026-07-29,2026-07-30,2026-07-30,settled,win,13,8464,億豐,twse,居家生活,觀察偏多,67.53503037668881,378.5,0.0039787798408488,297463087.0,量破5日高、MACD動能擴大、RSI健康,380.0,385.0,374.5,382.5,0.0039630118890356,0.0171730515191546,-0.0105680317040951,0.010568031704095,2026-07-30T12:53:11+00:00
2026-07-29,2026-07-30,2026-07-30,settled,win,14,3045,台灣大,twse,電子工業,觀察偏多,65.48053569401884,113.5,-0.0043859649122807,1848962394.0,量破5日高、MACD動能擴大、RSI健康,114.0,114.0,112.5,114.0,0.0044052863436123,0.0044052863436123,-0.0088105726872246,0.0044052863436123,2026-07-30T12:53:11+00:00
2026-07-29,2026-07-30,2026-07-30,settled,loss,15,1216,統一,twse,食品工業,觀察偏多,65.17424370097282,78.2,0.0103359173126613,1790657367.0,收在高檔、RSI健康,76.8,76.8,73.7,75.6,-0.0179028132992328,-0.0179028132992328,-0.0575447570332481,-0.0332480818414323,2026-07-30T12:53:11+00:00
2026-07-29,2026-07-30,2026-07-30,settled,win,16,1476,儒鴻,twse,紡織纖維,觀察偏多,63.875797452244825,338.5,-0.0014749262536872,538804224.0,量破5日高、收在高檔、RSI健康,338.5,355.5,334.5,352.0,0.0,0.0502215657311668,-0.0118168389955687,0.0398818316100442,2026-07-30T12:53:11+00:00
2026-07-29,2026-07-30,2026-07-30,settled,loss,17,2912,統一超,twse,貿易百貨,觀察偏多,63.234789991513466,241.0,0.0147368421052631,1201537285.0,RSI健康,232.5,235.0,224.0,230.0,-0.0352697095435684,-0.0248962655601659,-0.0705394190871369,-0.0456431535269709,2026-07-30T12:53:11+00:00
2026-07-29,2026-07-30,2026-07-30,settled,win,18,9940,信義,twse,其他,觀察偏多,63.20443357386228,20.8,0.019607843137255,36153210.0,量破5日高、接近20日突破、收在高檔、MACD動能擴大、RSI健康、流動性不足扣分,21.0,21.0,20.55,20.85,0.0096153846153845,0.0096153846153845,-0.0120192307692307,0.0024038461538462,2026-07-30T12:53:11+00:00
2026-07-29,2026-07-30,2026-07-30,settled,loss,19,5328,華容,tpex,電子零組件業,觀察偏多,62.89936329588015,64.5,0.0522022838499185,4052956308.0,量破5日高、收在高檔,62.1,70.0,58.1,58.3,-0.0372093023255813,0.0852713178294573,-0.0992248062015503,-0.096124031007752,2026-07-30T12:53:11+00:00
2026-07-29,2026-07-30,2026-07-30,settled,win,20,2801,彰銀,twse,金融保險,觀察偏多,62.59070338960859,24.45,-0.0040733197556008,1009186551.0,量破5日高、RSI健康,24.55,24.8,24.2,24.8,0.0040899795501023,0.0143149284253578,-0.0102249488752556,0.0143149284253578,2026-07-30T12:53:11+00:00
2026-07-29,2026-07-30,2026-07-30,settled,win,21,2905,三商,twse,貿易百貨,觀察偏多,61.902077789892815,16.45,0.0154320987654321,38109597.0,量破5日高、接近20日突破、收在高檔、MACD動能擴大、流動性不足扣分,16.35,16.65,16.1,16.6,-0.0060790273556229,0.012158054711246,-0.0212765957446807,0.0091185410334346,2026-07-30T12:53:11+00:00
2026-07-29,2026-07-30,2026-07-30,settled,loss,22,8443,阿瘦,twse,貿易百貨,觀察偏多,61.6657888941035,11.55,0.0087336244541484,572927.0,量破5日高、接近20日突破、收在高檔、MACD動能擴大、RSI健康、流動性不足扣分,11.25,11.45,11.25,11.45,-0.0259740259740259,-0.0086580086580088,-0.0259740259740259,-0.0086580086580088,2026-07-30T12:53:11+00:00
2026-07-29,2026-07-30,2026-07-30,settled,loss,23,5007,三星,twse,鋼鐵工業,觀察偏多,61.58103170758,56.9,0.0053003533568904,6154296.0,量破5日高、接近20日突破、收在高檔、MACD動能擴大、RSI健康、流動性不足扣分,56.9,56.9,56.2,56.5,0.0,0.0,-0.0123022847100174,-0.0070298769771528,2026-07-30T12:53:11+00:00
2026-07-29,2026-07-30,2026-07-30,settled,tie,24,2412,中華電,twse,電子工業,觀察偏多,61.2695113251293,140.5,-0.00354609929078,5157010117.0,量破5日高、MACD動能擴大、RSI健康、長上影扣分,141.0,141.0,138.5,140.5,0.00355871886121,0.00355871886121,-0.0142348754448398,0.0,2026-07-30T12:53:11+00:00
2026-07-29,2026-07-30,2026-07-30,settled,loss,25,5903,全家,tpex,居家生活類,觀察偏多,60.96606218373532,190.0,0.0079575596816976,10613122.0,量破5日高、接近20日突破、收在高檔、MACD動能擴大、RSI健康、流動性不足扣分,189.5,190.5,188.5,189.0,-0.0026315789473684,0.0026315789473683,-0.0078947368421052,-0.0052631578947368,2026-07-30T12:53:11+00:00
2026-07-29,2026-07-30,2026-07-30,settled,loss,26,3362,先進光,tpex,光電業,觀察偏多,60.7442685279764,173.5,0.0981012658227848,3920548130.0,量比>1.8、收在高檔、RSI健康、近漲停過熱扣分,173.5,182.0,156.5,156.5,0.0,0.0489913544668587,-0.0979827089337176,-0.0979827089337176,2026-07-30T12:53:11+00:00
2026-07-29,2026-07-30,2026-07-30,settled,loss,27,2923,鼎固-KY,twse,建材營造,觀察偏多,59.96249762338361,41.0,0.0889774236387783,42909016.0,量破5日高、接近20日突破、收在高檔、MACD動能擴大、流動性不足扣分,42.5,44.15,36.9,36.9,0.0365853658536585,0.076829268292683,-0.1,-0.1,2026-07-30T12:53:11+00:00
2026-07-29,2026-07-30,2026-07-30,settled,loss,28,3679,新至陞,twse,電子零組件業,觀察偏多,59.79296512563701,115.0,0.0502283105022831,22986497.0,量破5日高、接近20日突破、收在高檔、MACD動能擴大、流動性不足扣分,116.0,116.0,109.5,109.5,0.0086956521739129,0.0086956521739129,-0.0478260869565216,-0.0478260869565216,2026-07-30T12:53:11+00:00
2026-07-29,2026-07-30,2026-07-30,settled,loss,29,6183,關貿,twse,電子工業,觀察偏多,59.49482317069423,92.8,0.0097932535364526,7155174.0,量破5日高、接近20日突破、收在高檔、MACD動能擴大、RSI健康、流動性不足扣分,93.5,93.5,91.3,91.3,0.0075431034482758,0.0075431034482758,-0.0161637931034482,-0.0161637931034482,2026-07-30T12:53:11+00:00
2026-07-29,2026-07-30,2026-07-30,settled,win,30,2530,華建,twse,建材營造,觀察偏多,59.45126181398335,20.65,0.0376884422110552,54955995.0,量破5日高、接近20日突破、MACD動能擴大、RSI健康、流動性不足扣分,20.7,21.1,20.4,21.1,0.0024213075060532,0.0217917675544796,-0.0121065375302663,0.0217917675544796,2026-07-30T12:53:11+00:00
2026-07-29,2026-07-30,2026-07-30,settled,loss,31,8111,立碁,tpex,光電業,觀察偏多,59.22188231650268,62.6,0.0129449838187702,1676900486.0,收在高檔、MACD動能擴大、RSI健康,62.0,63.3,56.4,56.4,-0.0095846645367412,0.011182108626198,-0.0990415335463259,-0.0990415335463259,2026-07-30T12:53:11+00:00
2026-07-29,2026-07-30,2026-07-30,settled,loss,32,9939,宏全,twse,其他,觀察偏多,58.25662663448059,130.0,0.015625,452617615.0,量破5日高、收在高檔、RSI健康,130.0,130.0,127.0,129.0,0.0,0.0,-0.0230769230769231,-0.0076923076923076,2026-07-30T12:53:11+00:00
2026-07-29,2026-07-30,2026-07-30,settled,win,33,8462,柏文,twse,運動休閒,觀察偏多,58.1550732039496,164.0,0.0249999999999999,67500063.0,量破5日高、收在高檔、MACD動能擴大、RSI健康、流動性不足扣分,164.0,173.5,163.0,172.0,0.0,0.0579268292682926,-0.0060975609756097,0.048780487804878,2026-07-30T12:53:11+00:00
2026-07-29,2026-07-30,2026-07-30,settled,loss,34,4967,十銓,twse,電子工業,觀察偏多,58.10104825789566,218.5,0.0404761904761905,1051866251.0,量破5日高、MACD動能擴大,214.5,221.0,208.5,212.5,-0.0183066361556064,0.011441647597254,-0.0457665903890159,-0.0274599542334096,2026-07-30T12:53:11+00:00
2026-07-29,2026-07-30,2026-07-30,settled,loss,35,2332,友訊,twse,電子工業,中性觀察,57.486379849863,24.0,0.0169491525423728,1792858219.0,收在高檔、RSI健康,23.65,23.9,21.6,21.6,-0.0145833333333333,-0.0041666666666667,-0.0999999999999999,-0.0999999999999999,2026-07-30T12:53:11+00:00
2026-07-29,2026-07-30,2026-07-30,settled,loss,36,2395,研華,twse,電子工業,中性觀察,57.19979003518329,550.0,-0.0107913669064748,2910658765.0,RSI健康,553.0,555.0,535.0,547.0,0.0054545454545453,0.009090909090909,-0.0272727272727272,-0.0054545454545454,2026-07-30T12:53:11+00:00
2026-07-29,2026-07-30,2026-07-30,settled,loss,37,2608,嘉里大榮,twse,航運業,中性觀察,56.90132121476866,29.75,0.0084745762711864,27033509.0,量破5日高、接近20日突破、MACD動能擴大、RSI健康、流動性不足扣分,30.0,30.0,29.35,29.55,0.0084033613445377,0.0084033613445377,-0.0134453781512604,-0.0067226890756302,2026-07-30T12:53:11+00:00
2026-07-29,2026-07-30,2026-07-30,settled,loss,38,1439,雋揚,twse,建材營造,中性觀察,56.62624631606572,27.45,0.0223463687150837,1248227.0,量比>1.8、接近20日突破、收在高檔、MACD動能擴大、流動性不足扣分,27.45,27.5,26.55,27.05,0.0,0.0018214936247722,-0.0327868852459015,-0.0145719489981784,2026-07-30T12:53:11+00:00
2026-07-29,2026-07-30,2026-07-30,settled,loss,39,1517,利奇,twse,電機機械,中性觀察,56.28896946998073,11.9,0.0438596491228069,21754944.0,量破5日高、收在高檔、MACD動能擴大、RSI健康、流動性不足扣分,11.95,12.1,11.15,11.2,0.0042016806722688,0.0168067226890755,-0.0630252100840336,-0.0588235294117648,2026-07-30T12:53:11+00:00
2026-07-29,2026-07-30,2026-07-30,settled,loss,40,4904,遠傳,twse,電子工業,中性觀察,56.2568453394296,106.5,0.0047169811320755,2064734069.0,量破5日高,106.5,106.5,104.0,105.5,0.0,0.0,-0.0234741784037558,-0.0093896713615023,2026-07-30T12:53:11+00:00
2026-07-29,2026-07-30,2026-07-30,settled,tie,41,2451,創見,twse,電子工業,中性觀察,56.17557436321481,269.5,0.0466019417475727,3330957445.0,MACD動能擴大、RSI健康,265.5,280.0,260.0,269.5,-0.0148423005565863,0.0389610389610388,-0.0352504638218923,0.0,2026-07-30T12:53:11+00:00
2026-07-29,2026-07-30,2026-07-30,settled,loss,42,2317,鴻海,twse,其他電子業,中性觀察,56.13573216763503,237.0,-0.0042016806722688,20205542596.0,量破5日高、RSI健康,236.0,237.5,226.5,229.5,-0.0042194092827003,0.0021097046413502,-0.0443037974683544,-0.0316455696202531,2026-07-30T12:53:11+00:00
2026-07-29,2026-07-30,2026-07-30,settled,loss,43,2359,所羅門,twse,電子工業,中性觀察,56.067068387722216,137.0,0.0223880597014924,1066250872.0,收在高檔、RSI健康,134.5,135.0,123.5,123.5,-0.0182481751824817,-0.0145985401459853,-0.0985401459854015,-0.0985401459854015,2026-07-30T12:53:11+00:00
2026-07-29,2026-07-30,2026-07-30,settled,tie,44,9917,中保科,twse,其他,中性觀察,55.91251075340408,111.0,0.004524886877828,130661489.0,量破5日高、接近20日突破、收在高檔、MACD動能擴大、流動性不足扣分,111.0,111.0,110.0,111.0,0.0,0.0,-0.009009009009009,0.0,2026-07-30T12:53:11+00:00
2026-07-29,2026-07-30,2026-07-30,settled,loss,45,6214,精誠,twse,資訊服務業,中性觀察,55.87016953427735,144.0,0.006993006993007,484936766.0,量破5日高、RSI健康,144.0,146.0,142.0,143.5,0.0,0.0138888888888888,-0.0138888888888888,-0.0034722222222222,2026-07-30T12:53:11+00:00
2026-07-29,2026-07-30,2026-07-30,settled,win,46,6538,倉和,tpex,電子零組件業,中性觀察,55.65721154530981,122.0,0.0382978723404254,272505012.0,量破5日高、收在高檔、RSI健康,120.5,134.0,117.5,128.5,-0.012295081967213,0.098360655737705,-0.0368852459016393,0.0532786885245901,2026-07-30T12:53:11+00:00
2026-07-29,2026-07-30,2026-07-30,settled,win,47,1234,黑松,twse,食品工業,中性觀察,55.41899273635229,34.1,0.0103703703703703,13051744.0,量破5日高、接近20日突破、MACD動能擴大、RSI健康、流動性不足扣分,34.45,34.45,33.9,34.15,0.0102639296187683,0.0102639296187683,-0.0058651026392962,0.001466275659824,2026-07-30T12:53:11+00:00
2026-07-29,2026-07-30,2026-07-30,settled,win,48,2881,富邦金,twse,金融保險,中性觀察,55.30623922893586,123.0,-0.0199203187250995,3812697651.0,量破5日高、RSI健康,125.0,125.0,121.0,124.0,0.0162601626016261,0.0162601626016261,-0.0162601626016259,0.0081300813008129,2026-07-30T12:53:11+00:00
2026-07-29,2026-07-30,2026-07-30,settled,loss,49,6505,台塑化,twse,油電燃氣業,中性觀察,55.14733187793333,74.8,0.002680965147453,3586824348.0,RSI健康,77.0,78.0,71.0,71.6,0.0294117647058824,0.0427807486631015,-0.0508021390374331,-0.0427807486631016,2026-07-30T12:53:11+00:00
2026-07-29,2026-07-30,2026-07-30,settled,win,50,1702,南僑,twse,食品工業,中性觀察,55.06960815411056,34.0,0.0194902548725637,26200746.0,量破5日高、收在高檔、MACD動能擴大、RSI健康、流動性不足扣分,33.8,34.25,33.8,34.2,-0.0058823529411765,0.0073529411764705,-0.0058823529411765,0.0058823529411764,2026-07-30T12:53:11+00:00
2026-07-29,2026-07-30,2026-07-30,settled,win,51,2027,大成鋼,twse,鋼鐵工業,中性觀察,54.596121863720114,43.25,0.0248815165876776,1092352264.0,收在高檔、RSI健康,43.25,44.25,42.55,43.7,0.0,0.0231213872832369,-0.016184971098266,0.0104046242774566,2026-07-30T12:53:11+00:00
2026-07-29,2026-07-30,2026-07-30,settled,loss,52,1419,新紡,twse,紡織纖維,中性觀察,54.32331925425415,70.1,0.0278592375366568,34849639.0,量破5日高、收在高檔、MACD動能擴大、RSI健康、流動性不足扣分,69.9,70.0,68.2,68.4,-0.0028530670470754,-0.0014265335235377,-0.0271041369472181,-0.0242510699001424,2026-07-30T12:53:11+00:00
2026-07-29,2026-07-30,2026-07-30,settled,loss,53,2762,世界健身-KY,twse,運動休閒,中性觀察,54.22667719260207,88.1,0.0126436781609193,19911725.0,量破5日高、收在高檔、MACD動能擴大、RSI健康、流動性不足扣分,88.8,88.8,86.7,88.0,0.0079455164585697,0.0079455164585697,-0.0158910329171395,-0.0011350737797956,2026-07-30T12:53:11+00:00
2026-07-29,2026-07-30,2026-07-30,settled,loss,54,2356,英業達,twse,電子工業,中性觀察,54.151237090001125,60.3,0.0255102040816326,3153018873.0,量破5日高,59.3,59.6,56.8,57.5,-0.0165837479270315,-0.011608623548922,-0.0580431177446102,-0.0464344941956881,2026-07-30T12:53:11+00:00
2026-07-29,2026-07-30,2026-07-30,settled,loss,55,6603,富強鑫,tpex,電機機械,中性觀察,53.96925187135574,26.2,0.0234375,91199844.0,量破5日高、收在高檔、MACD動能擴大、RSI健康、流動性不足扣分,25.55,26.7,24.6,24.8,-0.0248091603053434,0.0190839694656488,-0.0610687022900762,-0.0534351145038167,2026-07-30T12:53:11+00:00
2026-07-29,2026-07-30,2026-07-30,settled,loss,56,2025,千興,twse,鋼鐵工業,中性觀察,53.92240835319487,12.45,0.0595744680851062,13573213.0,量破5日高、收在高檔、MACD動能擴大、RSI健康、流動性不足扣分,12.8,12.8,11.8,12.0,0.0281124497991969,0.0281124497991969,-0.0522088353413653,-0.0361445783132529,2026-07-30T12:53:11+00:00
2026-07-29,2026-07-30,2026-07-30,settled,win,57,1438,三地開發,twse,建材營造,中性觀察,53.75607138803768,22.25,0.0159817351598174,1770267.0,量破5日高、收在高檔、MACD動能擴大、RSI健康、流動性不足扣分,22.15,24.45,22.1,23.2,-0.0044943820224719,0.0988764044943819,-0.0067415730337078,0.0426966292134831,2026-07-30T12:53:11+00:00
2026-07-29,2026-07-30,2026-07-30,settled,loss,58,2908,特力,twse,貿易百貨,中性觀察,53.62189300262189,22.15,0.0068181818181818,4337139.0,接近20日突破、收在高檔、MACD動能擴大、RSI健康、流動性不足扣分,22.15,22.2,21.8,22.0,0.0,0.002257336343115,-0.0158013544018057,-0.0067720090293452,2026-07-30T12:53:11+00:00
2026-07-29,2026-07-30,2026-07-30,settled,loss,59,2615,萬海,twse,航運業,中性觀察,52.94317379509203,85.0,0.0167464114832536,1393148531.0,RSI健康、長上影扣分,86.2,86.2,83.9,84.4,0.0141176470588235,0.0141176470588235,-0.0129411764705881,-0.0070588235294116,2026-07-30T12:53:11+00:00
2026-07-29,2026-07-30,2026-07-30,settled,win,60,6914,阜爾運通,twse,其他,中性觀察,52.80082204098608,146.0,0.0034364261168384,13116656.0,量破5日高、收在高檔、MACD動能擴大、RSI健康、流動性不足扣分,146.0,149.0,145.5,147.0,0.0,0.0205479452054795,-0.0034246575342465,0.0068493150684931,2026-07-30T12:53:11+00:00
2026-07-29,2026-07-30,2026-07-30,settled,win,61,2882,國泰金,twse,金融保險,中性觀察,52.74211647857029,94.1,-0.0136268343815514,2838676059.0,量破5日高,94.9,95.2,92.5,95.2,0.0085015940488843,0.0116896918172157,-0.0170031880977682,0.0116896918172157,2026-07-30T12:53:11+00:00
2026-07-29,2026-07-30,2026-07-30,settled,win,62,2540,愛山林,twse,建材營造,中性觀察,52.69749638210327,57.8,0.0339892665474059,433719915.0,量破5日高、接近20日突破、MACD動能擴大、流動性不足扣分,58.0,59.9,57.4,58.9,0.0034602076124568,0.0363321799307958,-0.0069204152249134,0.019031141868512,2026-07-30T12:53:11+00:00
2026-07-29,2026-07-30,2026-07-30,settled,loss,63,2849,安泰銀,twse,金融保險,中性觀察,52.08374668098303,15.35,0.0302013422818792,15780233.0,量破5日高、收在高檔、MACD動能擴大、流動性不足扣分,15.35,15.45,15.2,15.3,0.0,0.006514657980456,-0.009771986970684,-0.0032573289902279,2026-07-30T12:53:11+00:00
2026-07-29,2026-07-30,2026-07-30,settled,loss,64,2024,志聯,twse,鋼鐵工業,中性觀察,52.024042673930296,14.0,0.018181818181818,470426.0,量破5日高、收在高檔、MACD動能擴大、RSI健康、流動性不足扣分,14.2,14.2,13.5,13.55,0.0142857142857142,0.0142857142857142,-0.0357142857142857,-0.0321428571428571,2026-07-30T12:53:11+00:00
2026-07-29,2026-07-30,2026-07-30,settled,win,65,3005,神基,twse,電子工業,中性觀察,51.94693336858408,107.0,-0.0272727272727272,566334210.0,量破5日高、RSI健康,106.0,110.5,105.5,110.0,-0.0093457943925233,0.0327102803738317,-0.0140186915887849,0.0280373831775699,2026-07-30T12:53:11+00:00
2026-07-29,2026-07-30,2026-07-30,missing,missing,66,6662,樂斯科,tpex,生技醫療業,中性觀察,51.796490984378224,30.8,0.0098360655737705,679225.0,量破5日高、收在高檔、MACD動能擴大、RSI健康、流動性不足扣分,,,,,,,,,2026-07-30T12:53:11+00:00
2026-07-29,2026-07-30,2026-07-30,settled,tie,67,6958,日盛台駿,twse,其他,中性觀察,51.7770370075247,18.65,0.0247252747252746,3064030.0,量破5日高、收在高檔、MACD動能擴大、流動性不足扣分,19.15,19.15,18.45,18.65,0.0268096514745308,0.0268096514745308,-0.0107238605898123,0.0,2026-07-30T12:53:11+00:00
2026-07-29,2026-07-30,2026-07-30,settled,loss,68,3008,大立光,twse,電子工業,中性觀察,51.7764695354583,3850.0,-0.0128205128205127,13123320120.0,量破5日高、RSI健康,3865.0,4030.0,3670.0,3715.0,0.0038961038961038,0.0467532467532467,-0.0467532467532467,-0.035064935064935,2026-07-30T12:53:11+00:00
2026-07-29,2026-07-30,2026-07-30,settled,loss,69,6414,樺漢,twse,電子工業,中性觀察,51.565673589830894,436.5,0.0011467889908256,2151979659.0,RSI健康,428.0,428.0,393.0,403.0,-0.0194730813287514,-0.0194730813287514,-0.0996563573883161,-0.0767468499427261,2026-07-30T12:53:11+00:00
2026-07-29,2026-07-30,2026-07-30,settled,loss,70,2254,巨鎧精密-創,twse,創新板股票,中性觀察,51.53464267659832,62.0,0.0247933884297519,868736.0,量破5日高、收在高檔、MACD動能擴大、RSI健康、流動性不足扣分,61.4,61.9,61.3,61.9,-0.0096774193548386,-0.0016129032258064,-0.0112903225806452,-0.0016129032258064,2026-07-30T12:53:11+00:00
2026-07-29,2026-07-30,2026-07-30,settled,loss,71,3034,聯詠,twse,電子工業,中性觀察,51.43783025919794,505.0,0.0253807106598984,3152800261.0,MACD動能擴大、長上影扣分,501.0,512.0,486.5,491.0,-0.0079207920792079,0.0138613861386138,-0.0366336633663366,-0.0277227722772277,2026-07-30T12:53:11+00:00
2026-07-29,2026-07-30,2026-07-30,settled,loss,72,8089,康全電訊,tpex,通信網路業,中性觀察,51.39645556690501,20.2,0.086021505376344,9387755.0,量破5日高、收在高檔、MACD動能擴大、RSI健康、流動性不足扣分,19.05,19.2,18.2,18.35,-0.0569306930693068,-0.0495049504950495,-0.0990099009900989,-0.0915841584158414,2026-07-30T12:53:11+00:00
2026-07-29,2026-07-30,2026-07-30,settled,loss,73,4907,富宇,tpex,建材營造,中性觀察,51.17270962102239,41.5,0.0,12789527.0,量破5日高、收在高檔、MACD動能擴大、RSI健康、流動性不足扣分,41.45,41.45,40.45,40.8,-0.0012048192771083,-0.0012048192771083,-0.025301204819277,-0.0168674698795181,2026-07-30T12:53:11+00:00
2026-07-29,2026-07-30,2026-07-30,settled,win,74,6919,康霈*,twse,生技醫療業,中性觀察,51.11083102460489,102.0,-0.0144927536231883,866169677.0,量破5日高、RSI健康,102.0,103.0,99.0,103.0,0.0,0.0098039215686274,-0.0294117647058823,0.0098039215686274,2026-07-30T12:53:11+00:00
2026-07-29,2026-07-30,2026-07-30,settled,loss,75,4737,華廣,twse,生技醫療業,中性觀察,50.991874155029166,58.3,0.0139130434782608,8446985.0,量破5日高、收在高檔、MACD動能擴大、RSI健康、流動性不足扣分,59.1,59.1,55.9,56.2,0.0137221269296741,0.0137221269296741,-0.0411663807890222,-0.0360205831903943,2026-07-30T12:53:11+00:00
2026-07-29,2026-07-30,2026-07-30,settled,loss,76,6581,鋼聯,twse,綠能環保,中性觀察,50.98128932925282,108.5,0.0,6964389.0,量破5日高、收在高檔、MACD動能擴大、RSI健康、流動性不足扣分,108.0,108.5,107.0,108.0,-0.0046082949308755,0.0,-0.0138248847926267,-0.0046082949308755,2026-07-30T12:53:11+00:00
2026-07-29,2026-07-30,2026-07-30,settled,win,77,5876,上海商銀,twse,金融保險,中性觀察,50.95709077897432,44.35,0.0102505694760821,763165900.0,RSI健康,44.4,45.0,43.9,44.8,0.0011273957158961,0.0146561443066515,-0.0101465614430665,0.0101465614430664,2026-07-30T12:53:11+00:00
2026-07-29,2026-07-30,2026-07-30,settled,loss,78,1235,興泰,twse,食品工業,中性觀察,50.57542572705495,37.4,0.017687074829932,2144800.0,量破5日高、收在高檔、MACD動能擴大、RSI健康、流動性不足扣分,37.45,37.45,36.75,37.0,0.001336898395722,0.001336898395722,-0.0173796791443849,-0.0106951871657753,2026-07-30T12:53:11+00:00
2026-07-29,2026-07-30,2026-07-30,settled,loss,79,1203,味王,twse,食品工業,中性觀察,50.32146960261481,49.95,0.0373831775700934,7314870.0,量破5日高、接近20日突破、收在高檔、MACD動能擴大、RSI過熱扣分、流動性不足扣分,50.8,50.8,48.95,48.95,0.0170170170170169,0.0170170170170169,-0.02002002002002,-0.02002002002002,2026-07-30T12:53:11+00:00
2026-07-29,2026-07-30,2026-07-30,settled,win,80,2834,臺企銀,twse,金融保險,中性觀察,50.25258559870579,17.95,-0.0082872928176797,1195281614.0,量破5日高,17.95,18.1,17.8,18.1,0.0,0.0083565459610028,-0.0083565459610026,0.0083565459610028,2026-07-30T12:53:11+00:00
2026-07-29,2026-07-30,2026-07-30,settled,loss,81,2227,裕日車,twse,汽車工業,中性觀察,50.197659454426685,50.8,0.0079365079365079,5981141.0,量破5日高、收在高檔、MACD動能擴大、RSI健康、流動性不足扣分,50.8,50.8,49.65,50.2,0.0,0.0,-0.0226377952755905,-0.0118110236220471,2026-07-30T12:53:11+00:00
2026-07-29,2026-07-30,2026-07-30,settled,loss,82,9914,美利達,twse,運動休閒,中性觀察,50.09174045915281,79.2,0.0259067357512954,346163834.0,量破5日高、RSI健康、長上影扣分,79.2,79.5,75.5,78.4,0.0,0.0037878787878786,-0.0467171717171717,-0.01010101010101,2026-07-30T12:53:11+00:00
2026-07-29,2026-07-30,2026-07-30,settled,loss,83,2634,漢翔,twse,航運業,中性觀察,49.96003988520842,60.7,-0.0032840722495893,2819626815.0,RSI健康,60.2,60.9,58.2,58.6,-0.0082372322899505,0.0032948929159801,-0.0411861614497528,-0.0345963756177924,2026-07-30T12:53:11+00:00
2026-07-29,2026-07-30,2026-07-30,settled,loss,84,2059,川湖,twse,電子工業,中性觀察,49.91966507058824,7145.0,-0.0409395973154362,6203902060.0,量破5日高,7035.0,7410.0,6840.0,7140.0,-0.0153953813855842,0.0370888733379985,-0.0426871938418474,-0.0006997900629811,2026-07-30T12:53:11+00:00
2026-07-29,2026-07-30,2026-07-30,settled,win,85,1468,昶和,twse,紡織纖維,中性觀察,49.85299171490183,13.45,0.0267175572519082,1001920.0,量破5日高、收在高檔、RSI健康、流動性不足扣分,13.45,13.85,13.25,13.7,0.0,0.0297397769516729,-0.0148698884758363,0.0185873605947954,2026-07-30T12:53:11+00:00
2026-07-29,2026-07-30,2026-07-30,settled,loss,86,6655,科定,twse,其他,中性觀察,49.84038247644989,120.0,0.0212765957446807,2419995.0,量破5日高、收在高檔、MACD動能擴大、RSI健康、流動性不足扣分,124.0,124.0,119.0,119.5,0.0333333333333334,0.0333333333333334,-0.0083333333333333,-0.0041666666666666,2026-07-30T12:53:11+00:00
2026-07-29,2026-07-30,2026-07-30,settled,tie,87,5533,皇鼎,twse,建材營造,中性觀察,49.82543732200925,14.3,0.0,3470312.0,量破5日高、接近20日突破、收在高檔、RSI健康、流動性不足扣分,14.3,14.3,14.1,14.3,0.0,0.0,-0.013986013986014,0.0,2026-07-30T12:53:11+00:00
2026-07-29,2026-07-30,2026-07-30,settled,win,88,2910,統領,twse,貿易百貨,中性觀察,49.79418593458188,26.0,0.0743801652892561,4380755.0,收在高檔、MACD動能擴大、RSI健康、流動性不足扣分,27.15,28.55,26.15,26.65,0.044230769230769,0.0980769230769231,0.0057692307692307,0.0249999999999999,2026-07-30T12:53:11+00:00
2026-07-29,2026-07-30,2026-07-30,settled,loss,89,9937,全國,twse,油電燃氣業,中性觀察,49.6857714643089,56.3,0.0144144144144142,6582130.0,量破5日高、MACD動能擴大、RSI健康、流動性不足扣分,56.8,56.8,55.5,55.5,0.0088809946714032,0.0088809946714032,-0.014209591474245,-0.014209591474245,2026-07-30T12:53:11+00:00
2026-07-29,2026-07-30,2026-07-30,settled,win,90,4442,竣邦-KY,tpex,紡織纖維,中性觀察,49.68262266040966,62.1,-0.0063999999999999,91915391.0,量破5日高、收在高檔、MACD動能擴大、流動性不足扣分,60.0,66.3,57.9,66.3,-0.0338164251207729,0.0676328502415457,-0.0676328502415459,0.0676328502415457,2026-07-30T12:53:11+00:00
2026-07-29,2026-07-30,2026-07-30,settled,loss,91,6166,凌華,twse,電腦及週邊設備業,中性觀察,49.62539772077068,139.0,0.0145985401459853,792621873.0,收在高檔、RSI健康,136.5,136.5,125.5,125.5,-0.0179856115107913,-0.0179856115107913,-0.0971223021582733,-0.0971223021582733,2026-07-30T12:53:11+00:00
2026-07-29,2026-07-30,2026-07-30,settled,loss,92,1519,華城,twse,電機機械,中性觀察,49.52247304505731,668.0,0.0,1485842447.0,量破5日高,643.0,674.0,636.0,663.0,-0.0374251497005988,0.0089820359281436,-0.0479041916167665,-0.0074850299401197,2026-07-30T12:53:11+00:00
2026-07-29,2026-07-30,2026-07-30,settled,loss,93,3630,新鉅科,tpex,光電業,中性觀察,49.45749631142888,27.2,0.0708661417322835,104596628.0,量破5日高、收在高檔、MACD動能擴大、RSI健康、流動性不足扣分,26.8,28.0,25.3,25.4,-0.0147058823529411,0.0294117647058824,-0.0698529411764705,-0.0661764705882352,2026-07-30T12:53:11+00:00
2026-07-29,2026-07-30,2026-07-30,settled,loss,94,3135,凌航,twse,半導體業,中性觀察,49.28064650017229,148.0,0.0171821305841923,385262491.0,量破5日高、MACD動能擴大,147.5,153.0,139.0,139.5,-0.0033783783783783,0.0337837837837837,-0.0608108108108108,-0.0574324324324324,2026-07-30T12:53:11+00:00
2026-07-29,2026-07-30,2026-07-30,settled,loss,95,3706,神達,twse,電腦及週邊設備業,中性觀察,49.26387244374194,85.3,-0.0328798185941043,1489655184.0,量破5日高,84.4,86.5,83.8,84.1,-0.010550996483001,0.0140679953106681,-0.0175849941383352,-0.0140679953106682,2026-07-30T12:53:11+00:00
2026-07-29,2026-07-30,2026-07-30,settled,win,96,8482,商億-KY,twse,居家生活,中性觀察,49.21919391512964,49.7,0.0279214064115822,1104354.0,量破5日高、MACD動能擴大、RSI健康、流動性不足扣分,51.7,52.0,51.4,51.4,0.0402414486921529,0.0462776659959758,0.0342052313883298,0.0342052313883298,2026-07-30T12:53:11+00:00
2026-07-29,2026-07-30,2026-07-30,settled,loss,97,2538,基泰,twse,建材營造,中性觀察,49.00635922525838,10.0,0.0040160642570279,11409924.0,量破5日高、MACD動能擴大、RSI健康、流動性不足扣分,9.59,9.63,9.4,9.56,-0.041,-0.0369999999999999,-0.0599999999999999,-0.0439999999999999,2026-07-30T12:53:11+00:00
2026-07-29,2026-07-30,2026-07-30,settled,win,98,6534,正瀚-創,twse,化學生技醫療,中性觀察,48.97038137416521,93.3,0.006472491909385,15446586.0,量破5日高、MACD動能擴大、RSI健康、流動性不足扣分,93.2,94.0,93.1,93.8,-0.0010718113612003,0.007502679528403,-0.0021436227224008,0.0053590568060022,2026-07-30T12:53:11+00:00
2026-07-29,2026-07-30,2026-07-30,settled,loss,99,5531,鄉林,twse,建材營造,中性觀察,48.75229470936453,7.9,0.0206718346253229,8763532.0,量破5日高、收在高檔、MACD動能擴大、RSI健康、流動性不足扣分,7.96,7.96,7.75,7.75,0.0075949367088608,0.0075949367088608,-0.0189873417721518,-0.0189873417721518,2026-07-30T12:53:11+00:00
2026-07-29,2026-07-30,2026-07-30,settled,loss,100,9904,寶成,twse,運動休閒,中性觀察,48.628669617020535,24.1,0.002079002079002,672171241.0,量破5日高,24.15,24.2,23.95,24.0,0.0020746887966804,0.0041493775933609,-0.0062240663900415,-0.004149377593361,2026-07-30T12:53:11+00:00
2026-07-30,2026-07-31,2026-07-31,settled,win,1,2886,兆豐金,twse,金融保險,偏多,85.70653555687967,51.5,0.032064128256513,2378607040.0,量破5日高、接近20日突破、收在高檔、MACD動能擴大,51.5,53.7,51.0,53.1,0.0,0.0427184466019419,-0.0097087378640776,0.0310679611650486,2026-07-31T13:04:59+00:00
2026-07-30,2026-07-31,2026-07-31,settled,loss,2,1476,儒鴻,twse,紡織纖維,偏多,82.33155335156098,352.0,0.0398818316100442,1423311749.0,量破5日高、接近20日突破、收在高檔、MACD動能擴大、RSI健康,347.5,357.5,346.0,346.0,-0.0127840909090909,0.015625,-0.0170454545454545,-0.0170454545454545,2026-07-31T13:04:59+00:00
2026-07-30,2026-07-31,2026-07-31,settled,win,3,2884,玉山金,twse,金融保險,偏多,79.20624546600209,37.7,0.0328767123287672,2571533946.0,接近20日突破、收在高檔、MACD動能擴大,37.75,39.1,37.55,38.65,0.0013262599469494,0.0371352785145888,-0.0039787798408489,0.0251989389920423,2026-07-31T13:04:59+00:00
2026-07-30,2026-07-31,2026-07-31,settled,win,4,2892,第一金,twse,金融保險,偏多,78.64960789209904,35.5,0.0201149425287356,2223491913.0,量破5日高、接近20日突破、收在高檔,35.55,36.9,35.4,36.75,0.0014084507042253,0.0394366197183098,-0.0028169014084507,0.0352112676056337,2026-07-31T13:04:59+00:00
2026-07-30,2026-07-31,2026-07-31,settled,win,5,5880,合庫金,twse,金融保險,觀察偏多,70.88180762240033,27.0,0.0344827586206895,1876699620.0,量破5日高、接近20日突破、收在高檔、MACD動能擴大、RSI過熱扣分,26.8,27.65,26.6,27.6,-0.0074074074074074,0.0240740740740739,-0.0148148148148147,0.0222222222222223,2026-07-31T13:04:59+00:00
2026-07-30,2026-07-31,2026-07-31,settled,win,6,2880,華南金,twse,金融保險,觀察偏多,70.1339409285851,42.65,0.0203349282296652,1289295043.0,接近20日突破、收在高檔、MACD動能擴大,42.2,45.15,42.2,43.7,-0.010550996483001,0.0586166471277842,-0.010550996483001,0.0246189917936694,2026-07-31T13:04:59+00:00
2026-07-30,2026-07-31,2026-07-31,settled,win,7,3293,鈊象,tpex,文化創意業,觀察偏多,68.42125084562306,749.0,0.0204359673024523,1438816667.0,收在高檔、MACD動能擴大、RSI健康,758.0,793.0,754.0,776.0,0.0120160213618156,0.0587449933244326,0.006675567423231,0.0360480640854472,2026-07-31T13:04:59+00:00
2026-07-30,2026-07-31,2026-07-31,settled,win,8,2207,和泰車,twse,汽車工業,觀察偏多,62.850315233916405,551.0,0.0616570327552985,933447723.0,量破5日高、接近20日突破、收在高檔、MACD動能擴大、RSI過熱扣分,547.0,573.0,540.0,558.0,-0.0072595281306715,0.0399274047186932,-0.0199637023593466,0.012704174228675,2026-07-31T13:04:59+00:00
2026-07-30,2026-07-31,2026-07-31,settled,loss,9,8464,億豐,twse,居家生活,觀察偏多,62.516634808704936,382.5,0.010568031704095,296887686.0,接近20日突破、MACD動能擴大,377.5,391.5,376.5,381.0,-0.0130718954248365,0.0235294117647058,-0.0156862745098039,-0.0039215686274509,2026-07-31T13:04:59+00:00
2026-07-30,2026-07-31,2026-07-31,settled,win,10,2006,東和鋼鐵,twse,鋼鐵工業,觀察偏多,61.53729449045856,73.4,0.0138121546961325,237776231.0,量破5日高、接近20日突破、收在高檔、MACD動能擴大、RSI健康、流動性不足扣分,73.4,74.8,72.9,74.6,0.0,0.0190735694822887,-0.0068119891008174,0.0163487738419616,2026-07-31T13:04:59+00:00
2026-07-30,2026-07-31,2026-07-31,settled,loss,11,1477,聚陽,twse,紡織纖維,觀察偏多,61.00685281885022,221.0,0.0207852193995381,431950395.0,量破5日高、收在高檔、RSI健康,222.5,224.5,218.0,219.5,0.006787330316742,0.0158371040723981,-0.0135746606334841,-0.006787330316742,2026-07-31T13:04:59+00:00
2026-07-30,2026-07-31,2026-07-31,settled,loss,12,8462,柏文,twse,運動休閒,觀察偏多,59.9413538902042,172.0,0.048780487804878,97544847.0,量破5日高、接近20日突破、收在高檔、MACD動能擴大、RSI健康、流動性不足扣分,172.0,174.5,166.5,168.5,0.0,0.0145348837209302,-0.0319767441860464,-0.0203488372093023,2026-07-31T13:04:59+00:00
2026-07-30,2026-07-31,2026-07-31,settled,win,13,2801,彰銀,twse,金融保險,觀察偏多,59.77766181402522,24.8,0.0143149284253578,974774310.0,接近20日突破、收在高檔、RSI健康,24.9,25.7,24.85,25.2,0.004032258064516,0.036290322580645,0.002016129032258,0.0161290322580645,2026-07-31T13:04:59+00:00
2026-07-30,2026-07-31,2026-07-31,settled,win,14,2882,國泰金,twse,金融保險,觀察偏多,59.18946015424165,95.2,0.0116896918172157,2631875944.0,收在高檔、RSI健康,97.0,102.5,96.8,101.5,0.01890756302521,0.0766806722689075,0.0168067226890755,0.0661764705882352,2026-07-31T13:04:59+00:00
2026-07-30,2026-07-31,2026-07-31,settled,win,15,1808,潤隆,twse,建材營造,觀察偏多,58.43651909856398,32.45,0.0334394904458599,77871503.0,量破5日高、接近20日突破、收在高檔、MACD動能擴大、流動性不足扣分,32.8,33.85,32.6,33.0,0.0107858243451461,0.0431432973805854,0.0046224961479197,0.0169491525423728,2026-07-31T13:04:59+00:00
2026-07-30,2026-07-31,2026-07-31,settled,win,16,7769,鴻勁,twse,半導體業,中性觀察,57.36964867180805,5620.0,0.0859903381642512,8988859930.0,量破5日高、收在高檔,6180.0,6180.0,6180.0,6180.0,0.0996441281138789,0.0996441281138789,0.0996441281138789,0.0996441281138789,2026-07-31T13:04:59+00:00
2026-07-30,2026-07-31,2026-07-31,settled,win,17,2546,根基,twse,建材營造,中性觀察,53.3377138858486,98.5,0.0051020408163264,32572937.0,量破5日高、接近20日突破、MACD動能擴大、流動性不足扣分,98.5,102.5,98.5,101.5,0.0,0.0406091370558374,0.0,0.0304568527918782,2026-07-31T13:04:59+00:00
2026-07-30,2026-07-31,2026-07-31,settled,win,18,2867,三商壽,twse,金融保險,中性觀察,52.97493573264782,9.58,0.0224119530416222,385928899.0,量破5日高、MACD動能擴大、流動性不足扣分,9.68,10.05,9.65,9.9,0.010438413361169,0.0490605427974948,0.0073068893528183,0.033402922755741,2026-07-31T13:04:59+00:00
2026-07-30,2026-07-31,2026-07-31,settled,win,19,1525,江申,twse,汽車工業,中性觀察,52.61799528712531,68.0,0.0014727540500736,4097572.0,量破5日高、收在高檔、MACD動能擴大、RSI健康、流動性不足扣分,67.4,68.5,67.4,68.4,-0.0088235294117646,0.0073529411764705,-0.0088235294117646,0.0058823529411764,2026-07-31T13:04:59+00:00
2026-07-30,2026-07-31,2026-07-31,settled,loss,20,2542,興富發,twse,建材營造,中性觀察,52.5229031881008,44.35,0.0254335260115607,449739330.0,收在高檔、RSI健康,44.2,44.8,44.0,44.0,-0.0033821871476887,0.0101465614430664,-0.0078917700112739,-0.0078917700112739,2026-07-31T13:04:59+00:00
2026-07-30,2026-07-31,2026-07-31,settled,win,21,5347,世界,tpex,半導體業,中性觀察,52.49507618941172,138.0,0.037593984962406,5792032563.0,量破5日高,151.5,151.5,145.5,151.5,0.0978260869565217,0.0978260869565217,0.0543478260869565,0.0978260869565217,2026-07-31T13:04:59+00:00
2026-07-30,2026-07-31,2026-07-31,settled,win,22,5876,上海商銀,twse,金融保險,中性觀察,52.10543835744569,44.8,0.0101465614430664,686188536.0,收在高檔、RSI健康,44.8,45.7,44.8,45.45,0.0,0.0200892857142858,0.0,0.0145089285714286,2026-07-31T13:04:59+00:00
2026-07-30,2026-07-31,2026-07-31,settled,win,23,1742,台蠟,tpex,化學工業,中性觀察,51.94224792916312,16.55,0.0311526479750778,1413650.0,量破5日高、收在高檔、MACD動能擴大、流動性不足扣分,16.65,18.15,15.85,17.9,0.0060422960725075,0.0966767371601207,-0.0422960725075529,0.0815709969788518,2026-07-31T13:04:59+00:00
2026-07-30,2026-07-31,2026-07-31,settled,win,24,2834,臺企銀,twse,金融保險,中性觀察,51.3466389211945,18.1,0.0083565459610028,952673598.0,收在高檔、RSI健康,18.15,18.4,18.1,18.2,0.0027624309392264,0.0165745856353589,0.0,0.0055248618784529,2026-07-31T13:04:59+00:00
2026-07-30,2026-07-31,2026-07-31,settled,win,25,2603,長榮,twse,航運業,中性觀察,50.771703699275264,201.0,-0.0024813895781637,1395015033.0,RSI健康,201.0,205.0,201.0,204.0,0.0,0.0199004975124377,0.0,0.0149253731343284,2026-07-31T13:04:59+00:00
2026-07-30,2026-07-31,2026-07-31,settled,loss,26,1463,強盛新,twse,紡織纖維,中性觀察,50.485594862016384,17.9,0.0084507042253521,5884450.0,量破5日高、收在高檔、MACD動能擴大、RSI健康、流動性不足扣分,17.85,17.9,17.75,17.85,-0.0027932960893852,0.0,-0.0083798882681563,-0.0027932960893852,2026-07-31T13:04:59+00:00
2026-07-30,2026-07-31,2026-07-31,settled,win,27,2383,台光電,twse,電子工業,中性觀察,50.34928759270751,4315.0,0.0524390243902439,23409386575.0,量破5日高,4745.0,4745.0,4745.0,4745.0,0.0996523754345306,0.0996523754345306,0.0996523754345306,0.0996523754345306,2026-07-31T13:04:59+00:00
2026-07-30,2026-07-31,2026-07-31,settled,loss,28,2027,大成鋼,twse,鋼鐵工業,中性觀察,50.299793564461496,43.7,0.0104046242774566,1050841367.0,RSI健康,43.8,44.15,42.9,43.2,0.0022883295194506,0.0102974828375284,-0.0183066361556064,-0.0114416475972539,2026-07-31T13:04:59+00:00
2026-07-30,2026-07-31,2026-07-31,settled,win,29,2395,研華,twse,電子工業,中性觀察,50.02438731790917,547.0,-0.0054545454545454,2332360568.0,RSI健康,599.0,599.0,549.0,563.0,0.0950639853747714,0.0950639853747714,0.0036563071297988,0.0292504570383911,2026-07-31T13:04:59+00:00
2026-07-30,2026-07-31,2026-07-31,settled,loss,30,1702,南僑,twse,食品工業,中性觀察,49.17437495806946,34.2,0.0058823529411764,18161470.0,接近20日突破、收在高檔、MACD動能擴大、流動性不足扣分,34.2,34.5,33.7,33.75,0.0,0.0087719298245612,-0.0146198830409356,-0.0131578947368421,2026-07-31T13:04:59+00:00
2026-07-30,2026-07-31,2026-07-31,settled,win,31,3037,欣興,twse,電子工業,中性觀察,49.06804918428299,716.0,0.0406976744186047,37220306886.0,量破5日高、收低於VWAP扣分,787.0,787.0,787.0,787.0,0.0991620111731843,0.0991620111731843,0.0991620111731843,0.0991620111731843,2026-07-31T13:04:59+00:00
2026-07-30,2026-07-31,2026-07-31,settled,win,32,3520,華盈,tpex,電子零組件業,中性觀察,48.67941627052032,17.9,0.0981595092024538,16296654.0,量破5日高、收在高檔、MACD動能擴大、RSI健康、近漲停過熱扣分、流動性不足扣分,17.9,19.0,17.75,18.45,0.0,0.0614525139664805,-0.0083798882681563,0.0307262569832402,2026-07-31T13:04:59+00:00
2026-07-30,2026-07-31,2026-07-31,settled,win,33,2881,富邦金,twse,金融保險,中性觀察,48.54832904884319,124.0,0.0081300813008129,2827336398.0,RSI健康,128.0,131.0,127.0,130.0,0.032258064516129,0.0564516129032257,0.0241935483870967,0.0483870967741935,2026-07-31T13:04:59+00:00
2026-07-30,2026-07-31,2026-07-31,settled,loss,34,1216,統一,twse,食品工業,中性觀察,47.96491808129739,75.6,-0.0332480818414323,2801299842.0,量破5日高,76.6,76.6,73.6,73.8,0.0132275132275132,0.0132275132275132,-0.0264550264550265,-0.0238095238095237,2026-07-31T13:04:59+00:00
2026-07-30,2026-07-31,2026-07-31,settled,win,35,3443,創意,twse,半導體業,中性觀察,47.95632727727872,3460.0,0.0500758725341425,10711506305.0,量破5日高、收低於VWAP扣分,3805.0,3805.0,3805.0,3805.0,0.0997109826589595,0.0997109826589595,0.0997109826589595,0.0997109826589595,2026-07-31T13:04:59+00:00
2026-07-30,2026-07-31,2026-07-31,settled,win,36,8271,宇瞻,twse,半導體業,中性觀察,47.93013266947524,204.0,-0.0831460674157303,4012621586.0,量破5日高、RSI健康、收低於VWAP扣分,223.0,224.0,214.0,223.0,0.0931372549019606,0.0980392156862746,0.0490196078431373,0.0931372549019606,2026-07-31T13:04:59+00:00
2026-07-30,2026-07-31,2026-07-31,settled,win,37,2610,華航,twse,航運業,中性觀察,47.92803090819594,21.7,0.0,783617240.0,RSI健康,22.0,22.65,21.95,22.4,0.0138248847926267,0.0437788018433178,0.0115207373271888,0.032258064516129,2026-07-31T13:04:59+00:00
2026-07-30,2026-07-31,2026-07-31,settled,win,38,2618,長榮航,twse,航運業,中性觀察,47.86851756640958,41.75,0.0072376357056693,2188520954.0,收在高檔、RSI健康,42.5,43.85,42.3,43.3,0.0179640718562874,0.0502994011976047,0.0131736526946106,0.0371257485029938,2026-07-31T13:04:59+00:00
2026-07-30,2026-07-31,2026-07-31,settled,win,39,9945,潤泰新,twse,其他,中性觀察,46.98535960375811,26.7,0.0249520153550864,246575521.0,收在高檔、RSI健康,27.0,27.5,26.95,27.05,0.0112359550561798,0.0299625468164794,0.0093632958801497,0.0131086142322098,2026-07-31T13:04:59+00:00
2026-07-30,2026-07-31,2026-07-31,settled,loss,40,2530,華建,twse,建材營造,中性觀察,46.92870035295982,21.1,0.0217917675544796,25543877.0,接近20日突破、收在高檔、MACD動能擴大、RSI健康、流動性不足扣分,21.3,21.5,19.9,19.9,0.0094786729857818,0.0189573459715639,-0.056872037914692,-0.056872037914692,2026-07-31T13:04:59+00:00
2026-07-30,2026-07-31,2026-07-31,settled,win,41,3005,神基,twse,電子工業,中性觀察,46.851534610576905,110.0,0.0280373831775699,452014689.0,收在高檔、RSI健康,114.0,117.5,114.0,114.0,0.0363636363636363,0.0681818181818181,0.0363636363636363,0.0363636363636363,2026-07-31T13:04:59+00:00
2026-07-30,2026-07-31,2026-07-31,settled,win,42,6538,倉和,tpex,電子零組件業,中性觀察,46.218450159100506,128.5,0.0532786885245901,339320936.0,量破5日高、RSI健康、收低於VWAP扣分,134.0,140.5,128.0,138.0,0.0428015564202335,0.0933852140077819,-0.0038910505836575,0.0739299610894941,2026-07-31T13:04:59+00:00
2026-07-30,2026-07-31,2026-07-31,settled,win,43,2301,光寶科,twse,電子工業,中性觀察,45.50286113741938,190.0,0.0270270270270269,5936987755.0,量破5日高、長上影扣分,209.0,209.0,209.0,209.0,0.1,0.1,0.1,0.1,2026-07-31T13:04:59+00:00
2026-07-30,2026-07-31,2026-07-31,settled,win,44,2303,聯電,twse,電子工業,中性觀察,45.43929734361611,110.0,0.0731707317073171,41844845209.0,量破5日高、收低於VWAP扣分,121.0,121.0,121.0,121.0,0.1,0.1,0.1,0.1,2026-07-31T13:04:59+00:00
2026-07-30,2026-07-31,2026-07-31,settled,win,45,6914,阜爾運通,twse,其他,中性觀察,45.3782056005744,147.0,0.0068493150684931,29268336.0,量破5日高、接近20日突破、MACD動能擴大、RSI健康、長上影扣分、流動性不足扣分,148.0,149.5,147.0,147.5,0.0068027210884353,0.0170068027210883,0.0,0.0034013605442175,2026-07-31T13:04:59+00:00
2026-07-30,2026-07-31,2026-07-31,settled,win,46,2357,華碩,twse,電腦及週邊設備業,中性觀察,45.19823399775411,737.0,-0.0315374507227332,3717044769.0,RSI健康,773.0,810.0,767.0,810.0,0.0488466757123473,0.0990502035278155,0.0407055630936228,0.0990502035278155,2026-07-31T13:04:59+00:00
2026-07-30,2026-07-31,2026-07-31,settled,win,47,2887,台新新光金,twse,金融保險,中性觀察,45.18763160391992,33.15,0.0168711656441717,1978172501.0,收在高檔,33.95,36.0,33.75,35.95,0.024132730015083,0.0859728506787331,0.0180995475113121,0.0844645550527904,2026-07-31T13:04:59+00:00
2026-07-30,2026-07-31,2026-07-31,settled,win,48,2890,永豐金,twse,金融保險,低優先,44.98969385370414,38.85,0.0064766839378238,1546185180.0,,39.1,41.05,39.0,40.6,0.0064350064350064,0.0566280566280565,0.0038610038610038,0.045045045045045,2026-07-31T13:04:59+00:00
2026-07-30,2026-07-31,2026-07-31,settled,win,49,2615,萬海,twse,航運業,低優先,44.75872371656523,84.4,-0.0070588235294116,531403190.0,RSI健康,85.5,87.0,84.5,84.7,0.0130331753554502,0.0308056872037914,0.0011848341232227,0.0035545023696681,2026-07-31T13:04:59+00:00
2026-07-30,2026-07-31,2026-07-31,settled,win,50,3711,日月光投控,twse,電子工業,低優先,44.43735504141674,505.0,0.0120240480961923,15629910580.0,量破5日高,555.0,555.0,555.0,555.0,0.0990099009900991,0.0990099009900991,0.0990099009900991,0.0990099009900991,2026-07-31T13:04:59+00:00
2026-07-30,2026-07-31,2026-07-31,settled,win,51,2360,致茂,twse,電子工業,低優先,44.29441302485005,1910.0,0.0408719346049046,10019165375.0,量破5日高、RSI健康、長上影扣分、收低於VWAP扣分,2100.0,2100.0,1980.0,2100.0,0.0994764397905758,0.0994764397905758,0.0366492146596859,0.0994764397905758,2026-07-31T13:04:59+00:00
2026-07-30,2026-07-31,2026-07-31,settled,win,52,2385,群光,twse,電子零組件業,低優先,44.1964531828607,104.5,0.0295566502463053,444161838.0,收在高檔、MACD動能擴大,105.5,108.0,104.5,106.0,0.0095693779904306,0.0334928229665072,0.0,0.0143540669856458,2026-07-31T13:04:59+00:00
2026-07-30,2026-07-31,2026-07-31,settled,win,53,3529,力旺,tpex,半導體業,低優先,43.98815766923736,2290.0,0.0983213429256595,2248705790.0,收在高檔、近漲停過熱扣分,2515.0,2515.0,2355.0,2475.0,0.0982532751091702,0.0982532751091702,0.0283842794759825,0.0807860262008732,2026-07-31T13:04:59+00:00
2026-07-30,2026-07-31,2026-07-31,settled,loss,54,3045,台灣大,twse,電子工業,低優先,43.91011996572408,114.0,0.0044052863436123,1365402790.0,收在高檔、MACD動能擴大、RSI過熱扣分,113.5,114.5,112.5,112.5,-0.0043859649122807,0.0043859649122806,-0.0131578947368421,-0.0131578947368421,2026-07-31T13:04:59+00:00
2026-07-30,2026-07-31,2026-07-31,settled,win,55,2891,中信金,twse,金融保險,低優先,43.8943912129002,63.1,0.017741935483871,2738582821.0,收在高檔,64.5,65.5,63.6,64.9,0.0221870047543581,0.0380348652931854,0.0079239302694136,0.0285261489698891,2026-07-31T13:04:59+00:00
2026-07-30,2026-07-31,2026-07-31,settled,loss,56,2812,台中銀,twse,金融保險,低優先,43.85442264664035,20.65,0.0,439160562.0,收在高檔、RSI健康,20.75,20.85,20.5,20.5,0.0048426150121065,0.0096852300242131,-0.0072639225181597,-0.0072639225181597,2026-07-31T13:04:59+00:00
2026-07-30,2026-07-31,2026-07-31,settled,win,57,2908,特力,twse,貿易百貨,低優先,43.50331169551679,22.0,-0.0067720090293452,6641079.0,量破5日高、MACD動能擴大、RSI健康、流動性不足扣分,22.0,22.1,21.7,22.1,0.0,0.0045454545454546,-0.0136363636363636,0.0045454545454546,2026-07-31T13:04:59+00:00
2026-07-30,2026-07-31,2026-07-31,settled,loss,58,9914,美利達,twse,運動休閒,低優先,43.29064539815289,78.4,-0.01010101010101,316009688.0,RSI健康,78.0,78.9,76.5,76.8,-0.0051020408163265,0.0063775510204082,-0.024234693877551,-0.0204081632653062,2026-07-31T13:04:59+00:00
2026-07-30,2026-07-31,2026-07-31,settled,loss,59,2912,統一超,twse,貿易百貨,低優先,43.17043513225275,230.0,-0.0456431535269709,1604396882.0,量破5日高,226.5,230.5,223.0,224.0,-0.0152173913043478,0.0021739130434783,-0.0304347826086957,-0.026086956521739,2026-07-31T13:04:59+00:00
2026-07-30,2026-07-31,2026-07-31,settled,loss,60,2412,中華電,twse,電子工業,低優先,43.1513796058269,140.5,0.0,2592766158.0,收在高檔,140.5,140.5,138.5,139.5,0.0,0.0,-0.0142348754448398,-0.0071174377224199,2026-07-31T13:04:59+00:00
2026-07-30,2026-07-31,2026-07-31,settled,win,61,6202,盛群,twse,電子工業,低優先,43.03627799304543,48.6,0.0788013318534961,377469164.0,量破5日高、收在高檔,53.4,53.4,53.4,53.4,0.0987654320987654,0.0987654320987654,0.0987654320987654,0.0987654320987654,2026-07-31T13:04:59+00:00
2026-07-30,2026-07-31,2026-07-31,settled,win,62,1303,南亞,twse,塑膠工業,低優先,42.9756383890317,145.0,0.0247349823321554,20776545603.0,量破5日高、長上影扣分、收低於VWAP扣分,159.5,159.5,159.5,159.5,0.1,0.1,0.1,0.1,2026-07-31T13:04:59+00:00
2026-07-30,2026-07-31,2026-07-31,settled,win,63,2905,三商,twse,貿易百貨,低優先,42.85173763681905,16.6,0.0091185410334346,23907205.0,接近20日突破、收在高檔、MACD動能擴大、流動性不足扣分,16.6,17.15,16.6,17.1,0.0,0.0331325301204816,0.0,0.0301204819277107,2026-07-31T13:04:59+00:00
2026-07-30,2026-07-31,2026-07-31,settled,loss,64,2889,國票金,twse,金融保險,低優先,42.37712426719357,15.65,0.0162337662337661,138543018.0,量破5日高、收在高檔、流動性不足扣分,15.6,15.8,15.6,15.6,-0.0031948881789137,0.0095846645367412,-0.0031948881789137,-0.0031948881789137,2026-07-31T13:04:59+00:00
2026-07-30,2026-07-31,2026-07-31,settled,tie,65,6919,康霈*,twse,生技醫療業,低優先,42.35756836936729,103.0,0.0098039215686274,523724035.0,收在高檔,104.5,105.0,102.0,103.0,0.0145631067961164,0.0194174757281553,-0.0097087378640776,0.0,2026-07-31T13:04:59+00:00
2026-07-30,2026-07-31,2026-07-31,settled,win,66,2885,元大金,twse,金融保險,低優先,42.00168523279064,63.1,0.0144694533762057,2082916394.0,收在高檔,64.4,69.0,64.3,68.1,0.0206022187004755,0.0935023771790808,0.0190174326465926,0.0792393026941362,2026-07-31T13:04:59+00:00
2026-07-30,2026-07-31,2026-07-31,settled,loss,67,2903,遠百,twse,貿易百貨,低優先,41.71796505132251,22.55,0.0089485458612974,61992700.0,接近20日突破、收在高檔、MACD動能擴大、RSI健康、流動性不足扣分,22.5,22.7,22.15,22.15,-0.0022172949002217,0.0066518847006651,-0.0177383592017739,-0.0177383592017739,2026-07-31T13:04:59+00:00
2026-07-30,2026-07-31,2026-07-31,settled,loss,68,4904,遠傳,twse,電子工業,低優先,41.32450691826144,105.5,-0.0093896713615023,1578482996.0,,105.5,106.0,104.0,105.0,0.0,0.0047393364928909,-0.014218009478673,-0.004739336492891,2026-07-31T13:04:59+00:00
2026-07-30,2026-07-31,2026-07-31,settled,win,69,2883,凱基金,twse,金融保險,低優先,41.21548260906837,28.95,-0.006861063464837,1266850511.0,,29.6,31.0,29.6,30.85,0.0224525043177894,0.0708117443868738,0.0224525043177894,0.065630397236615,2026-07-31T13:04:59+00:00
2026-07-30,2026-07-31,2026-07-31,settled,win,70,1438,三地開發,twse,建材營造,低優先,40.79362271216182,23.2,0.0426966292134831,6784218.0,量破5日高、接近20日突破、MACD動能擴大、RSI健康、長上影扣分、收低於VWAP扣分、流動性不足扣分,23.85,23.9,23.0,23.3,0.0280172413793104,0.0301724137931034,-0.0086206896551723,0.0043103448275862,2026-07-31T13:04:59+00:00
2026-07-30,2026-07-31,2026-07-31,settled,loss,71,9940,信義,twse,其他,低優先,40.77718442928391,20.85,0.0024038461538462,12885570.0,接近20日突破、MACD動能擴大、RSI健康、流動性不足扣分,20.9,21.0,20.45,20.45,0.0023980815347719,0.0071942446043165,-0.0191846522781775,-0.0191846522781775,2026-07-31T13:04:59+00:00
2026-07-30,2026-07-31,2026-07-31,settled,win,72,6534,正瀚-創,twse,化學生技醫療,低優先,40.44843375385257,93.8,0.0053590568060022,12921020.0,MACD動能擴大、RSI健康、流動性不足扣分,94.2,95.0,93.2,94.5,0.0042643923240939,0.0127931769722815,-0.0063965884861406,0.0074626865671643,2026-07-31T13:04:59+00:00
2026-07-30,2026-07-31,2026-07-31,settled,win,73,4442,竣邦-KY,tpex,紡織纖維,低優先,40.32301056840903,66.3,0.0676328502415457,84905469.0,接近20日突破、收在高檔、MACD動能擴大、RSI過熱扣分、流動性不足扣分,72.9,72.9,59.7,72.6,0.0995475113122172,0.0995475113122172,-0.099547511312217,0.095022624434389,2026-07-31T13:04:59+00:00
2026-07-30,2026-07-31,2026-07-31,settled,loss,74,1104,環泥,twse,水泥工業,低優先,39.87859050802798,27.2,0.0130353817504653,31336177.0,收在高檔、MACD動能擴大、RSI健康、流動性不足扣分,27.2,27.55,26.8,26.8,0.0,0.0128676470588235,-0.0147058823529411,-0.0147058823529411,2026-07-31T13:04:59+00:00
2026-07-30,2026-07-31,2026-07-31,settled,win,75,6212,理銘,tpex,建材營造,低優先,39.71449448405577,28.6,0.0123893805309736,227600.0,量破5日高、收在高檔、RSI健康、流動性不足扣分,29.2,29.2,29.2,29.2,0.0209790209790208,0.0209790209790208,0.0209790209790208,0.0209790209790208,2026-07-31T13:04:59+00:00
2026-07-30,2026-07-31,2026-07-31,settled,loss,76,2015,豐興,twse,鋼鐵工業,低優先,39.70035235198953,66.5,0.0137195121951221,45346324.0,收在高檔、MACD動能擴大、流動性不足扣分,65.5,67.6,65.2,65.2,-0.0150375939849624,0.0165413533834586,-0.019548872180451,-0.019548872180451,2026-07-31T13:04:59+00:00
2026-07-30,2026-07-31,2026-07-31,settled,win,77,1468,昶和,twse,紡織纖維,低優先,39.55475864038845,13.7,0.0185873605947954,759550.0,MACD動能擴大、RSI健康、流動性不足扣分,13.65,14.05,13.65,14.05,-0.0036496350364962,0.0255474452554744,-0.0036496350364962,0.0255474452554744,2026-07-31T13:04:59+00:00
2026-07-30,2026-07-31,2026-07-31,settled,win,78,6561,是方,tpex,通信網路業,低優先,39.00704588604936,327.5,0.0108024691358024,24388339.0,收在高檔、MACD動能擴大、RSI健康、流動性不足扣分,331.0,338.0,330.5,330.5,0.0106870229007633,0.0320610687022899,0.0091603053435114,0.0091603053435114,2026-07-31T13:04:59+00:00
2026-07-30,2026-07-31,2026-07-31,settled,win,79,3702,大聯大,twse,電子工業,低優先,38.90705759378785,105.5,-0.0047169811320755,1168204954.0,RSI健康,110.5,113.5,109.5,112.5,0.04739336492891,0.0758293838862558,0.0379146919431279,0.0663507109004739,2026-07-31T13:04:59+00:00
2026-07-30,2026-07-31,2026-07-31,settled,win,80,2115,六暉-KY,twse,汽車工業,低優先,38.81085901642962,21.7,0.0069605568445474,3398782.0,量破5日高、RSI健康、流動性不足扣分,21.7,22.15,21.45,21.75,0.0,0.0207373271889401,-0.0115207373271889,0.0023041474654377,2026-07-31T13:04:59+00:00
2026-07-30,2026-07-31,2026-07-31,settled,tie,81,4153,鈺緯,tpex,生技醫療業,低優先,38.676463317005535,31.7,0.0225806451612902,157186.0,收在高檔、MACD動能擴大、RSI健康、流動性不足扣分,31.7,32.0,31.7,31.7,0.0,0.0094637223974762,0.0,0.0,2026-07-31T13:04:59+00:00
2026-07-30,2026-07-31,2026-07-31,settled,loss,82,1604,聲寶,twse,電器電纜,低優先,38.53952860535852,23.5,0.0021321961620468,22426306.0,量破5日高、收在高檔、RSI健康、流動性不足扣分,23.5,23.6,23.35,23.35,0.0,0.0042553191489362,-0.0063829787234042,-0.0063829787234042,2026-07-31T13:04:59+00:00
2026-07-30,2026-07-31,2026-07-31,settled,win,83,2377,微星,twse,電腦及週邊設備業,低優先,38.40251891049319,136.0,-0.0109090909090908,1380454134.0,,143.5,148.0,139.5,142.0,0.0551470588235294,0.0882352941176469,0.0257352941176469,0.0441176470588235,2026-07-31T13:04:59+00:00
2026-07-30,2026-07-31,2026-07-31,settled,win,84,5289,宜鼎,tpex,電腦及週邊設備業,低優先,37.99052229975109,1180.0,0.0172413793103447,4590107835.0,量破5日高、長上影扣分、收低於VWAP扣分,1295.0,1295.0,1295.0,1295.0,0.097457627118644,0.097457627118644,0.097457627118644,0.097457627118644,2026-07-31T13:04:59+00:00
2026-07-30,2026-07-31,2026-07-31,settled,win,85,1907,永豐餘,twse,造紙工業,低優先,37.88909205947063,29.0,0.0193321616871704,70792779.0,收在高檔、RSI健康、流動性不足扣分,28.8,29.65,28.8,29.05,-0.0068965517241379,0.0224137931034482,-0.0068965517241379,0.0017241379310344,2026-07-31T13:04:59+00:00
2026-07-30,2026-07-31,2026-07-31,settled,win,86,2609,陽明,twse,航運業,低優先,37.809648671808056,50.0,-0.0019960079840319,675527323.0,,50.5,51.7,50.3,50.8,0.01,0.034,0.006,0.016,2026-07-31T13:04:59+00:00
2026-07-30,2026-07-31,2026-07-31,settled,win,87,2451,創見,twse,電子工業,低優先,37.60137960582691,269.5,0.0,4731688434.0,MACD動能擴大、RSI健康、長上影扣分、收低於VWAP扣分,289.5,295.0,280.0,293.0,0.0742115027829313,0.0946196660482374,0.0389610389610388,0.0871985157699444,2026-07-31T13:04:59+00:00
2026-07-30,2026-07-31,2026-07-31,settled,win,88,2606,裕民,twse,航運業,低優先,37.18783285614964,60.7,-0.0097879282218595,286217507.0,量破5日高,61.7,62.8,61.6,62.6,0.016474464579901,0.0345963756177922,0.014827018121911,0.0313014827018121,2026-07-31T13:04:59+00:00
2026-07-30,2026-07-31,2026-07-31,settled,loss,89,2633,台灣高鐵,twse,航運業,低優先,36.92505447423183,26.3,0.0095969289827255,247377413.0,量破5日高、收在高檔、流動性不足扣分,26.35,26.6,26.05,26.05,0.0019011406844107,0.0114068441064638,-0.0095057034220532,-0.0095057034220532,2026-07-31T13:04:59+00:00
2026-07-30,2026-07-31,2026-07-31,settled,win,90,3231,緯創,twse,電腦及週邊設備業,低優先,36.91117903185015,160.0,-0.056047197640118,13441184391.0,RSI健康、收低於VWAP扣分,176.0,176.0,165.5,176.0,0.1,0.1,0.034375,0.1,2026-07-31T13:04:59+00:00
2026-07-30,2026-07-31,2026-07-31,settled,win,91,7751,竑騰,tpex,半導體業,低優先,36.90916873855911,1120.0,0.0467289719626167,410070965.0,,1200.0,1230.0,1195.0,1230.0,0.0714285714285714,0.0982142857142858,0.0669642857142858,0.0982142857142858,2026-07-31T13:04:59+00:00
2026-07-30,2026-07-31,2026-07-31,settled,win,92,1470,大統新創,twse,紡織纖維,低優先,36.770313969931735,22.95,0.0,411000.0,量比>1.8、收在高檔、流動性不足扣分,23.0,23.85,23.0,23.6,0.0021786492374729,0.0392156862745098,0.0021786492374729,0.028322440087146,2026-07-31T13:04:59+00:00
2026-07-30,2026-07-31,2026-07-31,settled,loss,93,1234,黑松,twse,食品工業,低優先,36.51419568434988,34.15,0.001466275659824,4787412.0,接近20日突破、MACD動能擴大、RSI健康、流動性不足扣分,34.2,34.3,33.4,33.75,0.0014641288433383,0.0043923865300146,-0.0219619326500731,-0.0117130307467057,2026-07-31T13:04:59+00:00
2026-07-30,2026-07-31,2026-07-31,settled,loss,94,2539,櫻花建,twse,建材營造,低優先,36.4377486194454,42.95,0.0070339976553341,60844753.0,收在高檔、MACD動能擴大、流動性不足扣分,42.95,43.3,42.25,42.65,0.0,0.0081490104772989,-0.0162980209545984,-0.0069848661233994,2026-07-31T13:04:59+00:00
2026-07-30,2026-07-31,2026-07-31,settled,win,95,2308,台達電,twse,電子零組件業,低優先,36.30157383604684,1530.0,0.0234113712374581,34792498435.0,量破5日高、長上影扣分、收低於VWAP扣分,1680.0,1680.0,1590.0,1640.0,0.0980392156862746,0.0980392156862746,0.0392156862745098,0.0718954248366012,2026-07-31T13:04:59+00:00
2026-07-30,2026-07-31,2026-07-31,settled,win,96,2376,技嘉,twse,電腦及週邊設備業,低優先,35.87876478944809,318.5,-0.0093312597200622,1699385872.0,,331.0,339.5,328.0,336.5,0.0392464678178963,0.0659340659340659,0.0298273155416013,0.0565149136577707,2026-07-31T13:04:59+00:00
2026-07-30,2026-07-31,2026-07-31,settled,win,97,4120,友華,tpex,生技醫療業,低優先,35.7106575838098,47.0,0.0021321961620468,2926778.0,收在高檔、MACD動能擴大、RSI健康、流動性不足扣分,47.0,47.35,46.9,47.35,0.0,0.0074468085106382,-0.0021276595744681,0.0074468085106382,2026-07-31T13:04:59+00:00
2026-07-30,2026-07-31,2026-07-31,settled,loss,98,2910,統領,twse,貿易百貨,低優先,35.335755498429016,26.65,0.0249999999999999,7555622.0,量破5日高、MACD動能擴大、RSI健康、長上影扣分、收低於VWAP扣分、流動性不足扣分,26.25,27.0,24.8,25.7,-0.0150093808630393,0.0131332082551596,-0.0694183864915571,-0.0356472795497185,2026-07-31T13:04:59+00:00
2026-07-30,2026-07-31,2026-07-31,settled,win,99,2753,八方雲集,twse,觀光餐旅,低優先,35.31415699410558,179.0,0.0170454545454545,80181929.0,量破5日高、MACD動能擴大、RSI健康、長上影扣分、流動性不足扣分,181.5,182.5,180.0,181.5,0.0139664804469272,0.0195530726256982,0.0055865921787709,0.0139664804469272,2026-07-31T13:04:59+00:00
2026-07-30,2026-07-31,2026-07-31,settled,loss,100,2254,巨鎧精密-創,twse,創新板股票,低優先,35.22839765704935,61.9,-0.0016129032258064,307360.0,收在高檔、MACD動能擴大、RSI健康、流動性不足扣分,61.1,61.4,61.0,61.4,-0.0129240710823909,-0.0080775444264943,-0.0145395799676898,-0.0080775444264943,2026-07-31T13:04:59+00:00
2026-07-31,2026-08-03,2026-08-03,settled,loss,1,2882,國泰金,twse,金融保險,偏多,83.42598847109275,101.5,0.0661764705882352,4144310317.0,量破5日高、接近20日突破、收在高檔、MACD動能擴大、RSI健康,100.5,102.0,97.7,100.5,-0.0098522167487684,0.0049261083743843,-0.0374384236453201,-0.0098522167487684,2026-08-03T13:47:44+00:00
2026-07-31,2026-08-03,2026-08-03,settled,loss,2,2357,華碩,twse,電腦及週邊設備業,偏多,81.98762302065776,810.0,0.0990502035278155,7704879443.0,量破5日高、接近20日突破、收在高檔、MACD動能擴大、產業相對強、近漲停過熱扣分,790.0,813.0,786.0,799.0,-0.0246913580246913,0.0037037037037037,-0.0296296296296296,-0.0135802469135802,2026-08-03T13:47:44+00:00
2026-07-31,2026-08-03,2026-08-03,settled,loss,3,2892,第一金,twse,金融保險,偏多,79.68011727578657,36.75,0.0352112676056337,2406589211.0,量破5日高、接近20日突破、收在高檔、MACD動能擴大,36.3,36.45,35.65,35.95,-0.0122448979591837,-0.0081632653061223,-0.0299319727891156,-0.021768707482993,2026-08-03T13:47:44+00:00
2026-07-31,2026-08-03,2026-08-03,settled,loss,4,6214,精誠,twse,資訊服務業,偏多,73.58989350498292,154.0,0.0731707317073171,1349182911.0,量破5日高、接近20日突破、收在高檔、MACD動能擴大,151.0,152.0,146.5,148.5,-0.0194805194805194,-0.0129870129870129,-0.0487012987012986,-0.0357142857142857,2026-08-03T13:47:44+00:00
2026-07-31,2026-08-03,2026-08-03,settled,loss,5,2881,富邦金,twse,金融保險,觀察偏多,71.78911297610371,130.0,0.0483870967741935,4269035305.0,量破5日高、接近20日突破、RSI健康,129.0,130.5,126.5,129.5,-0.0076923076923076,0.0038461538461538,-0.0269230769230769,-0.0038461538461538,2026-08-03T13:47:44+00:00
2026-07-31,2026-08-03,2026-08-03,settled,loss,6,2347,聯強,twse,電子通路業,觀察偏多,71.60750398064312,93.7,0.0882694541231128,1161273844.0,量破5日高、收在高檔、MACD動能擴大,91.1,93.3,89.5,91.7,-0.0277481323372466,-0.0042689434364995,-0.0448239060832443,-0.0213447171824973,2026-08-03T13:47:44+00:00
2026-07-31,2026-08-03,2026-08-03,settled,tie,7,3034,聯詠,twse,電子工業,觀察偏多,69.76145277352825,519.0,0.0570264765784114,3877153324.0,量破5日高、MACD動能擴大、RSI健康,510.0,527.0,510.0,519.0,-0.0173410404624277,0.0154142581888245,-0.0173410404624277,0.0,2026-08-03T13:47:44+00:00
2026-07-31,2026-08-03,2026-08-03,settled,loss,8,2883,凱基金,twse,金融保險,觀察偏多,69.64739461830622,30.85,0.065630397236615,2720860653.0,量破5日高、收在高檔、RSI健康,30.5,30.55,29.9,30.4,-0.0113452188006483,-0.0097244732576985,-0.0307941653160455,-0.0145867098865478,2026-08-03T13:47:44+00:00
2026-07-31,2026-08-03,2026-08-03,settled,loss,9,3529,力旺,tpex,半導體業,觀察偏多,69.0050994390617,2475.0,0.0807860262008732,5590183180.0,量破5日高、MACD動能擴大、RSI健康、產業相對強,2410.0,2435.0,2330.0,2390.0,-0.0262626262626262,-0.0161616161616161,-0.0585858585858586,-0.0343434343434343,2026-08-03T13:47:44+00:00
2026-07-31,2026-08-03,2026-08-03,settled,win,10,2317,鴻海,twse,其他電子業,觀察偏多,68.07385514610937,250.5,0.0915032679738561,24664339053.0,量破5日高、收在高檔、MACD動能擴大、RSI健康、產業相對強、近漲停過熱扣分,244.5,254.0,242.5,253.0,-0.0239520958083832,0.0139720558882234,-0.0319361277445109,0.0099800399201597,2026-08-03T13:47:44+00:00
2026-07-31,2026-08-03,2026-08-03,settled,loss,11,2885,元大金,twse,金融保險,觀察偏多,67.80487342420702,68.1,0.0792393026941362,3421837066.0,量破5日高、收在高檔、RSI健康,67.6,69.2,66.6,68.0,-0.0073421439060205,0.0161527165932453,-0.0220264317180616,-0.001468428781204,2026-08-03T13:47:44+00:00
2026-07-31,2026-08-03,2026-08-03,settled,loss,12,2360,致茂,twse,電子工業,觀察偏多,65.83713694826903,2100.0,0.0994764397905758,12606194080.0,量破5日高、收在高檔、MACD動能擴大、RSI健康、近漲停過熱扣分,2170.0,2170.0,1890.0,1960.0,0.0333333333333334,0.0333333333333334,-0.0999999999999999,-0.0666666666666666,2026-08-03T13:47:44+00:00
2026-07-31,2026-08-03,2026-08-03,settled,loss,13,2890,永豐金,twse,金融保險,觀察偏多,65.18609049915081,40.6,0.045045045045045,1989146941.0,量破5日高、收在高檔、RSI健康,40.0,40.5,39.5,40.05,-0.0147783251231526,-0.0024630541871921,-0.0270935960591133,-0.0135467980295567,2026-08-03T13:47:44+00:00
2026-07-31,2026-08-03,2026-08-03,settled,win,14,2006,東和鋼鐵,twse,鋼鐵工業,觀察偏多,64.84073396488282,74.6,0.0163487738419616,829111153.0,量破5日高、接近20日突破、收在高檔、MACD動能擴大,74.6,81.4,74.1,80.4,0.0,0.0911528150134048,-0.0067024128686327,0.0777479892761394,2026-08-03T13:47:44+00:00
2026-07-31,2026-08-03,2026-08-03,settled,loss,15,2451,創見,twse,電子工業,觀察偏多,64.66649475574556,293.0,0.0871985157699444,4805479942.0,接近20日突破、收在高檔、MACD動能擴大、RSI健康,286.0,293.0,279.5,281.0,-0.0238907849829351,0.0,-0.0460750853242321,-0.0409556313993174,2026-08-03T13:47:44+00:00
2026-07-31,2026-08-03,2026-08-03,settled,loss,16,2887,台新新光金,twse,金融保險,觀察偏多,63.12476398966116,35.95,0.0844645550527904,3394653515.0,收在高檔、RSI健康,35.5,35.8,34.75,35.3,-0.0125173852573018,-0.0041724617524341,-0.0333796940194716,-0.0180806675938804,2026-08-03T13:47:44+00:00
2026-07-31,2026-08-03,2026-08-03,settled,loss,17,3293,鈊象,tpex,文化創意業,觀察偏多,62.23189720925569,776.0,0.0360480640854472,3437779777.0,量破5日高、MACD動能擴大、RSI健康、長上影扣分,771.0,783.0,761.0,771.0,-0.0064432989690721,0.0090206185567009,-0.0193298969072165,-0.0064432989690721,2026-08-03T13:47:44+00:00
2026-07-31,2026-08-03,2026-08-03,settled,win,18,6669,緯穎,twse,電腦及週邊設備業,觀察偏多,61.24824295994108,5390.0,0.1,7851495325.0,收在高檔、MACD動能擴大、RSI健康、產業相對強、近漲停過熱扣分,5530.0,5925.0,5475.0,5925.0,0.0259740259740259,0.0992578849721705,0.015769944341373,0.0992578849721705,2026-08-03T13:47:44+00:00
2026-07-31,2026-08-03,2026-08-03,settled,win,19,4938,和碩,twse,電腦及週邊設備業,觀察偏多,61.1237426034581,84.4,0.0484472049689441,1190651845.0,RSI健康、產業相對強,83.0,87.4,82.8,86.6,-0.0165876777251186,0.0355450236966825,-0.018957345971564,0.0260663507109002,2026-08-03T13:47:44+00:00
2026-07-31,2026-08-03,2026-08-03,settled,win,20,2395,研華,twse,電子工業,觀察偏多,60.36309819253216,563.0,0.0292504570383911,4513840499.0,量破5日高、RSI健康,555.0,583.0,540.0,576.0,-0.0142095914742451,0.0355239786856127,-0.0408525754884546,0.0230905861456482,2026-08-03T13:47:44+00:00
2026-07-31,2026-08-03,2026-08-03,settled,loss,21,2330,台積電,twse,電子工業,觀察偏多,60.29519406198652,2425.0,0.0997732426303854,166661984712.0,量破5日高、收在高檔、RSI健康、近漲停過熱扣分,2390.0,2395.0,2365.0,2370.0,-0.0144329896907215,-0.0123711340206185,-0.0247422680412371,-0.022680412371134,2026-08-03T13:47:44+00:00
2026-07-31,2026-08-03,2026-08-03,settled,loss,22,3029,零壹,twse,電子工業,觀察偏多,60.244649110820575,109.5,0.0788177339901476,453051123.0,量破5日高、接近20日突破、收在高檔、MACD動能擴大、RSI健康、流動性不足扣分,107.5,107.5,103.5,104.0,-0.0182648401826484,-0.0182648401826484,-0.0547945205479452,-0.0502283105022831,2026-08-03T13:47:44+00:00
2026-07-31,2026-08-03,2026-08-03,settled,win,23,3702,大聯大,twse,電子工業,觀察偏多,60.14640799398359,112.5,0.0663507109004739,1380429511.0,RSI健康,111.0,117.5,109.0,116.0,-0.0133333333333333,0.0444444444444445,-0.031111111111111,0.031111111111111,2026-08-03T13:47:44+00:00
2026-07-31,2026-08-03,2026-08-03,settled,loss,24,2884,玉山金,twse,金融保險,觀察偏多,60.01626213958132,38.65,0.0251989389920423,2087884416.0,接近20日突破、MACD動能擴大,38.65,38.9,37.9,38.45,0.0,0.0064683053040104,-0.019404915912031,-0.0051746442432081,2026-08-03T13:47:44+00:00
2026-07-31,2026-08-03,2026-08-03,settled,win,25,4967,十銓,twse,電子工業,觀察偏多,59.77696653282544,233.5,0.0988235294117647,1304931198.0,量破5日高、收在高檔、MACD動能擴大、RSI健康、近漲停過熱扣分,232.0,241.5,230.0,240.0,-0.006423982869379,0.0342612419700214,-0.0149892933618843,0.0278372591006423,2026-08-03T13:47:44+00:00
2026-07-31,2026-08-03,2026-08-03,settled,loss,26,8271,宇瞻,twse,半導體業,觀察偏多,59.39255481896991,223.0,0.0931372549019606,2243643127.0,收在高檔、MACD動能擴大、RSI健康、產業相對強、近漲停過熱扣分,219.0,226.5,217.0,219.5,-0.0179372197309417,0.0156950672645739,-0.0269058295964125,-0.015695067264574,2026-08-03T13:47:44+00:00
2026-07-31,2026-08-03,2026-08-03,settled,win,27,3231,緯創,twse,電腦及週邊設備業,中性觀察,57.883246213031526,176.0,0.1,23937749417.0,收在高檔、MACD動能擴大、產業相對強、近漲停過熱扣分,172.5,188.0,169.5,186.0,-0.0198863636363636,0.0681818181818181,-0.0369318181818182,0.0568181818181818,2026-08-03T13:47:44+00:00
2026-07-31,2026-08-03,2026-08-03,settled,loss,28,2880,華南金,twse,金融保險,中性觀察,57.087456510749305,43.7,0.0246189917936694,1605924826.0,量破5日高、接近20日突破、MACD動能擴大、RSI過熱扣分、長上影扣分,42.95,43.85,42.15,43.05,-0.017162471395881,0.0034324942791761,-0.0354691075514874,-0.0148741418764303,2026-08-03T13:47:44+00:00
2026-07-31,2026-08-03,2026-08-03,settled,win,29,7734,印能科技,tpex,半導體業,中性觀察,56.08482163943786,3370.0,0.099510603588907,782708650.0,收在高檔、MACD動能擴大、RSI健康、產業相對強、近漲停過熱扣分,3380.0,3695.0,3380.0,3690.0,0.002967359050445,0.0964391691394659,0.002967359050445,0.0949554896142432,2026-08-03T13:47:44+00:00
2026-07-31,2026-08-03,2026-08-03,settled,win,30,3653,健策,twse,電子零組件業,中性觀察,55.82113774151509,3445.0,0.098883572567783,3124584800.0,收在高檔、MACD動能擴大、RSI健康、產業相對強、近漲停過熱扣分,3695.0,3785.0,3655.0,3770.0,0.0725689404934688,0.0986937590711176,0.0609579100145138,0.0943396226415094,2026-08-03T13:47:44+00:00
2026-07-31,2026-08-03,2026-08-03,settled,win,31,6863,永道-KY,twse,電子工業,中性觀察,55.671864128279225,133.5,0.072289156626506,137396050.0,量破5日高、接近20日突破、收在高檔、MACD動能擴大、流動性不足扣分,132.5,138.0,129.5,134.0,-0.0074906367041198,0.0337078651685394,-0.0299625468164793,0.0037453183520599,2026-08-03T13:47:44+00:00
2026-07-31,2026-08-03,2026-08-03,settled,win,32,1742,台蠟,tpex,化學工業,中性觀察,55.402220706653765,17.9,0.0815709969788518,5180294.0,量破5日高、接近20日突破、收在高檔、MACD動能擴大、流動性不足扣分,17.9,18.75,17.65,18.5,0.0,0.047486033519553,-0.0139664804469273,0.0335195530726257,2026-08-03T13:47:44+00:00
2026-07-31,2026-08-03,2026-08-03,settled,win,33,2801,彰銀,twse,金融保險,中性觀察,55.35686531221671,25.2,0.0161290322580645,1832688604.0,量破5日高、接近20日突破、MACD動能擴大、長上影扣分、收低於VWAP扣分,25.25,25.75,25.2,25.4,0.0019841269841269,0.0218253968253967,0.0,0.0079365079365079,2026-08-03T13:47:44+00:00
2026-07-31,2026-08-03,2026-08-03,settled,loss,34,6538,倉和,tpex,電子零組件業,中性觀察,55.24557067926848,138.0,0.0739299610894941,524045809.0,量破5日高、收在高檔、產業相對強,136.0,140.0,132.0,135.0,-0.0144927536231883,0.0144927536231884,-0.0434782608695651,-0.0217391304347825,2026-08-03T13:47:44+00:00
2026-07-31,2026-08-03,2026-08-03,settled,win,35,2832,台產,twse,金融保險,中性觀察,55.03105102981387,59.4,0.0348432055749128,30707819.0,量破5日高、接近20日突破、收在高檔、MACD動能擴大、RSI健康、流動性不足扣分,59.4,60.4,58.7,60.3,0.0,0.0168350168350168,-0.0117845117845116,0.0151515151515151,2026-08-03T13:47:44+00:00
2026-07-31,2026-08-03,2026-08-03,settled,win,36,2610,華航,twse,航運業,中性觀察,54.687521025068186,22.4,0.032258064516129,1720999793.0,MACD動能擴大、RSI健康,22.25,22.65,22.2,22.45,-0.0066964285714284,0.0111607142857141,-0.0089285714285713,0.0022321428571427,2026-08-03T13:47:44+00:00
2026-07-31,2026-08-03,2026-08-03,settled,win,37,3023,信邦,twse,電子零組件業,中性觀察,54.55805263470805,296.0,0.0842490842490841,1556652061.0,量破5日高、收在高檔、產業相對強,290.5,303.0,288.5,299.5,-0.018581081081081,0.0236486486486486,-0.0253378378378378,0.0118243243243243,2026-08-03T13:47:44+00:00
2026-07-31,2026-08-03,2026-08-03,settled,loss,38,4904,遠傳,twse,電子工業,中性觀察,54.45540770005961,105.0,-0.004739336492891,2161657715.0,量破5日高,104.5,105.0,102.5,103.5,-0.0047619047619047,0.0,-0.0238095238095238,-0.0142857142857142,2026-08-03T13:47:44+00:00
2026-07-31,2026-08-03,2026-08-03,settled,win,39,8039,台虹,twse,電子零組件業,中性觀察,54.41412601280527,173.5,0.0981012658227848,5500817689.0,收在高檔、RSI健康、產業相對強、近漲停過熱扣分,170.5,190.5,168.5,190.5,-0.0172910662824207,0.0979827089337175,-0.0288184438040345,0.0979827089337175,2026-08-03T13:47:44+00:00
2026-07-31,2026-08-03,2026-08-03,settled,loss,40,2354,鴻準,twse,其他電子業,中性觀察,54.21465256534688,56.5,0.064030131826742,457644833.0,MACD動能擴大、RSI健康、產業相對強,56.1,56.9,55.2,56.4,-0.007079646017699,0.0070796460176991,-0.023008849557522,-0.0017699115044248,2026-08-03T13:47:44+00:00
2026-07-31,2026-08-03,2026-08-03,settled,win,41,2404,漢唐,twse,電子工業,中性觀察,54.20707575500028,1100.0,0.0891089108910891,4514881510.0,量破5日高、收在高檔,1075.0,1140.0,1060.0,1105.0,-0.0227272727272727,0.0363636363636363,-0.0363636363636363,0.0045454545454546,2026-08-03T13:47:44+00:00
2026-07-31,2026-08-03,2026-08-03,settled,loss,42,2886,兆豐金,twse,金融保險,中性觀察,53.85189373138281,53.1,0.0310679611650486,2306007537.0,接近20日突破、MACD動能擴大、RSI過熱扣分,52.3,52.9,51.0,51.6,-0.0150659133709981,-0.0037664783427495,-0.0395480225988701,-0.0282485875706214,2026-08-03T13:47:44+00:00
2026-07-31,2026-08-03,2026-08-03,settled,win,43,1439,雋揚,twse,建材營造,中性觀察,53.63836280278673,27.8,0.0277264325323474,3554203.0,量破5日高、接近20日突破、收在高檔、MACD動能擴大、流動性不足扣分,26.65,28.05,26.65,28.05,-0.0413669064748202,0.0089928057553956,-0.0413669064748202,0.0089928057553956,2026-08-03T13:47:44+00:00
2026-07-31,2026-08-03,2026-08-03,settled,win,44,5274,信驊,tpex,半導體業,中性觀察,53.38477817440082,14525.0,0.0999621355547142,1921340315.0,收在高檔、MACD動能擴大、RSI健康、產業相對強、近漲停過熱扣分,15640.0,15975.0,15265.0,15975.0,0.0767641996557659,0.0998278829604131,0.0509466437177279,0.0998278829604131,2026-08-03T13:47:44+00:00
2026-07-31,2026-08-03,2026-08-03,settled,win,45,2478,大毅,twse,電子零組件業,中性觀察,52.31084321497013,108.5,0.0860860860860859,555216347.0,量破5日高、收在高檔、產業相對強,108.0,119.0,107.5,118.0,-0.0046082949308755,0.096774193548387,-0.0092165898617511,0.0875576036866359,2026-08-03T13:47:44+00:00
2026-07-31,2026-08-03,2026-08-03,settled,win,46,3441,聯一光,tpex,光電業,中性觀察,52.1370710464218,84.0,0.0994764397905758,1341810381.0,收在高檔、MACD動能擴大、RSI健康、產業相對強、近漲停過熱扣分,87.0,92.4,83.3,92.4,0.0357142857142858,0.1,-0.0083333333333334,0.1,2026-08-03T13:47:44+00:00
2026-07-31,2026-08-03,2026-08-03,settled,win,47,6510,精測,tpex,半導體業,中性觀察,51.75135135135136,2495.0,0.0991189427312775,1860091995.0,量破5日高、收在高檔、產業相對強、近漲停過熱扣分,2595.0,2690.0,2470.0,2655.0,0.0400801603206413,0.0781563126252504,-0.0100200400801603,0.0641282565130261,2026-08-03T13:47:44+00:00
2026-07-31,2026-08-03,2026-08-03,settled,loss,48,3260,威剛,tpex,半導體業,中性觀察,51.22628760836308,398.5,0.0528401585204756,9852513446.0,MACD動能擴大、RSI健康、產業相對強、收低於VWAP扣分,391.5,402.0,384.5,391.5,-0.0175658720200753,0.0087829360100375,-0.0351317440401505,-0.0175658720200753,2026-08-03T13:47:44+00:00
2026-07-31,2026-08-03,2026-08-03,settled,tie,49,2385,群光,twse,電子零組件業,中性觀察,51.20497174606854,106.0,0.0143540669856458,760290962.0,量破5日高、MACD動能擴大、RSI健康、產業相對強、長上影扣分,106.0,107.0,105.5,106.0,0.0,0.009433962264151,-0.0047169811320755,0.0,2026-08-03T13:47:44+00:00
2026-07-31,2026-08-03,2026-08-03,settled,tie,50,2834,臺企銀,twse,金融保險,中性觀察,51.03254665682888,18.2,0.0055248618784529,1382839638.0,量破5日高、接近20日突破、RSI健康、長上影扣分,18.25,18.35,18.1,18.2,0.0027472527472527,0.0082417582417584,-0.0054945054945053,0.0,2026-08-03T13:47:44+00:00
2026-07-31,2026-08-03,2026-08-03,settled,win,51,6907,雅特力-KY,tpex,半導體業,中性觀察,49.99990121538552,165.0,0.1,180026497.0,量破5日高、收在高檔、產業相對強、近漲停過熱扣分,164.0,181.5,158.5,176.0,-0.0060606060606061,0.1,-0.0393939393939394,0.0666666666666666,2026-08-03T13:47:44+00:00
2026-07-31,2026-08-03,2026-08-03,settled,win,52,3016,嘉晶,twse,半導體業,中性觀察,49.91144667964076,79.9,0.0739247311827957,465920811.0,量破5日高、產業相對強,77.5,87.8,77.5,87.8,-0.0300375469336671,0.0988735919899874,-0.0300375469336671,0.0988735919899874,2026-08-03T13:47:44+00:00
2026-07-31,2026-08-03,2026-08-03,settled,win,53,2603,長榮,twse,航運業,中性觀察,49.64644173610191,204.0,0.0149253731343284,1399917834.0,RSI健康,205.0,208.0,202.5,207.5,0.0049019607843137,0.0196078431372548,-0.0073529411764705,0.0171568627450979,2026-08-03T13:47:44+00:00
2026-07-31,2026-08-03,2026-08-03,settled,win,54,2324,仁寶,twse,電腦及週邊設備業,中性觀察,49.00545032219715,36.0,0.0666666666666666,2746751346.0,RSI健康、產業相對強,35.2,36.6,34.55,36.35,-0.0222222222222221,0.0166666666666666,-0.0402777777777778,0.0097222222222221,2026-08-03T13:47:44+00:00
2026-07-31,2026-08-03,2026-08-03,settled,loss,55,2376,技嘉,twse,電腦及週邊設備業,中性觀察,48.93486580099378,336.5,0.0565149136577707,2783113653.0,RSI健康、產業相對強,320.0,332.5,314.0,324.5,-0.0490341753343239,-0.0118870728083209,-0.0668647845468053,-0.0356612184249628,2026-08-03T13:47:44+00:00
2026-07-31,2026-08-03,2026-08-03,settled,loss,56,3543,州巧,twse,光電業,中性觀察,48.92910384518992,33.05,0.0998336106489183,175917429.0,量破5日高、收在高檔、MACD動能擴大、RSI健康、產業相對強、近漲停過熱扣分、流動性不足扣分,33.0,34.15,32.15,33.0,-0.0015128593040846,0.0332829046898639,-0.0272314674735248,-0.0015128593040846,2026-08-03T13:47:44+00:00
2026-07-31,2026-08-03,2026-08-03,settled,loss,57,2634,漢翔,twse,航運業,中性觀察,48.9205789666167,61.9,0.0563139931740614,3025371816.0,RSI健康,61.2,62.3,60.6,60.7,-0.0113085621970919,0.0064620355411955,-0.0210016155088852,-0.0193861066235863,2026-08-03T13:47:44+00:00
2026-07-31,2026-08-03,2026-08-03,settled,win,58,3026,禾伸堂,twse,電子零組件業,中性觀察,48.53056693794836,450.0,0.0526315789473683,2676684352.0,量破5日高、產業相對強,430.0,480.0,430.0,459.5,-0.0444444444444444,0.0666666666666666,-0.0444444444444444,0.021111111111111,2026-08-03T13:47:44+00:00
2026-07-31,2026-08-03,2026-08-03,settled,loss,59,8092,建暐,tpex,其他電子類,中性觀察,48.350370559238485,14.0,0.0852713178294573,1180770.0,量破5日高、收在高檔、MACD動能擴大、RSI健康、流動性不足扣分,13.6,13.75,12.95,13.35,-0.0285714285714285,-0.0178571428571429,-0.075,-0.0464285714285714,2026-08-03T13:47:44+00:00
2026-07-31,2026-08-03,2026-08-03,settled,loss,60,2867,三商壽,twse,金融保險,中性觀察,48.171487307755946,9.9,0.033402922755741,467334493.0,量破5日高、接近20日突破、MACD動能擴大、流動性不足扣分,10.0,10.0,9.75,9.82,0.0101010101010101,0.0101010101010101,-0.0151515151515151,-0.0080808080808081,2026-08-03T13:47:44+00:00
2026-07-31,2026-08-03,2026-08-03,settled,loss,61,3665,貿聯-KY,twse,電子工業,中性觀察,48.15878485000905,2100.0,0.0994764397905758,5080375735.0,收在高檔、RSI健康、近漲停過熱扣分,2100.0,2300.0,2060.0,2095.0,0.0,0.0952380952380953,-0.019047619047619,-0.0023809523809523,2026-08-03T13:47:44+00:00
2026-07-31,2026-08-03,2026-08-03,settled,loss,62,8080,泰霖,tpex,建材營造,中性觀察,48.05826155934441,29.5,0.0746812386156647,1823274.0,量破5日高、收在高檔、MACD動能擴大、RSI健康、流動性不足扣分,28.05,29.35,28.05,28.9,-0.0491525423728813,-0.0050847457627117,-0.0491525423728813,-0.0203389830508474,2026-08-03T13:47:44+00:00
2026-07-31,2026-08-03,2026-08-03,settled,loss,63,6277,宏正,twse,電腦及週邊設備業,中性觀察,47.92946682531589,80.2,0.073627844712182,61394888.0,MACD動能擴大、RSI健康、產業相對強、流動性不足扣分,78.8,79.3,77.4,77.4,-0.0174563591022444,-0.0112219451371571,-0.0349127182044887,-0.0349127182044887,2026-08-03T13:47:44+00:00
2026-07-31,2026-08-03,2026-08-03,settled,loss,64,5880,合庫金,twse,金融保險,中性觀察,47.76068301234845,27.6,0.0222222222222223,1362481577.0,接近20日突破、收在高檔、MACD動能擴大、RSI過熱扣分,27.0,27.4,26.7,26.9,-0.0217391304347827,-0.0072463768115943,-0.0326086956521739,-0.0253623188405798,2026-08-03T13:47:44+00:00
2026-07-31,2026-08-03,2026-08-03,settled,win,65,6805,富世達,twse,電子零組件業,中性觀察,47.66927644625758,1350.0,0.0975609756097561,737663345.0,收在高檔、MACD動能擴大、RSI健康、產業相對強、近漲停過熱扣分,1340.0,1485.0,1340.0,1470.0,-0.0074074074074074,0.1,-0.0074074074074074,0.0888888888888888,2026-08-03T13:47:44+00:00
2026-07-31,2026-08-03,2026-08-03,settled,loss,66,6182,合晶,tpex,半導體業,中性觀察,47.60360547153,89.0,0.0507674144037779,2436625467.0,量破5日高、產業相對強,82.1,91.0,82.1,88.1,-0.0775280898876404,0.0224719101123596,-0.0775280898876404,-0.0101123595505618,2026-08-03T13:47:44+00:00
2026-07-31,2026-08-03,2026-08-03,settled,win,67,3036,文曄,twse,電子工業,中性觀察,47.50253725423536,196.5,0.0708446866485013,2105854477.0,MACD動能擴大,194.5,207.0,192.5,204.5,-0.010178117048346,0.0534351145038167,-0.020356234096692,0.0407124681933841,2026-08-03T13:47:44+00:00
2026-07-31,2026-08-03,2026-08-03,settled,win,68,3491,昇達科,tpex,通信網路業,中性觀察,47.4910682455293,969.0,0.0498374864572048,4733414834.0,量破5日高、產業相對強,950.0,1065.0,950.0,1065.0,-0.0196078431372549,0.0990712074303405,-0.0196078431372549,0.0990712074303405,2026-08-03T13:47:44+00:00
2026-07-31,2026-08-03,2026-08-03,settled,win,69,8905,裕國,tpex,其他,中性觀察,47.46659080407315,30.45,0.0721830985915492,3646959.0,量破5日高、收在高檔、MACD動能擴大、RSI健康、流動性不足扣分,31.45,32.5,30.85,32.25,0.0328407224958948,0.0673234811165846,0.0131362889983579,0.0591133004926107,2026-08-03T13:47:44+00:00
2026-07-31,2026-08-03,2026-08-03,settled,win,70,6606,建德工業,twse,電機機械,中性觀察,47.42365490185144,26.0,0.0097087378640776,8299432.0,量破5日高、收在高檔、MACD動能擴大、RSI健康、流動性不足扣分,26.0,26.2,25.8,26.1,0.0,0.0076923076923076,-0.0076923076923076,0.0038461538461538,2026-08-03T13:47:44+00:00
2026-07-31,2026-08-03,2026-08-03,settled,win,71,6488,環球晶,tpex,半導體業,中性觀察,47.2320244773075,855.0,0.0989717223650386,15984456371.0,量破5日高、收在高檔、產業相對強、近漲停過熱扣分,870.0,930.0,843.0,866.0,0.0175438596491228,0.087719298245614,-0.0140350877192982,0.0128654970760233,2026-08-03T13:47:44+00:00
2026-07-31,2026-08-03,2026-08-03,settled,tie,72,8047,星雲,tpex,其他電子類,中性觀察,47.11069692333843,44.2,0.0498812351543942,1283842.0,量破5日高、收在高檔、MACD動能擴大、RSI健康、流動性不足扣分,44.1,44.5,44.1,44.2,-0.002262443438914,0.006787330316742,-0.002262443438914,0.0,2026-08-03T13:47:44+00:00
2026-07-31,2026-08-03,2026-08-03,settled,win,73,2481,強茂,twse,半導體業,中性觀察,46.9535951045385,117.5,0.0981308411214954,2468907452.0,量破5日高、收在高檔、產業相對強、近漲停過熱扣分,117.0,129.0,116.5,129.0,-0.0042553191489361,0.0978723404255319,-0.0085106382978723,0.0978723404255319,2026-08-03T13:47:44+00:00
2026-07-31,2026-08-03,2026-08-03,settled,loss,74,1470,大統新創,twse,紡織纖維,中性觀察,46.85596135560739,23.6,0.028322440087146,558358.0,量破5日高、接近20日突破、MACD動能擴大、流動性不足扣分,22.9,23.6,22.9,23.25,-0.0296610169491526,0.0,-0.0296610169491526,-0.0148305084745763,2026-08-03T13:47:44+00:00
2026-07-31,2026-08-03,2026-08-03,settled,win,75,6173,信昌電,tpex,電子零組件業,中性觀察,46.7702453396793,145.5,0.0981132075471697,329629931.0,量破5日高、收在高檔、產業相對強、近漲停過熱扣分,145.5,160.0,145.5,160.0,0.0,0.0996563573883162,0.0,0.0996563573883162,2026-08-03T13:47:44+00:00
2026-07-31,2026-08-03,2026-08-03,settled,win,76,6191,精成科,twse,電子零組件業,中性觀察,46.59799024856235,81.6,0.0542635658914727,668661710.0,量破5日高、產業相對強,80.8,84.2,80.0,82.2,-0.0098039215686274,0.0318627450980393,-0.0196078431372548,0.0073529411764707,2026-08-03T13:47:44+00:00
2026-07-31,2026-08-03,2026-08-03,settled,win,77,6271,同欣電,twse,電子工業,中性觀察,46.37553722423866,160.0,0.0738255033557047,1681045904.0,量破5日高,158.0,169.0,157.0,168.0,-0.0124999999999999,0.0562499999999999,-0.01875,0.05,2026-08-03T13:47:44+00:00
2026-07-31,2026-08-03,2026-08-03,settled,win,78,2618,長榮航,twse,航運業,中性觀察,46.1863589639548,43.3,0.0371257485029938,3043252191.0,RSI健康,43.3,43.8,42.9,43.7,0.0,0.0115473441108544,-0.0092378752886835,0.0092378752886836,2026-08-03T13:47:44+00:00
2026-07-31,2026-08-03,2026-08-03,settled,loss,79,8411,福貞-KY,twse,其他,中性觀察,46.01464266647475,13.3,0.0270270270270271,2174095.0,接近20日突破、收在高檔、MACD動能擴大、流動性不足扣分,13.2,13.2,13.0,13.05,-0.0075187969924812,-0.0075187969924812,-0.0225563909774436,-0.018796992481203,2026-08-03T13:47:44+00:00
2026-07-31,2026-08-03,2026-08-03,settled,win,80,2441,超豐,twse,電子工業,中性觀察,45.85604891340741,100.5,0.0737179487179486,1011469737.0,量破5日高,102.0,110.5,101.5,110.5,0.0149253731343284,0.099502487562189,0.0099502487562188,0.099502487562189,2026-08-03T13:47:44+00:00
2026-07-31,2026-08-03,2026-08-03,settled,loss,81,3008,大立光,twse,電子工業,中性觀察,45.5143169584679,4035.0,0.0861372812920591,11861331570.0,,3970.0,4030.0,3910.0,3960.0,-0.0161090458488227,-0.0012391573729864,-0.0309789343246592,-0.0185873605947954,2026-08-03T13:47:44+00:00
2026-07-31,2026-08-03,2026-08-03,settled,win,82,3229,晟鈦,twse,電子工業,中性觀察,45.02594367952858,43.15,0.0993630573248407,36570931.0,量破5日高、收在高檔、MACD動能擴大、RSI健康、近漲停過熱扣分、流動性不足扣分,43.75,47.45,43.75,47.45,0.0139049826187718,0.0996523754345308,0.0139049826187718,0.0996523754345308,2026-08-03T13:47:44+00:00
2026-07-31,2026-08-03,2026-08-03,settled,loss,83,4609,唐鋒,tpex,居家生活類,低優先,44.71746386960797,5.31,0.0514851485148515,30870.0,量比>1.8、收在高檔、MACD動能擴大、RSI健康、流動性不足扣分,4.91,5.08,4.9,4.91,-0.0753295668549904,-0.0433145009416194,-0.0772128060263652,-0.0753295668549904,2026-08-03T13:47:44+00:00
2026-07-31,2026-08-03,2026-08-03,settled,loss,84,3268,海德威,tpex,半導體業,低優先,44.51942886282508,21.7,0.0796019900497511,4856864.0,收在高檔、MACD動能擴大、RSI健康、產業相對強、流動性不足扣分,22.0,22.0,21.45,21.45,0.0138248847926267,0.0138248847926267,-0.0115207373271889,-0.0115207373271889,2026-08-03T13:47:44+00:00
2026-07-31,2026-08-03,2026-08-03,settled,win,85,3661,世芯-KY,twse,電子工業,低優先,43.8924403648932,3060.0,0.0987432675044883,9855512685.0,量破5日高、收在高檔、近漲停過熱扣分,3070.0,3275.0,3050.0,3250.0,0.0032679738562091,0.0702614379084967,-0.0032679738562091,0.0620915032679738,2026-08-03T13:47:44+00:00
2026-07-31,2026-08-03,2026-08-03,settled,loss,86,2308,台達電,twse,電子零組件業,低優先,43.88872230721287,1640.0,0.0718954248366012,51858884287.0,量破5日高、產業相對強、收低於VWAP扣分,1610.0,1645.0,1560.0,1580.0,-0.0182926829268292,0.0030487804878047,-0.048780487804878,-0.0365853658536585,2026-08-03T13:47:44+00:00
2026-07-31,2026-08-03,2026-08-03,settled,win,87,7828,創新服務,tpex,半導體業,低優先,43.64635830202703,1340.0,0.098360655737705,718876275.0,量破5日高、收在高檔、產業相對強、近漲停過熱扣分,1340.0,1470.0,1300.0,1465.0,0.0,0.0970149253731342,-0.0298507462686566,0.0932835820895523,2026-08-03T13:47:44+00:00
2026-07-31,2026-08-03,2026-08-03,settled,loss,88,6243,迅杰,twse,半導體業,低優先,43.41470103904111,50.7,0.0997830802603036,207341609.0,收在高檔、RSI健康、產業相對強、近漲停過熱扣分,50.0,51.7,47.9,48.1,-0.0138067061143984,0.0197238658777121,-0.0552268244575937,-0.0512820512820513,2026-08-03T13:47:44+00:00
2026-07-31,2026-08-03,2026-08-03,settled,loss,89,5876,上海商銀,twse,金融保險,低優先,43.39897853877879,45.45,0.0145089285714286,799292641.0,RSI健康,44.7,45.35,44.5,44.65,-0.0165016501650164,-0.0022002200220022,-0.020902090209021,-0.0176017601760176,2026-08-03T13:47:44+00:00
2026-07-31,2026-08-03,2026-08-03,settled,loss,90,9945,潤泰新,twse,其他,低優先,43.26309313468641,27.05,0.0131086142322098,361104421.0,量破5日高、接近20日突破、MACD動能擴大、RSI健康、長上影扣分、收低於VWAP扣分,26.95,27.2,26.6,26.95,-0.0036968576709797,0.0055452865064693,-0.0166358595194084,-0.0036968576709797,2026-08-03T13:47:44+00:00
2026-07-31,2026-08-03,2026-08-03,settled,win,91,3362,先進光,tpex,光電業,低優先,43.07461895858122,172.0,0.0990415335463259,1620619096.0,收在高檔、產業相對強、近漲停過熱扣分,172.0,187.0,166.5,180.0,0.0,0.0872093023255813,-0.0319767441860464,0.0465116279069768,2026-08-03T13:47:44+00:00
2026-07-31,2026-08-03,2026-08-03,settled,loss,92,2908,特力,twse,貿易百貨,低優先,42.81154117718041,22.1,0.0045454545454546,5577903.0,接近20日突破、收在高檔、MACD動能擴大、RSI健康、流動性不足扣分,22.0,22.0,21.4,21.7,-0.0045248868778281,-0.0045248868778281,-0.0316742081447964,-0.0180995475113122,2026-08-03T13:47:44+00:00
2026-07-31,2026-08-03,2026-08-03,settled,tie,93,5523,豐謙,tpex,建材營造,低優先,42.435432476292505,30.4,0.0049586776859502,3319564.0,量破5日高、接近20日突破、收在高檔、RSI健康、流動性不足扣分,30.4,30.4,30.2,30.4,0.0,0.0,-0.006578947368421,0.0,2026-08-03T13:47:44+00:00
2026-07-31,2026-08-03,2026-08-03,settled,win,94,4907,富宇,tpex,建材營造,低優先,42.33455109845568,42.4,0.0392156862745098,11855891.0,接近20日突破、MACD動能擴大、RSI健康、流動性不足扣分,42.6,44.4,41.9,44.3,0.0047169811320755,0.0471698113207548,-0.0117924528301887,0.0448113207547169,2026-08-03T13:47:44+00:00
2026-07-31,2026-08-03,2026-08-03,settled,win,95,3303,岱稜,tpex,其他電子類,低優先,42.01778282570735,55.0,0.0891089108910891,66285105.0,量破5日高、收在高檔、RSI健康、流動性不足扣分,54.0,57.5,53.9,56.3,-0.0181818181818181,0.0454545454545454,-0.02,0.0236363636363636,2026-08-03T13:47:44+00:00
2026-07-31,2026-08-03,2026-08-03,settled,win,96,3005,神基,twse,電子工業,低優先,41.8917646773621,114.0,0.0363636363636363,916896497.0,量破5日高、RSI健康、長上影扣分、收低於VWAP扣分,113.0,116.5,112.5,114.5,-0.0087719298245614,0.0219298245614034,-0.0131578947368421,0.0043859649122806,2026-08-03T13:47:44+00:00
2026-07-31,2026-08-03,2026-08-03,settled,win,97,3042,晶技,twse,電子工業,低優先,41.777448014051785,149.5,0.0912408759124088,3530981296.0,量破5日高、收在高檔、近漲停過熱扣分,148.0,162.5,146.0,154.5,-0.0100334448160535,0.0869565217391303,-0.0234113712374581,0.0334448160535116,2026-08-03T13:47:44+00:00
2026-07-31,2026-08-03,2026-08-03,settled,loss,98,6183,關貿,twse,電子工業,低優先,41.636794568459486,93.6,0.0251916757940853,1541705.0,接近20日突破、收在高檔、MACD動能擴大、RSI健康、流動性不足扣分,93.5,93.5,90.6,91.9,-0.0010683760683759,-0.0010683760683759,-0.032051282051282,-0.0181623931623929,2026-08-03T13:47:44+00:00
2026-07-31,2026-08-03,2026-08-03,settled,win,99,3288,點晶,tpex,電子零組件業,低優先,41.63235650745085,25.7,0.0686070686070685,1225979.0,收在高檔、MACD動能擴大、RSI健康、產業相對強、流動性不足扣分,26.45,27.5,25.6,25.85,0.0291828793774318,0.0700389105058365,-0.0038910505836574,0.0058365758754863,2026-08-03T13:47:44+00:00
2026-07-31,2026-08-03,2026-08-03,settled,win,100,5490,同亨,tpex,電腦及週邊設備業,低優先,41.270374525468846,33.05,0.0575999999999998,57953562.0,收在高檔、MACD動能擴大、RSI健康、產業相對強、流動性不足扣分,32.8,36.35,32.3,35.4,-0.0075642965204235,0.0998487140695916,-0.0226928895612708,0.0711043872919818,2026-08-03T13:47:44+00:00
2026-08-03,2026-08-04,2026-08-04,settled,win,1,3231,緯創,twse,電腦及週邊設備業,偏多,88.83303607762663,186.0,0.0568181818181818,29618233645.0,量破5日高、接近20日突破、收在高檔、MACD動能擴大、產業相對強,186.5,198.0,183.0,195.0,0.0026881720430107,0.064516129032258,-0.0161290322580645,0.0483870967741935,2026-08-04T13:07:32+00:00
2026-08-03,2026-08-04,2026-08-04,settled,win,2,6669,緯穎,twse,電腦及週邊設備業,偏多,84.15072781347064,5925.0,0.0992578849721705,19512006185.0,量破5日高、接近20日突破、收在高檔、MACD動能擴大、RSI健康、產業相對強、近漲停過熱扣分,5935.0,6385.0,5800.0,6205.0,0.0016877637130801,0.0776371308016876,-0.021097046413502,0.0472573839662446,2026-08-04T13:07:32+00:00
2026-08-03,2026-08-04,2026-08-04,settled,win,3,2425,承啟,twse,電腦及週邊設備業,觀察偏多,70.24935441325117,48.3,0.0287539936102234,482339436.0,量破5日高、接近20日突破、MACD動能擴大、RSI健康、產業相對強,48.3,50.9,46.5,50.2,0.0,0.0538302277432711,-0.0372670807453415,0.0393374741200829,2026-08-04T13:07:32+00:00
2026-08-03,2026-08-04,2026-08-04,settled,loss,4,2603,長榮,twse,航運業,觀察偏多,69.31744493052167,207.5,0.0171568627450979,1644088414.0,接近20日突破、收在高檔、MACD動能擴大、RSI健康,205.0,207.0,205.0,206.0,-0.0120481927710843,-0.0024096385542168,-0.0120481927710843,-0.0072289156626506,2026-08-04T13:07:32+00:00
2026-08-03,2026-08-04,2026-08-04,settled,win,5,6206,飛捷,twse,電腦及週邊設備業,觀察偏多,68.18673089007545,133.5,0.068,610541964.0,量破5日高、MACD動能擴大、RSI健康、產業相對強,132.0,141.5,132.0,140.0,-0.0112359550561798,0.0599250936329587,-0.0112359550561798,0.0486891385767789,2026-08-04T13:07:32+00:00
2026-08-03,2026-08-04,2026-08-04,settled,tie,6,2049,上銀,twse,電機機械,觀察偏多,65.33136088482115,332.0,0.090311986863711,1424838868.0,量破5日高、收在高檔、MACD動能擴大、RSI健康、近漲停過熱扣分,333.0,350.0,327.5,332.0,0.0030120481927711,0.0542168674698795,-0.0135542168674698,0.0,2026-08-04T13:07:32+00:00
2026-08-03,2026-08-04,2026-08-04,settled,win,7,6805,富世達,twse,電子零組件業,觀察偏多,64.38982677730823,1470.0,0.0888888888888888,1871511135.0,收在高檔、MACD動能擴大、RSI健康、產業相對強,1490.0,1615.0,1490.0,1590.0,0.0136054421768707,0.0986394557823129,0.0136054421768707,0.0816326530612245,2026-08-04T13:07:32+00:00
2026-08-03,2026-08-04,2026-08-04,settled,win,8,4938,和碩,twse,電腦及週邊設備業,觀察偏多,64.30085289006102,86.6,0.0260663507109002,1108799104.0,收在高檔、MACD動能擴大、RSI健康、產業相對強,85.2,89.4,85.2,88.4,-0.0161662817551961,0.0323325635103928,-0.0161662817551961,0.0207852193995381,2026-08-04T13:07:32+00:00
2026-08-03,2026-08-04,2026-08-04,settled,loss,9,5490,同亨,tpex,電腦及週邊設備業,觀察偏多,62.90429149025441,35.4,0.0711043872919818,180978618.0,量破5日高、接近20日突破、MACD動能擴大、RSI健康、產業相對強、流動性不足扣分,34.35,34.5,33.0,33.45,-0.0296610169491524,-0.0254237288135592,-0.0677966101694914,-0.0550847457627117,2026-08-04T13:07:32+00:00
2026-08-03,2026-08-04,2026-08-04,settled,loss,10,3441,聯一光,tpex,光電業,觀察偏多,62.704464976425015,92.4,0.1,2923342305.0,接近20日突破、收在高檔、MACD動能擴大、產業相對強、近漲停過熱扣分,93.5,95.8,85.5,89.6,0.0119047619047618,0.0367965367965366,-0.0746753246753247,-0.0303030303030303,2026-08-04T13:07:32+00:00
2026-08-03,2026-08-04,2026-08-04,settled,loss,11,3362,先進光,tpex,光電業,觀察偏多,62.44889514065068,180.0,0.0465116279069768,2865842563.0,MACD動能擴大、RSI健康、產業相對強,176.0,196.5,174.0,179.5,-0.0222222222222222,0.0916666666666665,-0.0333333333333333,-0.0027777777777777,2026-08-04T13:07:32+00:00
2026-08-03,2026-08-04,2026-08-04,settled,tie,12,7734,印能科技,tpex,半導體業,觀察偏多,61.994597837281376,3690.0,0.0949554896142432,1061809465.0,接近20日突破、收在高檔、MACD動能擴大、產業相對強、近漲停過熱扣分,3770.0,3850.0,3655.0,3690.0,0.0216802168021679,0.043360433604336,-0.0094850948509485,0.0,2026-08-04T13:07:32+00:00
2026-08-03,2026-08-04,2026-08-04,settled,loss,13,2317,鴻海,twse,其他電子業,觀察偏多,61.96943053876426,253.0,0.0099800399201597,13128239101.0,收在高檔、MACD動能擴大、RSI健康、產業相對強,249.0,254.5,246.0,250.0,-0.0158102766798419,0.0059288537549406,-0.0276679841897232,-0.0118577075098814,2026-08-04T13:07:32+00:00
2026-08-03,2026-08-04,2026-08-04,settled,win,14,7750,新代,twse,電機機械,觀察偏多,61.879843045617065,2235.0,0.0982800982800982,1231960160.0,量破5日高、收在高檔、MACD動能擴大、RSI健康、近漲停過熱扣分,2235.0,2415.0,2180.0,2330.0,0.0,0.0805369127516779,-0.0246085011185682,0.0425055928411632,2026-08-04T13:07:32+00:00
2026-08-03,2026-08-04,2026-08-04,settled,win,15,5289,宜鼎,tpex,電腦及週邊設備業,觀察偏多,61.83438951825151,1385.0,0.0694980694980695,3692589525.0,MACD動能擴大、RSI健康、產業相對強,1370.0,1420.0,1340.0,1415.0,-0.0108303249097473,0.0252707581227435,-0.0324909747292418,0.0216606498194946,2026-08-04T13:07:32+00:00
2026-08-03,2026-08-04,2026-08-04,settled,win,16,2006,東和鋼鐵,twse,鋼鐵工業,觀察偏多,61.81906094470012,80.4,0.0777479892761394,618000265.0,接近20日突破、收在高檔、MACD動能擴大,78.8,82.9,78.4,82.5,-0.0199004975124379,0.0310945273631841,-0.0248756218905472,0.0261194029850746,2026-08-04T13:07:32+00:00
2026-08-03,2026-08-04,2026-08-04,settled,loss,17,6919,康霈*,twse,生技醫療業,觀察偏多,60.5273959383427,109.5,0.0631067961165048,811318566.0,收在高檔、MACD動能擴大、RSI健康,107.5,110.0,103.5,108.0,-0.0182648401826484,0.004566210045662,-0.0547945205479452,-0.0136986301369863,2026-08-04T13:07:32+00:00
2026-08-03,2026-08-04,2026-08-04,settled,loss,18,6414,樺漢,twse,電子工業,觀察偏多,60.48407369264218,437.5,0.0802469135802468,1334821592.0,收在高檔、RSI健康,428.0,443.0,428.0,436.5,-0.0217142857142856,0.0125714285714286,-0.0217142857142856,-0.0022857142857143,2026-08-04T13:07:32+00:00
2026-08-03,2026-08-04,2026-08-04,settled,tie,19,2615,萬海,twse,航運業,觀察偏多,60.398913349676086,86.1,0.0165289256198346,570003165.0,收在高檔、MACD動能擴大、RSI健康,85.1,86.8,85.1,86.1,-0.0116144018583043,0.0081300813008129,-0.0116144018583043,0.0,2026-08-04T13:07:32+00:00
2026-08-03,2026-08-04,2026-08-04,settled,win,20,3036,文曄,twse,電子工業,觀察偏多,59.05186409713097,204.5,0.0407124681933841,1872682145.0,收在高檔、MACD動能擴大、RSI健康,200.0,214.0,199.5,212.5,-0.0220048899755501,0.0464547677261613,-0.0244498777506112,0.0391198044009779,2026-08-04T13:07:32+00:00
2026-08-03,2026-08-04,2026-08-04,settled,win,21,6510,精測,tpex,半導體業,觀察偏多,58.9415785038854,2655.0,0.0641282565130261,1349094575.0,收在高檔、MACD動能擴大、RSI健康、產業相對強,2805.0,2865.0,2660.0,2795.0,0.0564971751412428,0.07909604519774,0.0018832391713747,0.0527306967984935,2026-08-04T13:07:32+00:00
2026-08-03,2026-08-04,2026-08-04,settled,win,22,2478,大毅,twse,電子零組件業,觀察偏多,58.90243313896577,118.0,0.0875576036866359,843194650.0,量破5日高、收在高檔、產業相對強,116.0,125.0,112.0,121.5,-0.0169491525423728,0.0593220338983051,-0.0508474576271186,0.0296610169491524,2026-08-04T13:07:32+00:00
2026-08-03,2026-08-04,2026-08-04,settled,win,23,1459,聯發,twse,紡織纖維,觀察偏多,58.87341914837616,12.8,0.0801687763713081,2791269.0,量破5日高、接近20日突破、收在高檔、MACD動能擴大、流動性不足扣分,12.8,12.95,12.8,12.95,0.0,0.0117187499999997,0.0,0.0117187499999997,2026-08-04T13:07:32+00:00
2026-08-03,2026-08-04,2026-08-04,settled,win,24,6907,雅特力-KY,tpex,半導體業,中性觀察,57.88179673883753,176.0,0.0666666666666666,228280474.0,量破5日高、產業相對強,180.0,191.0,174.0,181.5,0.0227272727272727,0.0852272727272727,-0.0113636363636363,0.03125,2026-08-04T13:07:32+00:00
2026-08-03,2026-08-04,2026-08-04,settled,win,25,2618,長榮航,twse,航運業,中性觀察,57.37884826639211,43.7,0.0092378752886836,1747172378.0,收在高檔、MACD動能擴大、RSI健康,42.85,44.15,42.0,43.8,-0.0194508009153318,0.0102974828375284,-0.0389016018306637,0.0022883295194506,2026-08-04T13:07:32+00:00
2026-08-03,2026-08-04,2026-08-04,settled,win,26,8150,南茂,twse,半導體業,中性觀察,57.32400635375026,77.6,0.0688705234159778,3748512359.0,量破5日高、產業相對強,78.0,85.0,77.7,82.5,0.0051546391752577,0.0953608247422681,0.0012886597938146,0.0631443298969072,2026-08-04T13:07:32+00:00
2026-08-03,2026-08-04,2026-08-04,settled,tie,27,2395,研華,twse,電子工業,中性觀察,57.24555957389622,576.0,0.0230905861456482,2487499620.0,收在高檔、RSI健康,567.0,588.0,564.0,576.0,-0.015625,0.0208333333333332,-0.0208333333333333,0.0,2026-08-04T13:07:32+00:00
2026-08-03,2026-08-04,2026-08-04,settled,win,28,3017,奇鋐,twse,電子工業,中性觀察,57.17515505206545,2550.0,0.0991379310344826,11388751630.0,收在高檔、MACD動能擴大、RSI健康、近漲停過熱扣分,2595.0,2675.0,2560.0,2600.0,0.0176470588235293,0.0490196078431373,0.0039215686274509,0.0196078431372548,2026-08-04T13:07:32+00:00
2026-08-03,2026-08-04,2026-08-04,settled,win,29,4979,華星光,tpex,通信網路業,中性觀察,57.00577068314452,407.0,0.1,1053823869.0,收在高檔、MACD動能擴大、RSI健康、產業相對強、近漲停過熱扣分,425.0,447.5,425.0,447.5,0.0442260442260442,0.0995085995085995,0.0442260442260442,0.0995085995085995,2026-08-04T13:07:32+00:00
2026-08-03,2026-08-04,2026-08-04,settled,win,30,2754,亞洲藏壽司,tpex,觀光餐旅,中性觀察,56.90552234997065,70.5,0.0322108345534406,3427368.0,量破5日高、接近20日突破、收在高檔、MACD動能擴大、RSI健康、流動性不足扣分,70.5,71.8,70.0,71.4,0.0,0.0184397163120566,-0.0070921985815602,0.0127659574468086,2026-08-04T13:07:32+00:00
2026-08-03,2026-08-04,2026-08-04,settled,win,31,6187,萬潤,tpex,半導體業,中性觀察,56.73434603501545,1005.0,0.0818083961248654,1531229771.0,收在高檔、RSI健康、產業相對強,1025.0,1105.0,1025.0,1090.0,0.0199004975124377,0.099502487562189,0.0199004975124377,0.0845771144278606,2026-08-04T13:07:32+00:00
2026-08-03,2026-08-04,2026-08-04,settled,win,32,2455,全新,twse,通信網路業,中性觀察,56.73388602814967,321.0,0.0993150684931507,1970160225.0,收在高檔、MACD動能擴大、RSI健康、產業相對強、近漲停過熱扣分,349.0,353.0,347.5,353.0,0.087227414330218,0.0996884735202492,0.0825545171339563,0.0996884735202492,2026-08-04T13:07:32+00:00
2026-08-03,2026-08-04,2026-08-04,settled,win,33,2302,麗正,twse,半導體業,中性觀察,56.66927234158079,40.0,0.0884353741496599,192282086.0,量破5日高、收在高檔、RSI健康、產業相對強,40.1,42.8,40.0,41.9,0.0024999999999999,0.0699999999999998,0.0,0.0474999999999998,2026-08-04T13:07:32+00:00
2026-08-03,2026-08-04,2026-08-04,settled,loss,34,2027,大成鋼,twse,鋼鐵工業,中性觀察,56.51165357042338,44.45,0.0289351851851851,913656490.0,收在高檔、MACD動能擴大,43.65,44.35,43.65,44.25,-0.0179977502812149,-0.0022497187851518,-0.0179977502812149,-0.0044994375703037,2026-08-04T13:07:32+00:00
2026-08-03,2026-08-04,2026-08-04,settled,win,35,8111,立碁,tpex,光電業,中性觀察,56.24525283780898,61.9,0.0994671403197158,486580822.0,收在高檔、MACD動能擴大、RSI健康、產業相對強、近漲停過熱扣分,62.5,66.6,62.1,65.5,0.0096930533117931,0.0759289176090467,0.0032310177705978,0.0581583198707593,2026-08-04T13:07:32+00:00
2026-08-03,2026-08-04,2026-08-04,settled,win,36,8039,台虹,twse,電子零組件業,中性觀察,56.21714841515048,190.5,0.0979827089337175,3364632927.0,收在高檔、RSI健康、產業相對強、近漲停過熱扣分,191.5,203.5,190.5,200.0,0.0052493438320209,0.0682414698162729,0.0,0.0498687664041994,2026-08-04T13:07:32+00:00
2026-08-03,2026-08-04,2026-08-04,settled,loss,37,2362,藍天,twse,電腦及週邊設備業,中性觀察,55.73394150247137,44.75,0.0667461263408819,72756814.0,量破5日高、收在高檔、MACD動能擴大、RSI健康、產業相對強、流動性不足扣分,43.8,45.65,43.65,44.7,-0.0212290502793296,0.0201117318435752,-0.0245810055865922,-0.0011173184357541,2026-08-04T13:07:32+00:00
2026-08-03,2026-08-04,2026-08-04,settled,loss,38,5328,華容,tpex,電子零組件業,中性觀察,54.74474882709693,67.4,0.0564263322884013,2689587970.0,RSI健康、產業相對強,66.8,68.6,65.7,66.4,-0.0089020771513353,0.0178041543026703,-0.0252225519287834,-0.0148367952522254,2026-08-04T13:07:32+00:00
2026-08-03,2026-08-04,2026-08-04,settled,win,39,3706,神達,twse,電腦及週邊設備業,中性觀察,54.6036068200023,89.5,0.0240274599542333,771508050.0,收在高檔、RSI健康、產業相對強,88.8,91.9,88.7,91.3,-0.0078212290502793,0.0268156424581005,-0.0089385474860335,0.0201117318435752,2026-08-04T13:07:32+00:00
2026-08-03,2026-08-04,2026-08-04,settled,win,40,3653,健策,twse,電子零組件業,中性觀察,54.53984507996867,3770.0,0.0943396226415094,6857545765.0,收在高檔、MACD動能擴大、RSI健康、產業相對強、近漲停過熱扣分,3710.0,4145.0,3710.0,4145.0,-0.0159151193633951,0.0994694960212201,-0.0159151193633951,0.0994694960212201,2026-08-04T13:07:32+00:00
2026-08-03,2026-08-04,2026-08-04,settled,win,41,1477,聚陽,twse,紡織纖維,中性觀察,54.451178248646464,218.5,-0.0045558086560364,588972447.0,量破5日高、收在高檔、MACD動能擴大、RSI健康,215.0,225.5,215.0,222.0,-0.0160183066361555,0.0320366132723111,-0.0160183066361555,0.0160183066361556,2026-08-04T13:07:32+00:00
2026-08-03,2026-08-04,2026-08-04,settled,win,42,3583,辛耘,twse,電子工業,中性觀察,54.27461897137082,670.0,0.0307692307692306,976796318.0,量破5日高,667.0,725.0,667.0,699.0,-0.0044776119402984,0.0820895522388058,-0.0044776119402984,0.0432835820895523,2026-08-04T13:07:32+00:00
2026-08-03,2026-08-04,2026-08-04,settled,win,43,2324,仁寶,twse,電腦及週邊設備業,中性觀察,54.11123901138132,36.35,0.0097222222222221,1589919628.0,收在高檔、RSI健康、產業相對強,36.0,37.35,35.85,37.0,-0.0096286107290234,0.0275103163686383,-0.0137551581843191,0.0178817056396147,2026-08-04T13:07:32+00:00
2026-08-03,2026-08-04,2026-08-04,missing,missing,44,8279,生展,tpex,生技醫療業,中性觀察,53.92899837133443,89.9,0.0239179954441914,2524004.0,量破5日高、接近20日突破、收在高檔、MACD動能擴大、RSI健康、流動性不足扣分,,,,,,,,,2026-08-04T13:07:32+00:00
2026-08-03,2026-08-04,2026-08-04,settled,win,45,1590,亞德客-KY,twse,電機機械,中性觀察,53.701999260608936,1415.0,0.0679245283018867,1225590220.0,收在高檔、RSI健康,1405.0,1480.0,1390.0,1425.0,-0.0070671378091873,0.0459363957597174,-0.0176678445229682,0.0070671378091873,2026-08-04T13:07:32+00:00
2026-08-03,2026-08-04,2026-08-04,settled,loss,46,7769,鴻勁,twse,半導體業,中性觀察,53.66869569632004,6425.0,0.0396440129449837,13065213805.0,量破5日高、RSI健康、產業相對強、收低於VWAP扣分,6395.0,6505.0,6140.0,6190.0,-0.004669260700389,0.0124513618677042,-0.0443579766536964,-0.0365758754863813,2026-08-04T13:07:32+00:00
2026-08-03,2026-08-04,2026-08-04,settled,win,47,3702,大聯大,twse,電子工業,中性觀察,53.626800262341945,116.0,0.031111111111111,797412754.0,收在高檔、RSI健康,113.5,120.5,113.5,117.5,-0.021551724137931,0.0387931034482758,-0.021551724137931,0.0129310344827586,2026-08-04T13:07:32+00:00
2026-08-03,2026-08-04,2026-08-04,settled,win,48,6570,維田,tpex,電腦及週邊設備業,中性觀察,53.547052457783664,53.7,0.0633663366336634,18631066.0,量破5日高、MACD動能擴大、RSI健康、產業相對強、流動性不足扣分,54.1,55.0,52.6,54.7,0.0074487895716945,0.0242085661080073,-0.0204841713221601,0.0186219739292365,2026-08-04T13:07:32+00:00
2026-08-03,2026-08-04,2026-08-04,settled,win,49,4967,十銓,twse,電子工業,中性觀察,53.53837494665374,240.0,0.0278372591006423,1259924910.0,收在高檔、MACD動能擴大、RSI健康,260.0,260.0,248.0,256.5,0.0833333333333332,0.0833333333333332,0.0333333333333334,0.06875,2026-08-04T13:07:32+00:00
2026-08-03,2026-08-04,2026-08-04,settled,loss,50,5274,信驊,tpex,半導體業,中性觀察,53.44495365602472,15975.0,0.0998278829604131,4797430355.0,收在高檔、MACD動能擴大、RSI健康、產業相對強、近漲停過熱扣分,16215.0,16405.0,15255.0,15500.0,0.0150234741784036,0.0269170579029733,-0.0450704225352113,-0.029733959311424,2026-08-04T13:07:32+00:00
2026-08-03,2026-08-04,2026-08-04,settled,win,51,2356,英業達,twse,電子工業,中性觀察,53.25828584506237,63.9,0.0339805825242718,2141510901.0,收在高檔、RSI健康,63.5,66.8,62.9,66.0,-0.0062597809076682,0.0453834115805946,-0.0156494522691705,0.0328638497652582,2026-08-04T13:07:32+00:00
2026-08-03,2026-08-04,2026-08-04,settled,loss,52,6533,晶心科,twse,電子工業,中性觀察,53.0887900419973,231.5,0.0427927927927926,405423917.0,量破5日高、MACD動能擴大、RSI健康、長上影扣分、收低於VWAP扣分,230.0,231.5,224.5,225.5,-0.0064794816414687,0.0,-0.0302375809935204,-0.0259179265658747,2026-08-04T13:07:32+00:00
2026-08-03,2026-08-04,2026-08-04,settled,win,53,4991,環宇-KY,tpex,半導體業,中性觀察,52.62306900102986,388.0,0.0991501416430595,201646166.0,收在高檔、MACD動能擴大、RSI健康、產業相對強、近漲停過熱扣分,420.0,426.5,420.0,426.5,0.0824742268041236,0.0992268041237114,0.0824742268041236,0.0992268041237114,2026-08-04T13:07:32+00:00
2026-08-03,2026-08-04,2026-08-04,settled,win,54,8210,勤誠,twse,電子工業,中性觀察,52.50581073349353,1095.0,0.0478468899521531,1568420935.0,RSI健康,1070.0,1180.0,1070.0,1150.0,-0.0228310502283105,0.0776255707762556,-0.0228310502283105,0.0502283105022831,2026-08-04T13:07:32+00:00
2026-08-03,2026-08-04,2026-08-04,settled,loss,55,2834,臺企銀,twse,金融保險,中性觀察,52.46804952603773,18.2,0.0,1466244773.0,量破5日高、RSI健康,16.8,17.05,16.8,16.9,-0.0769230769230768,-0.063186813186813,-0.0769230769230768,-0.0714285714285715,2026-08-04T13:07:32+00:00
2026-08-03,2026-08-04,2026-08-04,settled,win,56,3081,聯亞,tpex,通信網路業,中性觀察,52.44346378304154,1790.0,0.098159509202454,1191690820.0,收在高檔、MACD動能擴大、RSI健康、產業相對強、近漲停過熱扣分,1965.0,1965.0,1965.0,1965.0,0.0977653631284916,0.0977653631284916,0.0977653631284916,0.0977653631284916,2026-08-04T13:07:32+00:00
2026-08-03,2026-08-04,2026-08-04,settled,loss,57,1737,臺鹽,twse,食品工業,中性觀察,52.36475288311164,32.25,0.0062402496099844,8757710.0,量破5日高、接近20日突破、收在高檔、MACD動能擴大、RSI健康、流動性不足扣分,32.05,32.15,32.0,32.05,-0.0062015503875969,-0.0031007751937984,-0.0077519379844961,-0.0062015503875969,2026-08-04T13:07:32+00:00
2026-08-03,2026-08-04,2026-08-04,settled,win,58,3533,嘉澤,twse,電子零組件業,中性觀察,51.60970005990725,2005.0,0.0808625336927224,2561181485.0,MACD動能擴大、RSI健康、產業相對強、收低於VWAP扣分,1940.0,2050.0,1930.0,2010.0,-0.0324189526184538,0.0224438902743142,-0.0374064837905236,0.0024937655860348,2026-08-04T13:07:32+00:00
2026-08-03,2026-08-04,2026-08-04,settled,loss,59,6240,松崗,tpex,資訊服務業,中性觀察,51.498682973209554,19.8,0.1,3712844.0,量破5日高、接近20日突破、收在高檔、MACD動能擴大、RSI健康、近漲停過熱扣分、流動性不足扣分,19.85,20.35,19.2,19.2,0.0025252525252525,0.0277777777777779,-0.0303030303030303,-0.0303030303030303,2026-08-04T13:07:32+00:00
2026-08-03,2026-08-04,2026-08-04,settled,win,60,8069,元太,tpex,光電業,中性觀察,50.32791852614716,189.0,0.0,1377265215.0,收在高檔、MACD動能擴大、RSI健康、產業相對強,188.0,201.0,185.0,197.5,-0.0052910052910053,0.0634920634920634,-0.0211640211640211,0.0449735449735448,2026-08-04T13:07:32+00:00
2026-08-03,2026-08-04,2026-08-04,settled,win,61,2332,友訊,twse,電子工業,中性觀察,50.08606892273594,22.2,0.0447058823529411,1071078350.0,收在高檔,22.1,24.4,22.0,23.85,-0.0045045045045044,0.0990990990990989,-0.009009009009009,0.0743243243243243,2026-08-04T13:07:32+00:00
2026-08-03,2026-08-04,2026-08-04,settled,loss,62,4763,材料*-KY,twse,化學生技醫療,中性觀察,50.06888186515877,49.85,0.033160621761658,514560506.0,MACD動能擴大、RSI健康,49.15,50.1,48.4,48.45,-0.0140421263791374,0.0050150451354062,-0.0290872617853561,-0.0280842527582747,2026-08-04T13:07:32+00:00
2026-08-03,2026-08-04,2026-08-04,settled,loss,63,2882,國泰金,twse,金融保險,中性觀察,49.68785238940286,100.5,-0.0098522167487684,2593412900.0,MACD動能擴大、RSI健康,98.6,102.0,98.6,99.2,-0.0189054726368159,0.0149253731343284,-0.0189054726368159,-0.0129353233830845,2026-08-04T13:07:32+00:00
2026-08-03,2026-08-04,2026-08-04,settled,win,64,8114,振樺電,twse,電子工業,中性觀察,49.67821853345847,215.0,0.0997442455242967,267396813.0,收在高檔、MACD動能擴大、RSI健康、近漲停過熱扣分,215.0,227.0,212.0,224.0,0.0,0.0558139534883721,-0.0139534883720929,0.041860465116279,2026-08-04T13:07:32+00:00
2026-08-03,2026-08-04,2026-08-04,settled,win,65,2357,華碩,twse,電腦及週邊設備業,中性觀察,49.67139489644124,799.0,-0.0135802469135802,3179538573.0,MACD動能擴大、RSI健康、產業相對強、長上影扣分,781.0,816.0,781.0,806.0,-0.0225281602002502,0.0212765957446807,-0.0225281602002502,0.0087609511889863,2026-08-04T13:07:32+00:00
2026-08-03,2026-08-04,2026-08-04,settled,win,66,6285,啟碁,twse,通信網路業,中性觀察,49.45734981119121,239.0,0.0765765765765766,1375542045.0,收在高檔、RSI健康、產業相對強,239.5,253.5,239.0,252.5,0.0020920502092049,0.0606694560669456,0.0,0.0564853556485356,2026-08-04T13:07:32+00:00
2026-08-03,2026-08-04,2026-08-04,settled,win,67,3605,宏致,twse,電子零組件業,中性觀察,49.255164949139214,84.2,0.0658227848101267,465205153.0,RSI健康、產業相對強,83.0,92.6,82.7,92.6,-0.0142517814726841,0.0997624703087884,-0.017814726840855,0.0997624703087884,2026-08-04T13:07:32+00:00
2026-08-03,2026-08-04,2026-08-04,settled,win,68,2467,志聖,twse,電子零組件業,中性觀察,48.75952860340042,497.5,0.0397074190177637,966066380.0,收在高檔、RSI健康、產業相對強,493.0,515.0,493.0,503.0,-0.0090452261306532,0.0351758793969849,-0.0090452261306532,0.0110552763819096,2026-08-04T13:07:32+00:00
2026-08-03,2026-08-04,2026-08-04,settled,loss,69,2884,玉山金,twse,金融保險,中性觀察,48.507384140061845,38.45,-0.0051746442432081,1612905781.0,MACD動能擴大,38.05,38.55,37.85,38.0,-0.010403120936281,0.0026007802340701,-0.0156046814044213,-0.011703511053316,2026-08-04T13:07:32+00:00
2026-08-03,2026-08-04,2026-08-04,settled,loss,70,2421,建準,twse,電子零組件業,中性觀察,48.44442746243251,136.5,0.0419847328244273,313670155.0,收在高檔、MACD動能擴大、RSI健康、產業相對強,134.0,137.5,133.5,135.5,-0.0183150183150183,0.0073260073260073,-0.021978021978022,-0.0073260073260073,2026-08-04T13:07:32+00:00
2026-08-03,2026-08-04,2026-08-04,settled,loss,71,3022,威強電,twse,電腦及週邊設備業,中性觀察,47.87250696913126,92.0,0.0823529411764705,209594079.0,收在高檔、RSI健康、產業相對強,90.2,92.4,90.2,90.9,-0.0195652173913043,0.0043478260869564,-0.0195652173913043,-0.0119565217391304,2026-08-04T13:07:32+00:00
2026-08-03,2026-08-04,2026-08-04,settled,win,72,3090,日電貿,twse,電子零組件業,中性觀察,47.79799290536675,137.5,0.1,1388605701.0,量破5日高、收在高檔、產業相對強、近漲停過熱扣分,137.5,148.0,133.5,144.0,0.0,0.0763636363636364,-0.029090909090909,0.0472727272727273,2026-08-04T13:07:32+00:00
2026-08-03,2026-08-04,2026-08-04,settled,win,73,5388,中磊,twse,電子工業,中性觀察,47.66581171933703,87.4,0.0619684082624545,501446803.0,收在高檔、RSI健康,86.4,89.6,86.3,89.2,-0.0114416475972539,0.0251716247139586,-0.0125858123569795,0.0205949656750572,2026-08-04T13:07:32+00:00
2026-08-03,2026-08-04,2026-08-04,settled,win,74,3227,原相,tpex,半導體業,中性觀察,47.34477382254617,197.0,0.0260416666666667,257939374.0,MACD動能擴大、RSI健康、產業相對強,196.0,205.5,196.0,205.5,-0.0050761421319797,0.0431472081218273,-0.0050761421319797,0.0431472081218273,2026-08-04T13:07:32+00:00
2026-08-03,2026-08-04,2026-08-04,settled,win,75,2388,威盛,twse,電子工業,中性觀察,47.22154192534767,75.9,0.0765957446808511,469446739.0,收在高檔、RSI健康,75.0,80.7,74.4,80.3,-0.0118577075098814,0.0632411067193674,-0.0197628458498023,0.0579710144927534,2026-08-04T13:07:32+00:00
2026-08-03,2026-08-04,2026-08-04,settled,win,76,3363,上詮,tpex,通信網路業,中性觀察,47.16370065224854,525.0,0.09261186264308,1110698809.0,收在高檔、MACD動能擴大、產業相對強、近漲停過熱扣分,542.0,566.0,528.0,563.0,0.0323809523809524,0.078095238095238,0.0057142857142857,0.0723809523809524,2026-08-04T13:07:32+00:00
2026-08-03,2026-08-04,2026-08-04,settled,win,77,6830,汎銓,twse,電子工業,中性觀察,47.04643193975366,380.5,0.0997109826589595,486200817.0,收在高檔、MACD動能擴大、RSI健康、近漲停過熱扣分,390.0,415.0,384.0,403.0,0.0249671484888305,0.0906701708278581,0.0091984231274637,0.0591327201051248,2026-08-04T13:07:32+00:00
2026-08-03,2026-08-04,2026-08-04,settled,win,78,2301,光寶科,twse,電子工業,中性觀察,46.958883167410455,229.5,0.0980861244019137,5350299859.0,MACD動能擴大、RSI健康、近漲停過熱扣分,233.5,252.0,233.0,252.0,0.0174291938997821,0.0980392156862746,0.0152505446623094,0.0980392156862746,2026-08-04T13:07:32+00:00
2026-08-03,2026-08-04,2026-08-04,settled,loss,79,3303,岱稜,tpex,其他電子類,中性觀察,46.90208719533126,56.3,0.0236363636363636,73618572.0,量破5日高、MACD動能擴大、RSI健康、流動性不足扣分,56.4,57.5,55.2,55.6,0.0017761989342806,0.0213143872113676,-0.0195381882770869,-0.0124333925399644,2026-08-04T13:07:32+00:00
2026-08-03,2026-08-04,2026-08-04,settled,loss,80,9904,寶成,twse,運動休閒,中性觀察,46.8215277803623,24.3,0.0146137787056368,357577216.0,收在高檔、MACD動能擴大、RSI健康,24.05,24.1,23.75,23.75,-0.0102880658436214,-0.008230452674897,-0.0226337448559671,-0.0226337448559671,2026-08-04T13:07:32+00:00
2026-08-03,2026-08-04,2026-08-04,settled,loss,81,8422,可寧衛*,twse,綠能環保,中性觀察,46.79961320374984,26.8,0.0828282828282829,312574615.0,收在高檔、MACD動能擴大、RSI健康,26.3,26.55,26.0,26.25,-0.0186567164179104,-0.0093283582089552,-0.0298507462686566,-0.0205223880597015,2026-08-04T13:07:32+00:00
2026-08-03,2026-08-04,2026-08-04,settled,win,82,3229,晟鈦,twse,電子工業,中性觀察,46.64142693672045,47.45,0.0996523754345308,91968739.0,量破5日高、接近20日突破、收在高檔、MACD動能擴大、近漲停過熱扣分、流動性不足扣分,48.7,49.8,45.1,47.75,0.0263435194942043,0.0495258166491041,-0.0495258166491043,0.0063224446786089,2026-08-04T13:07:32+00:00
2026-08-03,2026-08-04,2026-08-04,settled,win,83,4939,亞電,tpex,電子零組件業,中性觀察,46.52894038219476,55.8,0.0984251968503937,499654064.0,收在高檔、RSI健康、產業相對強、近漲停過熱扣分,55.8,57.8,54.3,56.3,0.0,0.0358422939068099,-0.0268817204301075,0.0089605734767024,2026-08-04T13:07:32+00:00
2026-08-03,2026-08-04,2026-08-04,settled,win,84,8067,志旭,tpex,電子通路業,中性觀察,46.36948686512024,13.5,0.0112359550561798,169924.0,量破5日高、收在高檔、MACD動能擴大、RSI健康、流動性不足扣分,13.95,13.95,13.15,13.6,0.0333333333333332,0.0333333333333332,-0.0259259259259259,0.0074074074074073,2026-08-04T13:07:32+00:00
2026-08-03,2026-08-04,2026-08-04,settled,win,85,3413,京鼎,twse,電子工業,中性觀察,45.79802855308659,315.5,0.0587248322147651,570859568.0,RSI健康,313.0,325.5,308.5,321.5,-0.0079239302694136,0.0316957210776545,-0.0221870047543581,0.0190174326465926,2026-08-04T13:07:32+00:00
2026-08-03,2026-08-04,2026-08-04,settled,win,86,6197,佳必琪,twse,電子零組件業,中性觀察,45.7808759678976,302.5,0.046712802768166,562224483.0,產業相對強,303.0,313.0,299.0,308.0,0.0016528925619834,0.0347107438016529,-0.0115702479338842,0.018181818181818,2026-08-04T13:07:32+00:00
2026-08-03,2026-08-04,2026-08-04,settled,win,87,4931,新盛力,tpex,電腦及週邊設備業,中性觀察,45.62312007275312,191.0,0.0760563380281689,626352028.0,收在高檔、產業相對強,195.0,197.0,190.0,196.0,0.0209424083769633,0.0314136125654449,-0.0052356020942407,0.0261780104712041,2026-08-04T13:07:32+00:00
2026-08-03,2026-08-04,2026-08-04,settled,win,88,1560,中砂,twse,電機機械,中性觀察,45.60330919057025,671.0,0.0484374999999999,1309246707.0,RSI健康,670.0,697.0,665.0,675.0,-0.0014903129657227,0.0387481371087927,-0.0089418777943368,0.0059612518628913,2026-08-04T13:07:32+00:00
2026-08-03,2026-08-04,2026-08-04,settled,loss,89,1733,五鼎,twse,生技醫療業,中性觀察,45.34726248447845,32.4,0.035143769968051,12989769.0,量破5日高、MACD動能擴大、RSI健康、收低於VWAP扣分、流動性不足扣分,32.6,32.6,31.8,32.25,0.0061728395061728,0.0061728395061728,-0.0185185185185184,-0.0046296296296295,2026-08-04T13:07:32+00:00
2026-08-03,2026-08-04,2026-08-04,settled,win,90,6139,亞翔,twse,其他電子業,中性觀察,45.22225998397985,765.0,0.0820367751060819,4220782792.0,收在高檔、產業相對強,763.0,792.0,754.0,786.0,-0.0026143790849673,0.0352941176470589,-0.0143790849673202,0.0274509803921567,2026-08-04T13:07:32+00:00
2026-08-03,2026-08-04,2026-08-04,settled,win,91,3529,力旺,tpex,半導體業,中性觀察,45.12902751213771,2390.0,-0.0343434343434343,1982667905.0,MACD動能擴大、RSI健康、產業相對強,2450.0,2620.0,2385.0,2575.0,0.0251046025104602,0.096234309623431,-0.0020920502092049,0.0774058577405858,2026-08-04T13:07:32+00:00
2026-08-03,2026-08-04,2026-08-04,settled,win,92,5471,松翰,twse,電子工業,中性觀察,45.03410167319444,54.5,0.0603112840466926,330298824.0,量破5日高,53.7,56.4,53.5,55.2,-0.0146788990825688,0.0348623853211009,-0.018348623853211,0.0128440366972477,2026-08-04T13:07:32+00:00
2026-08-03,2026-08-04,2026-08-04,settled,win,93,3034,聯詠,twse,電子工業,中性觀察,45.014193035951074,519.0,0.0,1785247285.0,MACD動能擴大、RSI健康、長上影扣分,515.0,532.0,514.0,524.0,-0.0077071290944122,0.02504816955684,-0.0096339113680153,0.0096339113680155,2026-08-04T13:07:32+00:00
2026-08-03,2026-08-04,2026-08-04,settled,win,94,2059,川湖,twse,電子工業,低優先,44.81379286010764,8635.0,0.1,5253958290.0,收在高檔、RSI健康、近漲停過熱扣分,8720.0,9495.0,8720.0,9495.0,0.0098436595251882,0.0995946728430805,0.0098436595251882,0.0995946728430805,2026-08-04T13:07:32+00:00
2026-08-03,2026-08-04,2026-08-04,settled,win,95,6831,邁科,twse,電腦及週邊設備業,低優先,44.78538169523076,565.0,0.0761904761904761,1058100087.0,量比>1.8、產業相對強、收低於VWAP扣分,591.0,621.0,580.0,617.0,0.0460176991150442,0.0991150442477877,0.0265486725663717,0.0920353982300885,2026-08-04T13:07:32+00:00
2026-08-03,2026-08-04,2026-08-04,settled,win,96,8299,群聯,tpex,半導體業,低優先,44.76845440861919,1760.0,0.0731707317073171,10757327100.0,產業相對強,1750.0,1850.0,1725.0,1820.0,-0.0056818181818182,0.0511363636363635,-0.0198863636363636,0.0340909090909091,2026-08-04T13:07:32+00:00
2026-08-03,2026-08-04,2026-08-04,settled,win,97,3665,貿聯-KY,twse,電子工業,低優先,44.67770627564449,2095.0,-0.0023809523809523,10785231120.0,量破5日高、RSI健康、長上影扣分、收低於VWAP扣分,2105.0,2300.0,2105.0,2300.0,0.0047732696897375,0.097852028639618,0.0047732696897375,0.097852028639618,2026-08-04T13:07:32+00:00
2026-08-03,2026-08-04,2026-08-04,settled,win,98,2637,慧洋-KY,twse,航運業,低優先,44.58740162534105,83.0,0.0600255427841636,216420285.0,收在高檔、RSI健康,81.6,84.5,81.2,83.9,-0.0168674698795181,0.0180722891566265,-0.0216867469879518,0.0108433734939759,2026-08-04T13:07:32+00:00
2026-08-03,2026-08-04,2026-08-04,settled,win,99,6781,AES-KY,twse,電子零組件業,低優先,44.567456294579856,964.0,0.0524017467248907,456387131.0,產業相對強,958.0,1030.0,956.0,1010.0,-0.0062240663900414,0.0684647302904564,-0.0082987551867219,0.0477178423236515,2026-08-04T13:07:32+00:00
2026-08-03,2026-08-04,2026-08-04,settled,loss,100,3443,創意,twse,半導體業,低優先,44.47584963954685,4185.0,0.0998685939553218,5437655585.0,收在高檔、RSI健康、產業相對強、近漲停過熱扣分,4200.0,4335.0,4085.0,4145.0,0.0035842293906809,0.0358422939068099,-0.0238948626045399,-0.009557945041816,2026-08-04T13:07:32+00:00
2026-08-04,2026-08-05,,pending,pending,1,3653,健策,twse,電子零組件業,偏多,82.66809347536352,4145.0,0.0994694960212201,11277873830.0,量破5日高、接近20日突破、收在高檔、MACD動能擴大、RSI健康、產業相對強、近漲停過熱扣分,,,,,,,,,
2026-08-04,2026-08-05,,pending,pending,2,3363,上詮,tpex,通信網路業,偏多,80.7285399950716,563.0,0.0723809523809524,2230771438.0,量破5日高、收在高檔、MACD動能擴大、RSI健康、產業相對強,,,,,,,,,
2026-08-04,2026-08-05,,pending,pending,3,4938,和碩,twse,電腦及週邊設備業,偏多,79.80455441394649,88.4,0.0207852193995381,1334619812.0,量破5日高、MACD動能擴大、RSI健康、產業相對強,,,,,,,,,
2026-08-04,2026-08-05,,pending,pending,4,6805,富世達,twse,電子零組件業,偏多,79.20962772639031,1590.0,0.0816326530612245,3027573375.0,量破5日高、收在高檔、MACD動能擴大、RSI健康、產業相對強,,,,,,,,,
2026-08-04,2026-08-05,,pending,pending,5,3037,欣興,twse,電子工業,偏多,77.61757679570628,924.0,0.068208092485549,49201314756.0,量破5日高、MACD動能擴大、RSI健康,,,,,,,,,
2026-08-04,2026-08-05,,pending,pending,6,2425,承啟,twse,電腦及週邊設備業,偏多,76.8487702540869,50.2,0.0393374741200829,825611247.0,量破5日高、接近20日突破、收在高檔、MACD動能擴大、RSI健康、產業相對強,,,,,,,,,
2026-08-04,2026-08-05,,pending,pending,7,2301,光寶科,twse,電子工業,偏多,76.84365079365078,252.0,0.0980392156862746,16539004190.0,量破5日高、接近20日突破、收在高檔、MACD動能擴大、RSI健康、近漲停過熱扣分,,,,,,,,,
2026-08-04,2026-08-05,,pending,pending,8,2388,威盛,twse,電子工業,偏多,76.72329187209245,80.3,0.0579710144927534,688191483.0,量破5日高、接近20日突破、收在高檔、MACD動能擴大、RSI健康,,,,,,,,,
2026-08-04,2026-08-05,,pending,pending,9,8210,勤誠,twse,電子工業,偏多,74.46619587446924,1150.0,0.0502283105022831,1735912175.0,量破5日高、MACD動能擴大、RSI健康,,,,,,,,,
2026-08-04,2026-08-05,,pending,pending,10,6206,飛捷,twse,電腦及週邊設備業,偏多,74.44223706346438,140.0,0.0486891385767789,791028745.0,量破5日高、接近20日突破、收在高檔、MACD動能擴大、RSI健康、產業相對強,,,,,,,,,
2026-08-04,2026-08-05,,pending,pending,11,6187,萬潤,tpex,半導體業,偏多,74.10945986068288,1090.0,0.0845771144278606,3235839580.0,收在高檔、MACD動能擴大、RSI健康、產業相對強,,,,,,,,,
2026-08-04,2026-08-05,,pending,pending,12,2377,微星,twse,電腦及週邊設備業,偏多,73.5289895288738,149.5,0.0454545454545454,2879638879.0,量破5日高、收在高檔、RSI健康、產業相對強,,,,,,,,,
2026-08-04,2026-08-05,,pending,pending,13,6669,緯穎,twse,電腦及週邊設備業,偏多,73.3882183643022,6205.0,0.0472573839662446,18234879925.0,接近20日突破、MACD動能擴大、RSI健康、產業相對強,,,,,,,,,
2026-08-04,2026-08-05,,pending,pending,14,2464,盟立,twse,電子工業,偏多,72.81523352746373,162.0,0.0983050847457627,2214886072.0,量破5日高、收在高檔、MACD動能擴大、RSI健康、近漲停過熱扣分,,,,,,,,,
2026-08-04,2026-08-05,,pending,pending,15,3231,緯創,twse,電腦及週邊設備業,偏多,72.29836930455636,195.0,0.0483870967741935,29533146551.0,接近20日突破、收在高檔、MACD動能擴大、產業相對強,,,,,,,,,
2026-08-04,2026-08-05,,pending,pending,16,7734,印能科技,tpex,半導體業,觀察偏多,70.53621195708494,3690.0,0.0,1174662955.0,量破5日高、接近20日突破、MACD動能擴大、RSI健康、產業相對強、收低於VWAP扣分,,,,,,,,,
2026-08-04,2026-08-05,,pending,pending,17,2059,川湖,twse,電子工業,觀察偏多,70.38582155568108,9495.0,0.0995946728430805,8051008280.0,接近20日突破、收在高檔、MACD動能擴大、RSI健康、近漲停過熱扣分,,,,,,,,,
2026-08-04,2026-08-05,,pending,pending,18,7750,新代,twse,電機機械,觀察偏多,70.09111478824576,2330.0,0.0425055928411632,1520012790.0,量破5日高、接近20日突破、MACD動能擴大、RSI健康,,,,,,,,,
2026-08-04,2026-08-05,,pending,pending,19,2368,金像電,twse,電子零組件業,觀察偏多,69.96034715085075,897.0,0.0286697247706422,12028098143.0,量破5日高、收在高檔、MACD動能擴大、產業相對強,,,,,,,,,
2026-08-04,2026-08-05,,pending,pending,20,8112,至上,twse,電子工業,觀察偏多,67.3479379761497,85.2,0.0466830466830465,1454348952.0,量破5日高、收在高檔、RSI健康,,,,,,,,,
2026-08-04,2026-08-05,,pending,pending,21,4967,十銓,twse,電子工業,觀察偏多,66.96118582783193,256.5,0.06875,2441846851.0,量破5日高、MACD動能擴大、RSI健康,,,,,,,,,
2026-08-04,2026-08-05,,pending,pending,22,6213,聯茂,twse,電子工業,觀察偏多,66.4754082448327,310.0,0.0726643598615917,6463212911.0,量破5日高、收在高檔、RSI健康,,,,,,,,,
2026-08-04,2026-08-05,,pending,pending,23,2357,華碩,twse,電腦及週邊設備業,觀察偏多,65.95607742377527,806.0,0.0087609511889863,3262144603.0,MACD動能擴大、RSI健康、產業相對強,,,,,,,,,
2026-08-04,2026-08-05,,pending,pending,24,6285,啟碁,twse,通信網路業,觀察偏多,64.52766444972102,252.5,0.0564853556485356,1958589173.0,收在高檔、MACD動能擴大、RSI健康、產業相對強,,,,,,,,,
2026-08-04,2026-08-05,,pending,pending,25,4908,前鼎,tpex,通信網路業,觀察偏多,64.1695528317297,150.5,0.0673758865248226,418478651.0,量破5日高、MACD動能擴大、RSI健康、產業相對強,,,,,,,,,
2026-08-04,2026-08-05,,pending,pending,26,2324,仁寶,twse,電腦及週邊設備業,觀察偏多,63.73149256184834,37.0,0.0178817056396147,1598725018.0,MACD動能擴大、RSI健康、產業相對強,,,,,,,,,
2026-08-04,2026-08-05,,pending,pending,27,3529,力旺,tpex,半導體業,觀察偏多,63.51292359425528,2575.0,0.0774058577405858,2664858315.0,收在高檔、MACD動能擴大、RSI健康、產業相對強,,,,,,,,,
2026-08-04,2026-08-05,,pending,pending,28,2345,智邦,twse,電子工業,觀察偏多,63.33398995089642,2320.0,-0.006423982869379,10304733550.0,量破5日高、MACD動能擴大、RSI健康,,,,,,,,,
2026-08-04,2026-08-05,,pending,pending,29,8111,立碁,tpex,光電業,觀察偏多,63.11915332378527,65.5,0.0581583198707593,1301504977.0,MACD動能擴大、RSI健康、產業相對強,,,,,,,,,
2026-08-04,2026-08-05,,pending,pending,30,5289,宜鼎,tpex,電腦及週邊設備業,觀察偏多,62.22575882151421,1415.0,0.0216606498194946,4591879860.0,收在高檔、MACD動能擴大、RSI健康、產業相對強,,,,,,,,,
2026-08-04,2026-08-05,,pending,pending,31,2426,鼎元,twse,光電業,觀察偏多,61.91824121738465,60.8,0.0994575045207957,719991446.0,量破5日高、收在高檔、RSI健康、產業相對強、近漲停過熱扣分,,,,,,,,,
2026-08-04,2026-08-05,,pending,pending,32,2356,英業達,twse,電子工業,觀察偏多,61.52841243488727,66.0,0.0328638497652582,2266558204.0,收在高檔、MACD動能擴大、RSI健康,,,,,,,,,
2026-08-04,2026-08-05,,pending,pending,33,8069,元太,tpex,光電業,觀察偏多,61.49776350348292,197.5,0.0449735449735448,1841934966.0,收在高檔、MACD動能擴大、RSI健康、產業相對強,,,,,,,,,
2026-08-04,2026-08-05,,pending,pending,34,2383,台光電,twse,電子工業,觀察偏多,61.439322742232655,5140.0,0.0321285140562248,14831829755.0,收在高檔、MACD動能擴大、RSI健康,,,,,,,,,
2026-08-04,2026-08-05,,pending,pending,35,8039,台虹,twse,電子零組件業,觀察偏多,61.1813764812326,200.0,0.0498687664041994,6135730479.0,RSI健康、產業相對強,,,,,,,,,
2026-08-04,2026-08-05,,pending,pending,36,8271,宇瞻,twse,半導體業,觀察偏多,60.627386178968905,224.0,0.0205011389521641,1665161243.0,收在高檔、RSI健康、產業相對強,,,,,,,,,
2026-08-04,2026-08-05,,pending,pending,37,3006,晶豪科,twse,電子工業,觀察偏多,60.261482242777205,217.5,0.0984848484848484,3572347424.0,量破5日高、收在高檔、近漲停過熱扣分,,,,,,,,,
2026-08-04,2026-08-05,,pending,pending,38,2337,旺宏,twse,電子工業,觀察偏多,60.23609236834135,120.0,0.0859728506787329,13836825160.0,量破5日高、收在高檔,,,,,,,,,
2026-08-04,2026-08-05,,pending,pending,39,6274,台燿,tpex,電子零組件業,觀察偏多,60.01312207376955,1340.0,0.098360655737705,11485904060.0,收在高檔、MACD動能擴大、RSI健康、產業相對強、近漲停過熱扣分,,,,,,,,,
2026-08-04,2026-08-05,,pending,pending,40,3036,文曄,twse,電子工業,觀察偏多,59.92405976696475,212.5,0.0391198044009779,2070773087.0,收在高檔、MACD動能擴大、RSI健康,,,,,,,,,
2026-08-04,2026-08-05,,pending,pending,41,3665,貿聯-KY,twse,電子工業,觀察偏多,59.86863999464889,2300.0,0.097852028639618,8854887565.0,收在高檔、MACD動能擴大、RSI健康、近漲停過熱扣分,,,,,,,,,
2026-08-04,2026-08-05,,pending,pending,42,2441,超豐,twse,電子工業,觀察偏多,59.833290290844246,119.5,0.0814479638009049,1603059385.0,量破5日高、收在高檔,,,,,,,,,
2026-08-04,2026-08-05,,pending,pending,43,3450,聯鈞,twse,半導體業,觀察偏多,59.80702777649948,432.0,0.0562347188264058,8061245065.0,量破5日高、產業相對強,,,,,,,,,
2026-08-04,2026-08-05,,pending,pending,44,4977,眾達-KY,twse,通信網路業,觀察偏多,59.3506752957504,131.0,0.0781893004115226,417053504.0,量破5日高、收在高檔、MACD動能擴大、產業相對強,,,,,,,,,
2026-08-04,2026-08-05,,pending,pending,45,6781,AES-KY,twse,電子零組件業,觀察偏多,59.08361666813192,1010.0,0.0477178423236515,781509645.0,MACD動能擴大、RSI健康、產業相對強,,,,,,,,,
2026-08-04,2026-08-05,,pending,pending,46,2484,希華,twse,電子零組件業,觀察偏多,59.030285485897,69.9,0.0990566037735849,2071498099.0,量破5日高、收在高檔、產業相對強、近漲停過熱扣分,,,,,,,,,
2026-08-04,2026-08-05,,pending,pending,47,2332,友訊,twse,電子工業,觀察偏多,59.00007422633323,23.85,0.0743243243243243,1660083361.0,RSI健康,,,,,,,,,
2026-08-04,2026-08-05,,pending,pending,48,1476,儒鴻,twse,紡織纖維,觀察偏多,58.57536587993448,354.5,0.023088023088023,435698073.0,收在高檔、MACD動能擴大、RSI健康,,,,,,,,,
2026-08-04,2026-08-05,,pending,pending,49,3016,嘉晶,twse,半導體業,觀察偏多,58.35086262554462,94.8,0.0797266514806378,968608692.0,量破5日高、收在高檔、產業相對強,,,,,,,,,
2026-08-04,2026-08-05,,pending,pending,50,6830,汎銓,twse,電子工業,觀察偏多,58.07737975825473,403.0,0.0591327201051248,1209190554.0,MACD動能擴大、RSI健康,,,,,,,,,
2026-08-04,2026-08-05,,pending,pending,51,3260,威剛,tpex,半導體業,觀察偏多,58.0751646594812,398.5,0.0178799489144316,4141752350.0,MACD動能擴大、RSI健康、產業相對強,,,,,,,,,
2026-08-04,2026-08-05,,pending,pending,52,2492,華新科,twse,電子零組件業,中性觀察,57.93044755404468,259.5,0.0835073068893528,8513298893.0,量破5日高、收在高檔、產業相對強,,,,,,,,,
2026-08-04,2026-08-05,,pending,pending,53,2454,聯發科,twse,電子工業,中性觀察,57.35241540423835,3865.0,-0.0115089514066496,67643468265.0,量破5日高、MACD動能擴大、RSI健康、收低於VWAP扣分,,,,,,,,,
2026-08-04,2026-08-05,,pending,pending,54,6510,精測,tpex,半導體業,中性觀察,57.23224831981105,2795.0,0.0527306967984935,1844344075.0,MACD動能擴大、RSI健康、產業相對強,,,,,,,,,
2026-08-04,2026-08-05,,pending,pending,55,4979,華星光,tpex,通信網路業,中性觀察,57.200060523010166,447.5,0.0995085995085995,1458568980.0,收在高檔、MACD動能擴大、RSI健康、產業相對強、近漲停過熱扣分,,,,,,,,,
2026-08-04,2026-08-05,,pending,pending,56,2609,陽明,twse,航運業,中性觀察,57.11606425033913,51.0,0.0039370078740157,511790773.0,收在高檔、MACD動能擴大、RSI健康,,,,,,,,,
2026-08-04,2026-08-05,,pending,pending,57,3008,大立光,twse,電子工業,中性觀察,57.1112253054699,4355.0,0.0997474747474747,7952341745.0,收在高檔、MACD動能擴大、RSI健康、近漲停過熱扣分,,,,,,,,,
2026-08-04,2026-08-05,,pending,pending,58,2493,揚博,twse,電子零組件業,中性觀察,56.92292199321457,220.0,0.1,1041700982.0,量破5日高、收在高檔、產業相對強、近漲停過熱扣分,,,,,,,,,
2026-08-04,2026-08-05,,pending,pending,59,2455,全新,twse,通信網路業,中性觀察,56.50555898138632,353.0,0.0996884735202492,1816257678.0,收在高檔、MACD動能擴大、RSI健康、產業相對強、近漲停過熱扣分,,,,,,,,,
2026-08-04,2026-08-05,,pending,pending,60,2637,慧洋-KY,twse,航運業,中性觀察,56.2223566697002,83.9,0.0108433734939759,303143932.0,量破5日高、收在高檔、RSI健康,,,,,,,,,
2026-08-04,2026-08-05,,pending,pending,61,6834,天二科技,twse,電子零組件業,中性觀察,56.215575349829,93.5,0.0661345496009122,568870796.0,量破5日高、收在高檔、產業相對強,,,,,,,,,
2026-08-04,2026-08-05,,pending,pending,62,3090,日電貿,twse,電子零組件業,中性觀察,55.99697046303844,144.0,0.0472727272727273,2853540703.0,量破5日高、產業相對強,,,,,,,,,
2026-08-04,2026-08-05,,pending,pending,63,2618,長榮航,twse,航運業,中性觀察,55.83459202073556,43.8,0.0022883295194506,2156480373.0,收在高檔、MACD動能擴大、RSI健康,,,,,,,,,
2026-08-04,2026-08-05,,pending,pending,64,1519,華城,twse,電機機械,中性觀察,55.69245289482699,713.0,0.0142247510668562,1036572921.0,收在高檔、MACD動能擴大、RSI健康,,,,,,,,,
2026-08-04,2026-08-05,,pending,pending,65,8358,金居,tpex,電子零組件業,中性觀察,55.56232556811694,341.0,0.0412213740458016,8356053269.0,量破5日高、產業相對強,,,,,,,,,
2026-08-04,2026-08-05,,pending,pending,66,3533,嘉澤,twse,電子零組件業,中性觀察,55.39380038826083,2010.0,0.0024937655860348,1692562235.0,MACD動能擴大、RSI健康、產業相對強,,,,,,,,,
2026-08-04,2026-08-05,,pending,pending,67,2481,強茂,twse,半導體業,中性觀察,55.34301587301587,130.0,0.0077519379844961,4183425373.0,量破5日高、收在高檔、產業相對強,,,,,,,,,
2026-08-04,2026-08-05,,pending,pending,68,3227,原相,tpex,半導體業,中性觀察,55.29055173728669,205.5,0.0431472081218273,255383121.0,收在高檔、MACD動能擴大、RSI健康、產業相對強,,,,,,,,,
2026-08-04,2026-08-05,,pending,pending,69,2408,南亞科,twse,電子工業,中性觀察,55.28039282859426,436.0,0.0996216897856241,50637992661.0,收在高檔、RSI健康、近漲停過熱扣分,,,,,,,,,
2026-08-04,2026-08-05,,pending,pending,70,6138,茂達,tpex,半導體業,中性觀察,55.11196268494695,295.5,0.0648648648648648,359423285.0,量破5日高、收在高檔、產業相對強,,,,,,,,,
2026-08-04,2026-08-05,,pending,pending,71,8110,華東,twse,電子工業,中性觀察,54.985575887490086,43.45,0.064950980392157,705026808.0,量破5日高、收在高檔、MACD動能擴大,,,,,,,,,
2026-08-04,2026-08-05,,pending,pending,72,3706,神達,twse,電腦及週邊設備業,中性觀察,54.77843096951008,91.3,0.0201117318435752,1299917322.0,收在高檔、RSI健康、產業相對強,,,,,,,,,
2026-08-04,2026-08-05,,pending,pending,73,5388,中磊,twse,電子工業,中性觀察,54.52813457422064,89.2,0.0205949656750572,244251539.0,收在高檔、MACD動能擴大、RSI健康,,,,,,,,,
2026-08-04,2026-08-05,,pending,pending,74,2610,華航,twse,航運業,中性觀察,54.4355383893842,22.45,0.0,784705551.0,收在高檔、MACD動能擴大、RSI健康,,,,,,,,,
2026-08-04,2026-08-05,,pending,pending,75,2643,捷迅,tpex,航運業,中性觀察,54.29324249691156,62.4,0.0348258706467661,3930000.0,量破5日高、接近20日突破、收在高檔、MACD動能擴大、RSI健康、流動性不足扣分,,,,,,,,,
2026-08-04,2026-08-05,,pending,pending,76,5425,台半,tpex,半導體業,中性觀察,54.254286856229285,81.6,0.0149253731343281,1183317782.0,量破5日高、收在高檔、產業相對強,,,,,,,,,
2026-08-04,2026-08-05,,pending,pending,77,3441,聯一光,tpex,光電業,中性觀察,54.0721083891099,89.6,-0.0303030303030303,4476771248.0,MACD動能擴大、產業相對強、收低於VWAP扣分,,,,,,,,,
2026-08-04,2026-08-05,,pending,pending,78,2302,麗正,twse,半導體業,中性觀察,54.052726746398704,41.9,0.0474999999999998,217444070.0,量破5日高、產業相對強,,,,,,,,,
2026-08-04,2026-08-05,,pending,pending,79,8114,振樺電,twse,電子工業,中性觀察,53.89591605020557,224.0,0.041860465116279,376204915.0,收在高檔、MACD動能擴大、RSI健康,,,,,,,,,
2026-08-04,2026-08-05,,pending,pending,80,3504,揚明光,twse,電子工業,中性觀察,53.89515267570846,78.2,0.0385126162018594,708219216.0,MACD動能擴大、RSI健康,,,,,,,,,
2026-08-04,2026-08-05,,pending,pending,81,6442,光聖,twse,電子工業,中性觀察,53.59606600433938,1395.0,0.0984251968503937,3106648515.0,收在高檔、MACD動能擴大、RSI健康、近漲停過熱扣分,,,,,,,,,
2026-08-04,2026-08-05,,pending,pending,82,2451,創見,twse,電子工業,中性觀察,53.562773100308206,284.5,0.0124555160142347,2689157000.0,RSI健康,,,,,,,,,
2026-08-04,2026-08-05,,pending,pending,83,4939,亞電,tpex,電子零組件業,中性觀察,53.45556811693502,56.3,0.0089605734767024,906705545.0,量破5日高、RSI健康、產業相對強、長上影扣分,,,,,,,,,
2026-08-04,2026-08-05,,pending,pending,84,2478,大毅,twse,電子零組件業,中性觀察,53.42051406170716,121.5,0.0296610169491524,1255273596.0,量破5日高、產業相對強,,,,,,,,,
2026-08-04,2026-08-05,,pending,pending,85,8299,群聯,tpex,半導體業,中性觀察,53.29467054927487,1820.0,0.0340909090909091,8238364060.0,MACD動能擴大、產業相對強,,,,,,,,,
2026-08-04,2026-08-05,,pending,pending,86,4991,環宇-KY,tpex,半導體業,中性觀察,53.21161813406418,426.5,0.0992268041237114,230867896.0,收在高檔、MACD動能擴大、RSI健康、產業相對強、近漲停過熱扣分,,,,,,,,,
2026-08-04,2026-08-05,,pending,pending,87,6515,穎崴,twse,電子工業,中性觀察,53.17534057619534,6575.0,0.052,1962028675.0,收在高檔、MACD動能擴大,,,,,,,,,
2026-08-04,2026-08-05,,pending,pending,88,2347,聯強,twse,電子通路業,中性觀察,52.77939458412853,93.8,0.0229007633587785,235647341.0,MACD動能擴大、RSI健康,,,,,,,,,
2026-08-04,2026-08-05,,pending,pending,89,3293,鈊象,tpex,文化創意業,中性觀察,52.7515393399566,774.0,0.0038910505836575,1048451749.0,收在高檔、MACD動能擴大,,,,,,,,,
2026-08-04,2026-08-05,,pending,pending,90,3234,光環,tpex,通信網路業,中性觀察,52.75149470034361,113.0,0.0865384615384614,251506103.0,量破5日高、收在高檔、MACD動能擴大、RSI健康、產業相對強、流動性不足扣分,,,,,,,,,
2026-08-04,2026-08-05,,pending,pending,91,6451,訊芯-KY,twse,電子工業,中性觀察,52.67449512917139,391.0,0.0440587449933245,2015724988.0,量破5日高,,,,,,,,,
2026-08-04,2026-08-05,,pending,pending,92,3693,營邦,tpex,電腦及週邊設備業,中性觀察,52.54841154768675,498.5,0.05614406779661,294469273.0,收在高檔、MACD動能擴大、RSI健康、產業相對強,,,,,,,,,
2026-08-04,2026-08-05,,pending,pending,93,2754,亞洲藏壽司,tpex,觀光餐旅,中性觀察,52.35059111873784,71.4,0.0127659574468086,3921286.0,量破5日高、接近20日突破、MACD動能擴大、RSI健康、流動性不足扣分,,,,,,,,,
2026-08-04,2026-08-05,,pending,pending,94,6807,峰源-KY,twse,居家生活,中性觀察,52.03862320166746,35.3,0.0114613180515759,906230.0,量破5日高、接近20日突破、MACD動能擴大、流動性不足扣分,,,,,,,,,
2026-08-04,2026-08-05,,pending,pending,95,4931,新盛力,tpex,電腦及週邊設備業,中性觀察,51.89112367249058,196.0,0.0261780104712041,1050088651.0,收在高檔、產業相對強,,,,,,,,,
2026-08-04,2026-08-05,,pending,pending,96,2006,東和鋼鐵,twse,鋼鐵工業,中性觀察,51.6277072280345,82.5,0.0261194029850746,455999921.0,接近20日突破、收在高檔、MACD動能擴大,,,,,,,,,
2026-08-04,2026-08-05,,pending,pending,97,5475,德宏,tpex,電子零組件業,中性觀察,51.55266444814456,134.0,0.098360655737705,511079985.0,量破5日高、收在高檔、MACD動能擴大、產業相對強、近漲停過熱扣分,,,,,,,,,
2026-08-04,2026-08-05,,pending,pending,98,1605,華新,twse,電器電纜,中性觀察,51.1889020853052,33.75,0.0289634146341464,755211313.0,MACD動能擴大、RSI健康,,,,,,,,,
2026-08-04,2026-08-05,,pending,pending,99,4916,事欣科,twse,電腦及週邊設備業,中性觀察,51.085842969955294,101.5,0.0684210526315789,488657383.0,收在高檔、產業相對強,,,,,,,,,
2026-08-04,2026-08-05,,pending,pending,100,5351,鈺創,tpex,半導體業,中性觀察,51.01845266643828,87.8,0.0988735919899874,1208358639.0,收在高檔、產業相對強、近漲停過熱扣分,,,,,,,,,
